index	label	file_path
0	0	./AudioMNIST/data/26/0_26_46.wav
1	0	./AudioMNIST/data/29/0_29_45.wav
2	6	./AudioMNIST/data/57/6_57_5.wav
3	5	./AudioMNIST/data/07/5_07_8.wav
4	8	./AudioMNIST/data/60/8_60_1.wav
5	7	./AudioMNIST/data/59/7_59_1.wav
6	2	./AudioMNIST/data/31/2_31_39.wav
7	1	./AudioMNIST/data/37/1_37_24.wav
8	5	./AudioMNIST/data/14/5_14_10.wav
9	9	./AudioMNIST/data/05/9_05_5.wav
10	6	./AudioMNIST/data/10/6_10_30.wav
11	2	./AudioMNIST/data/24/2_24_16.wav
12	5	./AudioMNIST/data/45/5_45_8.wav
13	1	./AudioMNIST/data/35/1_35_14.wav
14	7	./AudioMNIST/data/05/7_05_28.wav
15	1	./AudioMNIST/data/33/1_33_22.wav
16	5	./AudioMNIST/data/58/5_58_23.wav
17	8	./AudioMNIST/data/55/8_55_30.wav
18	0	./AudioMNIST/data/60/0_60_45.wav
19	6	./AudioMNIST/data/22/6_22_30.wav
20	6	./AudioMNIST/data/40/6_40_23.wav
21	9	./AudioMNIST/data/34/9_34_48.wav
22	4	./AudioMNIST/data/20/4_20_41.wav
23	6	./AudioMNIST/data/16/6_16_10.wav
24	5	./AudioMNIST/data/32/5_32_12.wav
25	1	./AudioMNIST/data/43/1_43_7.wav
26	1	./AudioMNIST/data/08/1_08_10.wav
27	1	./AudioMNIST/data/31/1_31_6.wav
28	3	./AudioMNIST/data/30/3_30_29.wav
29	8	./AudioMNIST/data/19/8_19_15.wav
30	7	./AudioMNIST/data/17/7_17_16.wav
31	5	./AudioMNIST/data/13/5_13_47.wav
32	9	./AudioMNIST/data/39/9_39_14.wav
33	8	./AudioMNIST/data/22/8_22_46.wav
34	3	./AudioMNIST/data/33/3_33_1.wav
35	3	./AudioMNIST/data/39/3_39_46.wav
36	4	./AudioMNIST/data/58/4_58_41.wav
37	0	./AudioMNIST/data/12/0_12_17.wav
38	8	./AudioMNIST/data/51/8_51_13.wav
39	9	./AudioMNIST/data/50/9_50_35.wav
40	5	./AudioMNIST/data/01/5_01_38.wav
41	3	./AudioMNIST/data/21/3_21_9.wav
42	5	./AudioMNIST/data/20/5_20_35.wav
43	0	./AudioMNIST/data/15/0_15_25.wav
44	4	./AudioMNIST/data/40/4_40_18.wav
45	9	./AudioMNIST/data/47/9_47_3.wav
46	9	./AudioMNIST/data/39/9_39_32.wav
47	7	./AudioMNIST/data/20/7_20_19.wav
48	2	./AudioMNIST/data/32/2_32_35.wav
49	7	./AudioMNIST/data/48/7_48_31.wav
50	8	./AudioMNIST/data/48/8_48_29.wav
51	2	./AudioMNIST/data/10/2_10_17.wav
52	9	./AudioMNIST/data/08/9_08_10.wav
53	6	./AudioMNIST/data/03/6_03_36.wav
54	3	./AudioMNIST/data/15/3_15_15.wav
55	0	./AudioMNIST/data/34/0_34_19.wav
56	2	./AudioMNIST/data/48/2_48_21.wav
57	8	./AudioMNIST/data/47/8_47_29.wav
58	9	./AudioMNIST/data/33/9_33_39.wav
59	5	./AudioMNIST/data/40/5_40_13.wav
60	2	./AudioMNIST/data/38/2_38_6.wav
61	5	./AudioMNIST/data/41/5_41_20.wav
62	5	./AudioMNIST/data/49/5_49_5.wav
63	4	./AudioMNIST/data/42/4_42_48.wav
64	8	./AudioMNIST/data/41/8_41_23.wav
65	2	./AudioMNIST/data/51/2_51_32.wav
66	6	./AudioMNIST/data/22/6_22_15.wav
67	1	./AudioMNIST/data/55/1_55_40.wav
68	7	./AudioMNIST/data/42/7_42_48.wav
69	3	./AudioMNIST/data/06/3_06_46.wav
70	5	./AudioMNIST/data/44/5_44_1.wav
71	8	./AudioMNIST/data/33/8_33_19.wav
72	6	./AudioMNIST/data/38/6_38_16.wav
73	4	./AudioMNIST/data/21/4_21_46.wav
74	6	./AudioMNIST/data/46/6_46_46.wav
75	4	./AudioMNIST/data/19/4_19_33.wav
76	6	./AudioMNIST/data/45/6_45_12.wav
77	0	./AudioMNIST/data/26/0_26_9.wav
78	1	./AudioMNIST/data/49/1_49_46.wav
79	3	./AudioMNIST/data/17/3_17_11.wav
80	1	./AudioMNIST/data/02/1_02_8.wav
81	4	./AudioMNIST/data/17/4_17_45.wav
82	0	./AudioMNIST/data/21/0_21_12.wav
83	9	./AudioMNIST/data/58/9_58_44.wav
84	8	./AudioMNIST/data/41/8_41_39.wav
85	9	./AudioMNIST/data/15/9_15_35.wav
86	2	./AudioMNIST/data/42/2_42_47.wav
87	3	./AudioMNIST/data/53/3_53_38.wav
88	8	./AudioMNIST/data/26/8_26_1.wav
89	7	./AudioMNIST/data/56/7_56_25.wav
90	6	./AudioMNIST/data/07/6_07_35.wav
91	7	./AudioMNIST/data/48/7_48_22.wav
92	7	./AudioMNIST/data/14/7_14_21.wav
93	6	./AudioMNIST/data/23/6_23_49.wav
94	4	./AudioMNIST/data/56/4_56_20.wav
95	9	./AudioMNIST/data/09/9_09_40.wav
96	9	./AudioMNIST/data/05/9_05_37.wav
97	8	./AudioMNIST/data/43/8_43_19.wav
98	2	./AudioMNIST/data/59/2_59_46.wav
99	7	./AudioMNIST/data/43/7_43_27.wav
100	2	./AudioMNIST/data/04/2_04_4.wav
101	0	./AudioMNIST/data/42/0_42_49.wav
102	9	./AudioMNIST/data/37/9_37_13.wav
103	5	./AudioMNIST/data/16/5_16_36.wav
104	3	./AudioMNIST/data/14/3_14_26.wav
105	5	./AudioMNIST/data/47/5_47_1.wav
106	7	./AudioMNIST/data/30/7_30_6.wav
107	6	./AudioMNIST/data/59/6_59_33.wav
108	3	./AudioMNIST/data/01/3_01_11.wav
109	2	./AudioMNIST/data/57/2_57_37.wav
110	0	./AudioMNIST/data/53/0_53_48.wav
111	7	./AudioMNIST/data/43/7_43_7.wav
112	3	./AudioMNIST/data/11/3_11_37.wav
113	5	./AudioMNIST/data/15/5_15_48.wav
114	7	./AudioMNIST/data/30/7_30_43.wav
115	8	./AudioMNIST/data/44/8_44_32.wav
116	7	./AudioMNIST/data/38/7_38_13.wav
117	8	./AudioMNIST/data/44/8_44_8.wav
118	9	./AudioMNIST/data/39/9_39_44.wav
119	8	./AudioMNIST/data/59/8_59_13.wav
120	9	./AudioMNIST/data/22/9_22_13.wav
121	1	./AudioMNIST/data/33/1_33_42.wav
122	3	./AudioMNIST/data/28/3_28_45.wav
123	3	./AudioMNIST/data/04/3_04_21.wav
124	0	./AudioMNIST/data/52/0_52_21.wav
125	2	./AudioMNIST/data/27/2_27_32.wav
126	2	./AudioMNIST/data/34/2_34_4.wav
127	4	./AudioMNIST/data/57/4_57_46.wav
128	5	./AudioMNIST/data/37/5_37_42.wav
129	4	./AudioMNIST/data/25/4_25_47.wav
130	2	./AudioMNIST/data/43/2_43_14.wav
131	8	./AudioMNIST/data/51/8_51_25.wav
132	7	./AudioMNIST/data/25/7_25_23.wav
133	7	./AudioMNIST/data/52/7_52_37.wav
134	2	./AudioMNIST/data/01/2_01_37.wav
135	8	./AudioMNIST/data/54/8_54_0.wav
136	5	./AudioMNIST/data/08/5_08_20.wav
137	0	./AudioMNIST/data/33/0_33_29.wav
138	5	./AudioMNIST/data/06/5_06_0.wav
139	3	./AudioMNIST/data/47/3_47_47.wav
140	2	./AudioMNIST/data/19/2_19_28.wav
141	3	./AudioMNIST/data/39/3_39_48.wav
142	4	./AudioMNIST/data/53/4_53_7.wav
143	1	./AudioMNIST/data/20/1_20_49.wav
144	7	./AudioMNIST/data/30/7_30_4.wav
145	5	./AudioMNIST/data/15/5_15_45.wav
146	9	./AudioMNIST/data/03/9_03_29.wav
147	0	./AudioMNIST/data/40/0_40_2.wav
148	7	./AudioMNIST/data/22/7_22_40.wav
149	6	./AudioMNIST/data/24/6_24_34.wav
150	3	./AudioMNIST/data/01/3_01_40.wav
151	9	./AudioMNIST/data/54/9_54_4.wav
152	6	./AudioMNIST/data/45/6_45_39.wav
153	2	./AudioMNIST/data/57/2_57_17.wav
154	6	./AudioMNIST/data/16/6_16_43.wav
155	7	./AudioMNIST/data/43/7_43_42.wav
156	5	./AudioMNIST/data/27/5_27_19.wav
157	8	./AudioMNIST/data/24/8_24_2.wav
158	7	./AudioMNIST/data/08/7_08_28.wav
159	8	./AudioMNIST/data/33/8_33_47.wav
160	9	./AudioMNIST/data/17/9_17_46.wav
161	4	./AudioMNIST/data/17/4_17_38.wav
162	6	./AudioMNIST/data/06/6_06_28.wav
163	0	./AudioMNIST/data/15/0_15_45.wav
164	5	./AudioMNIST/data/51/5_51_7.wav
165	6	./AudioMNIST/data/31/6_31_41.wav
166	5	./AudioMNIST/data/12/5_12_41.wav
167	9	./AudioMNIST/data/52/9_52_4.wav
168	0	./AudioMNIST/data/21/0_21_30.wav
169	0	./AudioMNIST/data/11/0_11_14.wav
170	1	./AudioMNIST/data/36/1_36_24.wav
171	9	./AudioMNIST/data/47/9_47_11.wav
172	9	./AudioMNIST/data/10/9_10_5.wav
173	2	./AudioMNIST/data/50/2_50_8.wav
174	7	./AudioMNIST/data/04/7_04_8.wav
175	4	./AudioMNIST/data/54/4_54_20.wav
176	1	./AudioMNIST/data/40/1_40_45.wav
177	8	./AudioMNIST/data/57/8_57_49.wav
178	1	./AudioMNIST/data/31/1_31_28.wav
179	0	./AudioMNIST/data/48/0_48_29.wav
180	1	./AudioMNIST/data/54/1_54_42.wav
181	4	./AudioMNIST/data/38/4_38_32.wav
182	2	./AudioMNIST/data/54/2_54_33.wav
183	8	./AudioMNIST/data/04/8_04_44.wav
184	1	./AudioMNIST/data/36/1_36_34.wav
185	9	./AudioMNIST/data/17/9_17_38.wav
186	0	./AudioMNIST/data/46/0_46_16.wav
187	1	./AudioMNIST/data/40/1_40_38.wav
188	2	./AudioMNIST/data/48/2_48_48.wav
189	0	./AudioMNIST/data/49/0_49_18.wav
190	6	./AudioMNIST/data/20/6_20_23.wav
191	2	./AudioMNIST/data/10/2_10_30.wav
192	5	./AudioMNIST/data/05/5_05_20.wav
193	9	./AudioMNIST/data/06/9_06_15.wav
194	7	./AudioMNIST/data/14/7_14_31.wav
195	5	./AudioMNIST/data/22/5_22_25.wav
196	2	./AudioMNIST/data/05/2_05_48.wav
197	3	./AudioMNIST/data/53/3_53_14.wav
198	2	./AudioMNIST/data/35/2_35_41.wav
199	8	./AudioMNIST/data/04/8_04_20.wav
200	8	./AudioMNIST/data/23/8_23_47.wav
201	9	./AudioMNIST/data/32/9_32_17.wav
202	8	./AudioMNIST/data/23/8_23_26.wav
203	9	./AudioMNIST/data/15/9_15_4.wav
204	2	./AudioMNIST/data/19/2_19_7.wav
205	6	./AudioMNIST/data/44/6_44_16.wav
206	0	./AudioMNIST/data/45/0_45_14.wav
207	2	./AudioMNIST/data/35/2_35_24.wav
208	9	./AudioMNIST/data/55/9_55_7.wav
209	9	./AudioMNIST/data/10/9_10_49.wav
210	4	./AudioMNIST/data/33/4_33_38.wav
211	1	./AudioMNIST/data/21/1_21_23.wav
212	9	./AudioMNIST/data/34/9_34_14.wav
213	2	./AudioMNIST/data/59/2_59_47.wav
214	2	./AudioMNIST/data/47/2_47_34.wav
215	3	./AudioMNIST/data/28/3_28_23.wav
216	9	./AudioMNIST/data/34/9_34_35.wav
217	7	./AudioMNIST/data/41/7_41_12.wav
218	8	./AudioMNIST/data/30/8_30_39.wav
219	1	./AudioMNIST/data/34/1_34_36.wav
220	9	./AudioMNIST/data/01/9_01_15.wav
221	4	./AudioMNIST/data/02/4_02_10.wav
222	6	./AudioMNIST/data/08/6_08_49.wav
223	1	./AudioMNIST/data/56/1_56_34.wav
224	8	./AudioMNIST/data/05/8_05_15.wav
225	9	./AudioMNIST/data/35/9_35_43.wav
226	7	./AudioMNIST/data/20/7_20_15.wav
227	0	./AudioMNIST/data/48/0_48_9.wav
228	4	./AudioMNIST/data/38/4_38_43.wav
229	1	./AudioMNIST/data/59/1_59_17.wav
230	1	./AudioMNIST/data/44/1_44_35.wav
231	2	./AudioMNIST/data/36/2_36_13.wav
232	7	./AudioMNIST/data/60/7_60_14.wav
233	5	./AudioMNIST/data/25/5_25_38.wav
234	8	./AudioMNIST/data/27/8_27_8.wav
235	0	./AudioMNIST/data/21/0_21_27.wav
236	5	./AudioMNIST/data/18/5_18_26.wav
237	9	./AudioMNIST/data/60/9_60_8.wav
238	1	./AudioMNIST/data/50/1_50_41.wav
239	9	./AudioMNIST/data/03/9_03_40.wav
240	2	./AudioMNIST/data/56/2_56_13.wav
241	5	./AudioMNIST/data/10/5_10_7.wav
242	5	./AudioMNIST/data/50/5_50_9.wav
243	2	./AudioMNIST/data/31/2_31_12.wav
244	0	./AudioMNIST/data/15/0_15_36.wav
245	6	./AudioMNIST/data/56/6_56_26.wav
246	2	./AudioMNIST/data/05/2_05_12.wav
247	4	./AudioMNIST/data/29/4_29_14.wav
248	7	./AudioMNIST/data/38/7_38_36.wav
249	9	./AudioMNIST/data/52/9_52_44.wav
250	3	./AudioMNIST/data/03/3_03_10.wav
251	4	./AudioMNIST/data/28/4_28_22.wav
252	0	./AudioMNIST/data/45/0_45_37.wav
253	9	./AudioMNIST/data/34/9_34_13.wav
254	1	./AudioMNIST/data/60/1_60_42.wav
255	6	./AudioMNIST/data/38/6_38_29.wav
256	3	./AudioMNIST/data/21/3_21_4.wav
257	4	./AudioMNIST/data/46/4_46_8.wav
258	8	./AudioMNIST/data/34/8_34_41.wav
259	6	./AudioMNIST/data/38/6_38_11.wav
260	4	./AudioMNIST/data/10/4_10_16.wav
261	5	./AudioMNIST/data/03/5_03_44.wav
262	0	./AudioMNIST/data/02/0_02_46.wav
263	7	./AudioMNIST/data/34/7_34_21.wav
264	6	./AudioMNIST/data/09/6_09_24.wav
265	7	./AudioMNIST/data/46/7_46_38.wav
266	9	./AudioMNIST/data/08/9_08_17.wav
267	2	./AudioMNIST/data/14/2_14_35.wav
268	8	./AudioMNIST/data/09/8_09_46.wav
269	9	./AudioMNIST/data/45/9_45_24.wav
270	4	./AudioMNIST/data/32/4_32_17.wav
271	3	./AudioMNIST/data/24/3_24_31.wav
272	0	./AudioMNIST/data/29/0_29_8.wav
273	8	./AudioMNIST/data/44/8_44_40.wav
274	5	./AudioMNIST/data/26/5_26_26.wav
275	9	./AudioMNIST/data/20/9_20_16.wav
276	1	./AudioMNIST/data/18/1_18_1.wav
277	2	./AudioMNIST/data/58/2_58_7.wav
278	5	./AudioMNIST/data/54/5_54_32.wav
279	8	./AudioMNIST/data/10/8_10_6.wav
280	4	./AudioMNIST/data/51/4_51_5.wav
281	3	./AudioMNIST/data/02/3_02_13.wav
282	6	./AudioMNIST/data/34/6_34_35.wav
283	1	./AudioMNIST/data/27/1_27_33.wav
284	8	./AudioMNIST/data/09/8_09_24.wav
285	9	./AudioMNIST/data/56/9_56_44.wav
286	8	./AudioMNIST/data/55/8_55_35.wav
287	5	./AudioMNIST/data/09/5_09_10.wav
288	6	./AudioMNIST/data/38/6_38_27.wav
289	2	./AudioMNIST/data/13/2_13_1.wav
290	2	./AudioMNIST/data/42/2_42_20.wav
291	7	./AudioMNIST/data/14/7_14_39.wav
292	0	./AudioMNIST/data/49/0_49_0.wav
293	2	./AudioMNIST/data/33/2_33_1.wav
294	1	./AudioMNIST/data/28/1_28_14.wav
295	4	./AudioMNIST/data/18/4_18_5.wav
296	3	./AudioMNIST/data/50/3_50_14.wav
297	1	./AudioMNIST/data/03/1_03_4.wav
298	2	./AudioMNIST/data/13/2_13_47.wav
299	3	./AudioMNIST/data/14/3_14_36.wav
300	9	./AudioMNIST/data/04/9_04_47.wav
301	7	./AudioMNIST/data/53/7_53_18.wav
302	9	./AudioMNIST/data/42/9_42_46.wav
303	2	./AudioMNIST/data/43/2_43_25.wav
304	2	./AudioMNIST/data/34/2_34_2.wav
305	8	./AudioMNIST/data/37/8_37_3.wav
306	9	./AudioMNIST/data/33/9_33_25.wav
307	9	./AudioMNIST/data/47/9_47_45.wav
308	2	./AudioMNIST/data/35/2_35_25.wav
309	6	./AudioMNIST/data/33/6_33_4.wav
310	2	./AudioMNIST/data/43/2_43_3.wav
311	8	./AudioMNIST/data/16/8_16_26.wav
312	3	./AudioMNIST/data/09/3_09_16.wav
313	6	./AudioMNIST/data/34/6_34_38.wav
314	1	./AudioMNIST/data/59/1_59_38.wav
315	3	./AudioMNIST/data/29/3_29_3.wav
316	0	./AudioMNIST/data/15/0_15_15.wav
317	3	./AudioMNIST/data/48/3_48_11.wav
318	6	./AudioMNIST/data/01/6_01_31.wav
319	0	./AudioMNIST/data/33/0_33_22.wav
320	1	./AudioMNIST/data/13/1_13_14.wav
321	2	./AudioMNIST/data/22/2_22_33.wav
322	2	./AudioMNIST/data/16/2_16_14.wav
323	4	./AudioMNIST/data/47/4_47_30.wav
324	7	./AudioMNIST/data/35/7_35_9.wav
325	0	./AudioMNIST/data/49/0_49_32.wav
326	0	./AudioMNIST/data/12/0_12_14.wav
327	0	./AudioMNIST/data/29/0_29_41.wav
328	5	./AudioMNIST/data/57/5_57_35.wav
329	1	./AudioMNIST/data/52/1_52_13.wav
330	6	./AudioMNIST/data/35/6_35_23.wav
331	8	./AudioMNIST/data/14/8_14_13.wav
332	7	./AudioMNIST/data/05/7_05_47.wav
333	3	./AudioMNIST/data/60/3_60_16.wav
334	8	./AudioMNIST/data/32/8_32_20.wav
335	3	./AudioMNIST/data/55/3_55_42.wav
336	8	./AudioMNIST/data/01/8_01_25.wav
337	0	./AudioMNIST/data/32/0_32_29.wav
338	3	./AudioMNIST/data/34/3_34_20.wav
339	8	./AudioMNIST/data/07/8_07_25.wav
340	4	./AudioMNIST/data/60/4_60_11.wav
341	5	./AudioMNIST/data/59/5_59_8.wav
342	4	./AudioMNIST/data/28/4_28_28.wav
343	7	./AudioMNIST/data/56/7_56_6.wav
344	4	./AudioMNIST/data/26/4_26_46.wav
345	1	./AudioMNIST/data/28/1_28_40.wav
346	4	./AudioMNIST/data/23/4_23_40.wav
347	7	./AudioMNIST/data/13/7_13_41.wav
348	2	./AudioMNIST/data/31/2_31_32.wav
349	8	./AudioMNIST/data/38/8_38_32.wav
350	5	./AudioMNIST/data/13/5_13_26.wav
351	3	./AudioMNIST/data/21/3_21_6.wav
352	5	./AudioMNIST/data/27/5_27_6.wav
353	5	./AudioMNIST/data/26/5_26_10.wav
354	8	./AudioMNIST/data/46/8_46_4.wav
355	0	./AudioMNIST/data/09/0_09_27.wav
356	0	./AudioMNIST/data/13/0_13_22.wav
357	3	./AudioMNIST/data/23/3_23_16.wav
358	6	./AudioMNIST/data/54/6_54_20.wav
359	8	./AudioMNIST/data/47/8_47_43.wav
360	7	./AudioMNIST/data/48/7_48_20.wav
361	8	./AudioMNIST/data/38/8_38_0.wav
362	7	./AudioMNIST/data/38/7_38_12.wav
363	4	./AudioMNIST/data/45/4_45_6.wav
364	8	./AudioMNIST/data/38/8_38_44.wav
365	8	./AudioMNIST/data/27/8_27_25.wav
366	3	./AudioMNIST/data/55/3_55_40.wav
367	0	./AudioMNIST/data/24/0_24_47.wav
368	5	./AudioMNIST/data/23/5_23_48.wav
369	4	./AudioMNIST/data/59/4_59_48.wav
370	7	./AudioMNIST/data/35/7_35_27.wav
371	0	./AudioMNIST/data/47/0_47_20.wav
372	0	./AudioMNIST/data/24/0_24_10.wav
373	0	./AudioMNIST/data/36/0_36_30.wav
374	9	./AudioMNIST/data/21/9_21_21.wav
375	0	./AudioMNIST/data/37/0_37_37.wav
376	1	./AudioMNIST/data/01/1_01_27.wav
377	9	./AudioMNIST/data/39/9_39_35.wav
378	8	./AudioMNIST/data/57/8_57_10.wav
379	3	./AudioMNIST/data/28/3_28_12.wav
380	9	./AudioMNIST/data/32/9_32_33.wav
381	0	./AudioMNIST/data/39/0_39_9.wav
382	6	./AudioMNIST/data/36/6_36_39.wav
383	9	./AudioMNIST/data/22/9_22_38.wav
384	6	./AudioMNIST/data/24/6_24_18.wav
385	2	./AudioMNIST/data/19/2_19_0.wav
386	2	./AudioMNIST/data/08/2_08_22.wav
387	3	./AudioMNIST/data/47/3_47_31.wav
388	0	./AudioMNIST/data/57/0_57_31.wav
389	6	./AudioMNIST/data/58/6_58_33.wav
390	5	./AudioMNIST/data/11/5_11_13.wav
391	0	./AudioMNIST/data/47/0_47_44.wav
392	5	./AudioMNIST/data/33/5_33_2.wav
393	3	./AudioMNIST/data/34/3_34_8.wav
394	4	./AudioMNIST/data/31/4_31_27.wav
395	1	./AudioMNIST/data/37/1_37_23.wav
396	4	./AudioMNIST/data/01/4_01_7.wav
397	3	./AudioMNIST/data/33/3_33_7.wav
398	9	./AudioMNIST/data/07/9_07_23.wav
399	5	./AudioMNIST/data/42/5_42_38.wav
400	9	./AudioMNIST/data/57/9_57_12.wav
401	2	./AudioMNIST/data/18/2_18_34.wav
402	1	./AudioMNIST/data/02/1_02_14.wav
403	7	./AudioMNIST/data/22/7_22_30.wav
404	7	./AudioMNIST/data/32/7_32_1.wav
405	2	./AudioMNIST/data/16/2_16_10.wav
406	2	./AudioMNIST/data/10/2_10_42.wav
407	0	./AudioMNIST/data/45/0_45_41.wav
408	9	./AudioMNIST/data/15/9_15_10.wav
409	3	./AudioMNIST/data/52/3_52_36.wav
410	2	./AudioMNIST/data/24/2_24_0.wav
411	3	./AudioMNIST/data/52/3_52_17.wav
412	3	./AudioMNIST/data/29/3_29_39.wav
413	1	./AudioMNIST/data/10/1_10_31.wav
414	2	./AudioMNIST/data/37/2_37_7.wav
415	6	./AudioMNIST/data/02/6_02_9.wav
416	3	./AudioMNIST/data/10/3_10_8.wav
417	3	./AudioMNIST/data/12/3_12_4.wav
418	5	./AudioMNIST/data/44/5_44_44.wav
419	2	./AudioMNIST/data/27/2_27_16.wav
420	2	./AudioMNIST/data/34/2_34_3.wav
421	7	./AudioMNIST/data/18/7_18_31.wav
422	6	./AudioMNIST/data/27/6_27_44.wav
423	4	./AudioMNIST/data/60/4_60_9.wav
424	8	./AudioMNIST/data/09/8_09_26.wav
425	0	./AudioMNIST/data/27/0_27_27.wav
426	1	./AudioMNIST/data/59/1_59_22.wav
427	2	./AudioMNIST/data/46/2_46_2.wav
428	5	./AudioMNIST/data/24/5_24_7.wav
429	1	./AudioMNIST/data/19/1_19_19.wav
430	2	./AudioMNIST/data/33/2_33_43.wav
431	1	./AudioMNIST/data/16/1_16_24.wav
432	5	./AudioMNIST/data/57/5_57_29.wav
433	1	./AudioMNIST/data/13/1_13_42.wav
434	3	./AudioMNIST/data/47/3_47_12.wav
435	5	./AudioMNIST/data/29/5_29_30.wav
436	1	./AudioMNIST/data/41/1_41_7.wav
437	2	./AudioMNIST/data/23/2_23_14.wav
438	9	./AudioMNIST/data/59/9_59_32.wav
439	4	./AudioMNIST/data/56/4_56_46.wav
440	8	./AudioMNIST/data/33/8_33_44.wav
441	1	./AudioMNIST/data/43/1_43_0.wav
442	0	./AudioMNIST/data/05/0_05_40.wav
443	2	./AudioMNIST/data/18/2_18_4.wav
444	4	./AudioMNIST/data/13/4_13_27.wav
445	8	./AudioMNIST/data/19/8_19_32.wav
446	2	./AudioMNIST/data/39/2_39_27.wav
447	4	./AudioMNIST/data/21/4_21_5.wav
448	8	./AudioMNIST/data/47/8_47_23.wav
449	7	./AudioMNIST/data/09/7_09_19.wav
450	7	./AudioMNIST/data/06/7_06_48.wav
451	2	./AudioMNIST/data/46/2_46_28.wav
452	4	./AudioMNIST/data/27/4_27_48.wav
453	4	./AudioMNIST/data/16/4_16_46.wav
454	8	./AudioMNIST/data/40/8_40_6.wav
455	4	./AudioMNIST/data/43/4_43_44.wav
456	7	./AudioMNIST/data/35/7_35_5.wav
457	2	./AudioMNIST/data/58/2_58_19.wav
458	6	./AudioMNIST/data/39/6_39_47.wav
459	9	./AudioMNIST/data/16/9_16_11.wav
460	3	./AudioMNIST/data/60/3_60_45.wav
461	9	./AudioMNIST/data/39/9_39_34.wav
462	2	./AudioMNIST/data/12/2_12_30.wav
463	5	./AudioMNIST/data/07/5_07_27.wav
464	1	./AudioMNIST/data/09/1_09_42.wav
465	6	./AudioMNIST/data/16/6_16_34.wav
466	2	./AudioMNIST/data/41/2_41_13.wav
467	7	./AudioMNIST/data/57/7_57_38.wav
468	5	./AudioMNIST/data/16/5_16_33.wav
469	3	./AudioMNIST/data/21/3_21_15.wav
470	7	./AudioMNIST/data/01/7_01_37.wav
471	0	./AudioMNIST/data/28/0_28_41.wav
472	3	./AudioMNIST/data/46/3_46_18.wav
473	5	./AudioMNIST/data/19/5_19_11.wav
474	7	./AudioMNIST/data/29/7_29_13.wav
475	5	./AudioMNIST/data/50/5_50_36.wav
476	7	./AudioMNIST/data/13/7_13_1.wav
477	7	./AudioMNIST/data/28/7_28_37.wav
478	1	./AudioMNIST/data/55/1_55_47.wav
479	7	./AudioMNIST/data/12/7_12_23.wav
480	4	./AudioMNIST/data/47/4_47_34.wav
481	0	./AudioMNIST/data/42/0_42_43.wav
482	8	./AudioMNIST/data/27/8_27_4.wav
483	9	./AudioMNIST/data/08/9_08_37.wav
484	4	./AudioMNIST/data/48/4_48_17.wav
485	3	./AudioMNIST/data/33/3_33_25.wav
486	9	./AudioMNIST/data/14/9_14_38.wav
487	1	./AudioMNIST/data/34/1_34_19.wav
488	8	./AudioMNIST/data/50/8_50_25.wav
489	6	./AudioMNIST/data/26/6_26_28.wav
490	8	./AudioMNIST/data/34/8_34_20.wav
491	3	./AudioMNIST/data/18/3_18_39.wav
492	7	./AudioMNIST/data/30/7_30_0.wav
493	8	./AudioMNIST/data/01/8_01_16.wav
494	4	./AudioMNIST/data/38/4_38_23.wav
495	4	./AudioMNIST/data/47/4_47_25.wav
496	4	./AudioMNIST/data/31/4_31_15.wav
497	4	./AudioMNIST/data/24/4_24_27.wav
498	9	./AudioMNIST/data/54/9_54_7.wav
499	6	./AudioMNIST/data/55/6_55_41.wav
500	7	./AudioMNIST/data/18/7_18_19.wav
501	1	./AudioMNIST/data/28/1_28_41.wav
502	4	./AudioMNIST/data/38/4_38_1.wav
503	5	./AudioMNIST/data/43/5_43_28.wav
504	8	./AudioMNIST/data/08/8_08_47.wav
505	2	./AudioMNIST/data/20/2_20_22.wav
506	9	./AudioMNIST/data/41/9_41_14.wav
507	5	./AudioMNIST/data/17/5_17_22.wav
508	6	./AudioMNIST/data/16/6_16_25.wav
509	2	./AudioMNIST/data/09/2_09_43.wav
510	6	./AudioMNIST/data/03/6_03_31.wav
511	5	./AudioMNIST/data/53/5_53_0.wav
512	3	./AudioMNIST/data/47/3_47_16.wav
513	9	./AudioMNIST/data/29/9_29_17.wav
514	7	./AudioMNIST/data/53/7_53_10.wav
515	5	./AudioMNIST/data/09/5_09_12.wav
516	6	./AudioMNIST/data/50/6_50_3.wav
517	9	./AudioMNIST/data/34/9_34_44.wav
518	6	./AudioMNIST/data/12/6_12_13.wav
519	6	./AudioMNIST/data/45/6_45_6.wav
520	8	./AudioMNIST/data/19/8_19_9.wav
521	7	./AudioMNIST/data/27/7_27_8.wav
522	3	./AudioMNIST/data/49/3_49_25.wav
523	5	./AudioMNIST/data/11/5_11_35.wav
524	4	./AudioMNIST/data/18/4_18_19.wav
525	7	./AudioMNIST/data/09/7_09_38.wav
526	8	./AudioMNIST/data/22/8_22_16.wav
527	9	./AudioMNIST/data/60/9_60_19.wav
528	7	./AudioMNIST/data/22/7_22_4.wav
529	2	./AudioMNIST/data/59/2_59_48.wav
530	8	./AudioMNIST/data/06/8_06_40.wav
531	9	./AudioMNIST/data/02/9_02_29.wav
532	8	./AudioMNIST/data/36/8_36_29.wav
533	8	./AudioMNIST/data/26/8_26_35.wav
534	6	./AudioMNIST/data/13/6_13_44.wav
535	4	./AudioMNIST/data/25/4_25_7.wav
536	5	./AudioMNIST/data/44/5_44_48.wav
537	7	./AudioMNIST/data/44/7_44_30.wav
538	0	./AudioMNIST/data/46/0_46_49.wav
539	3	./AudioMNIST/data/14/3_14_1.wav
540	5	./AudioMNIST/data/30/5_30_39.wav
541	2	./AudioMNIST/data/53/2_53_14.wav
542	6	./AudioMNIST/data/57/6_57_6.wav
543	2	./AudioMNIST/data/48/2_48_35.wav
544	6	./AudioMNIST/data/11/6_11_9.wav
545	2	./AudioMNIST/data/30/2_30_34.wav
546	9	./AudioMNIST/data/39/9_39_10.wav
547	3	./AudioMNIST/data/30/3_30_13.wav
548	0	./AudioMNIST/data/27/0_27_31.wav
549	3	./AudioMNIST/data/60/3_60_26.wav
550	5	./AudioMNIST/data/25/5_25_26.wav
551	2	./AudioMNIST/data/37/2_37_24.wav
552	6	./AudioMNIST/data/16/6_16_5.wav
553	1	./AudioMNIST/data/07/1_07_21.wav
554	2	./AudioMNIST/data/20/2_20_44.wav
555	3	./AudioMNIST/data/56/3_56_20.wav
556	9	./AudioMNIST/data/35/9_35_5.wav
557	7	./AudioMNIST/data/02/7_02_40.wav
558	2	./AudioMNIST/data/55/2_55_31.wav
559	4	./AudioMNIST/data/06/4_06_42.wav
560	0	./AudioMNIST/data/07/0_07_32.wav
561	4	./AudioMNIST/data/05/4_05_49.wav
562	0	./AudioMNIST/data/49/0_49_40.wav
563	1	./AudioMNIST/data/31/1_31_49.wav
564	4	./AudioMNIST/data/42/4_42_3.wav
565	5	./AudioMNIST/data/47/5_47_14.wav
566	3	./AudioMNIST/data/60/3_60_42.wav
567	2	./AudioMNIST/data/23/2_23_39.wav
568	3	./AudioMNIST/data/60/3_60_8.wav
569	1	./AudioMNIST/data/54/1_54_16.wav
570	7	./AudioMNIST/data/54/7_54_19.wav
571	2	./AudioMNIST/data/21/2_21_31.wav
572	2	./AudioMNIST/data/49/2_49_15.wav
573	4	./AudioMNIST/data/49/4_49_19.wav
574	8	./AudioMNIST/data/50/8_50_15.wav
575	6	./AudioMNIST/data/15/6_15_18.wav
576	8	./AudioMNIST/data/18/8_18_7.wav
577	6	./AudioMNIST/data/43/6_43_44.wav
578	6	./AudioMNIST/data/45/6_45_24.wav
579	8	./AudioMNIST/data/16/8_16_7.wav
580	0	./AudioMNIST/data/36/0_36_15.wav
581	7	./AudioMNIST/data/39/7_39_33.wav
582	1	./AudioMNIST/data/41/1_41_29.wav
583	5	./AudioMNIST/data/54/5_54_42.wav
584	1	./AudioMNIST/data/49/1_49_6.wav
585	7	./AudioMNIST/data/42/7_42_36.wav
586	8	./AudioMNIST/data/27/8_27_49.wav
587	9	./AudioMNIST/data/24/9_24_14.wav
588	8	./AudioMNIST/data/15/8_15_20.wav
589	0	./AudioMNIST/data/46/0_46_29.wav
590	3	./AudioMNIST/data/51/3_51_21.wav
591	9	./AudioMNIST/data/30/9_30_45.wav
592	1	./AudioMNIST/data/46/1_46_45.wav
593	5	./AudioMNIST/data/42/5_42_22.wav
594	4	./AudioMNIST/data/10/4_10_25.wav
595	9	./AudioMNIST/data/06/9_06_6.wav
596	7	./AudioMNIST/data/06/7_06_12.wav
597	4	./AudioMNIST/data/45/4_45_31.wav
598	1	./AudioMNIST/data/28/1_28_48.wav
599	2	./AudioMNIST/data/09/2_09_35.wav
600	7	./AudioMNIST/data/37/7_37_14.wav
601	5	./AudioMNIST/data/41/5_41_10.wav
602	7	./AudioMNIST/data/41/7_41_29.wav
603	7	./AudioMNIST/data/32/7_32_41.wav
604	0	./AudioMNIST/data/54/0_54_36.wav
605	8	./AudioMNIST/data/37/8_37_10.wav
606	2	./AudioMNIST/data/30/2_30_39.wav
607	9	./AudioMNIST/data/10/9_10_7.wav
608	1	./AudioMNIST/data/55/1_55_35.wav
609	2	./AudioMNIST/data/28/2_28_16.wav
610	8	./AudioMNIST/data/09/8_09_40.wav
611	0	./AudioMNIST/data/25/0_25_35.wav
612	7	./AudioMNIST/data/38/7_38_46.wav
613	1	./AudioMNIST/data/09/1_09_32.wav
614	8	./AudioMNIST/data/08/8_08_9.wav
615	0	./AudioMNIST/data/19/0_19_43.wav
616	1	./AudioMNIST/data/56/1_56_48.wav
617	2	./AudioMNIST/data/44/2_44_38.wav
618	0	./AudioMNIST/data/45/0_45_13.wav
619	6	./AudioMNIST/data/51/6_51_35.wav
620	9	./AudioMNIST/data/20/9_20_27.wav
621	5	./AudioMNIST/data/29/5_29_39.wav
622	3	./AudioMNIST/data/08/3_08_21.wav
623	7	./AudioMNIST/data/41/7_41_25.wav
624	1	./AudioMNIST/data/28/1_28_44.wav
625	7	./AudioMNIST/data/52/7_52_12.wav
626	7	./AudioMNIST/data/26/7_26_28.wav
627	9	./AudioMNIST/data/28/9_28_43.wav
628	6	./AudioMNIST/data/50/6_50_4.wav
629	9	./AudioMNIST/data/12/9_12_34.wav
630	3	./AudioMNIST/data/50/3_50_25.wav
631	2	./AudioMNIST/data/09/2_09_48.wav
632	9	./AudioMNIST/data/13/9_13_44.wav
633	4	./AudioMNIST/data/03/4_03_8.wav
634	2	./AudioMNIST/data/45/2_45_32.wav
635	9	./AudioMNIST/data/02/9_02_1.wav
636	7	./AudioMNIST/data/14/7_14_25.wav
637	2	./AudioMNIST/data/48/2_48_6.wav
638	9	./AudioMNIST/data/24/9_24_49.wav
639	6	./AudioMNIST/data/34/6_34_13.wav
640	4	./AudioMNIST/data/46/4_46_4.wav
641	2	./AudioMNIST/data/31/2_31_20.wav
642	1	./AudioMNIST/data/23/1_23_9.wav
643	2	./AudioMNIST/data/10/2_10_40.wav
644	4	./AudioMNIST/data/52/4_52_23.wav
645	8	./AudioMNIST/data/10/8_10_48.wav
646	6	./AudioMNIST/data/47/6_47_41.wav
647	0	./AudioMNIST/data/17/0_17_43.wav
648	0	./AudioMNIST/data/58/0_58_46.wav
649	8	./AudioMNIST/data/08/8_08_4.wav
650	0	./AudioMNIST/data/19/0_19_40.wav
651	4	./AudioMNIST/data/42/4_42_42.wav
652	8	./AudioMNIST/data/06/8_06_36.wav
653	9	./AudioMNIST/data/24/9_24_29.wav
654	5	./AudioMNIST/data/01/5_01_26.wav
655	3	./AudioMNIST/data/24/3_24_14.wav
656	5	./AudioMNIST/data/59/5_59_28.wav
657	7	./AudioMNIST/data/28/7_28_24.wav
658	3	./AudioMNIST/data/22/3_22_39.wav
659	4	./AudioMNIST/data/11/4_11_15.wav
660	2	./AudioMNIST/data/12/2_12_39.wav
661	4	./AudioMNIST/data/55/4_55_14.wav
662	6	./AudioMNIST/data/10/6_10_1.wav
663	6	./AudioMNIST/data/36/6_36_31.wav
664	6	./AudioMNIST/data/36/6_36_46.wav
665	5	./AudioMNIST/data/41/5_41_28.wav
666	5	./AudioMNIST/data/03/5_03_46.wav
667	4	./AudioMNIST/data/05/4_05_39.wav
668	1	./AudioMNIST/data/04/1_04_0.wav
669	5	./AudioMNIST/data/59/5_59_19.wav
670	3	./AudioMNIST/data/21/3_21_49.wav
671	9	./AudioMNIST/data/28/9_28_37.wav
672	6	./AudioMNIST/data/46/6_46_16.wav
673	8	./AudioMNIST/data/45/8_45_18.wav
674	2	./AudioMNIST/data/56/2_56_46.wav
675	0	./AudioMNIST/data/31/0_31_1.wav
676	4	./AudioMNIST/data/30/4_30_49.wav
677	0	./AudioMNIST/data/40/0_40_29.wav
678	2	./AudioMNIST/data/42/2_42_3.wav
679	0	./AudioMNIST/data/55/0_55_37.wav
680	9	./AudioMNIST/data/48/9_48_21.wav
681	4	./AudioMNIST/data/49/4_49_26.wav
682	1	./AudioMNIST/data/49/1_49_15.wav
683	9	./AudioMNIST/data/53/9_53_40.wav
684	1	./AudioMNIST/data/12/1_12_6.wav
685	5	./AudioMNIST/data/52/5_52_26.wav
686	3	./AudioMNIST/data/49/3_49_5.wav
687	6	./AudioMNIST/data/33/6_33_11.wav
688	8	./AudioMNIST/data/59/8_59_6.wav
689	2	./AudioMNIST/data/12/2_12_25.wav
690	1	./AudioMNIST/data/30/1_30_18.wav
691	8	./AudioMNIST/data/01/8_01_37.wav
692	2	./AudioMNIST/data/45/2_45_20.wav
693	0	./AudioMNIST/data/41/0_41_20.wav
694	3	./AudioMNIST/data/49/3_49_41.wav
695	6	./AudioMNIST/data/28/6_28_19.wav
696	9	./AudioMNIST/data/31/9_31_24.wav
697	5	./AudioMNIST/data/32/5_32_8.wav
698	4	./AudioMNIST/data/07/4_07_6.wav
699	8	./AudioMNIST/data/58/8_58_2.wav
700	0	./AudioMNIST/data/29/0_29_34.wav
701	6	./AudioMNIST/data/34/6_34_8.wav
702	2	./AudioMNIST/data/05/2_05_28.wav
703	8	./AudioMNIST/data/18/8_18_48.wav
704	5	./AudioMNIST/data/28/5_28_44.wav
705	2	./AudioMNIST/data/35/2_35_47.wav
706	4	./AudioMNIST/data/45/4_45_30.wav
707	5	./AudioMNIST/data/24/5_24_30.wav
708	7	./AudioMNIST/data/50/7_50_9.wav
709	4	./AudioMNIST/data/27/4_27_21.wav
710	3	./AudioMNIST/data/20/3_20_11.wav
711	9	./AudioMNIST/data/24/9_24_4.wav
712	3	./AudioMNIST/data/25/3_25_24.wav
713	8	./AudioMNIST/data/24/8_24_25.wav
714	9	./AudioMNIST/data/26/9_26_1.wav
715	9	./AudioMNIST/data/13/9_13_31.wav
716	1	./AudioMNIST/data/07/1_07_29.wav
717	7	./AudioMNIST/data/15/7_15_26.wav
718	9	./AudioMNIST/data/16/9_16_26.wav
719	3	./AudioMNIST/data/54/3_54_24.wav
720	8	./AudioMNIST/data/24/8_24_47.wav
721	4	./AudioMNIST/data/54/4_54_28.wav
722	6	./AudioMNIST/data/16/6_16_29.wav
723	2	./AudioMNIST/data/55/2_55_26.wav
724	2	./AudioMNIST/data/27/2_27_20.wav
725	6	./AudioMNIST/data/45/6_45_8.wav
726	4	./AudioMNIST/data/42/4_42_25.wav
727	7	./AudioMNIST/data/06/7_06_23.wav
728	5	./AudioMNIST/data/06/5_06_19.wav
729	9	./AudioMNIST/data/52/9_52_27.wav
730	5	./AudioMNIST/data/21/5_21_19.wav
731	2	./AudioMNIST/data/14/2_14_13.wav
732	7	./AudioMNIST/data/58/7_58_41.wav
733	9	./AudioMNIST/data/25/9_25_17.wav
734	5	./AudioMNIST/data/15/5_15_46.wav
735	7	./AudioMNIST/data/26/7_26_11.wav
736	4	./AudioMNIST/data/44/4_44_36.wav
737	8	./AudioMNIST/data/24/8_24_45.wav
738	6	./AudioMNIST/data/10/6_10_24.wav
739	5	./AudioMNIST/data/01/5_01_47.wav
740	1	./AudioMNIST/data/59/1_59_31.wav
741	7	./AudioMNIST/data/11/7_11_39.wav
742	6	./AudioMNIST/data/48/6_48_11.wav
743	7	./AudioMNIST/data/21/7_21_13.wav
744	3	./AudioMNIST/data/40/3_40_40.wav
745	8	./AudioMNIST/data/41/8_41_16.wav
746	7	./AudioMNIST/data/16/7_16_18.wav
747	1	./AudioMNIST/data/54/1_54_10.wav
748	1	./AudioMNIST/data/25/1_25_19.wav
749	8	./AudioMNIST/data/44/8_44_14.wav
750	5	./AudioMNIST/data/58/5_58_24.wav
751	9	./AudioMNIST/data/10/9_10_34.wav
752	6	./AudioMNIST/data/22/6_22_7.wav
753	0	./AudioMNIST/data/39/0_39_40.wav
754	2	./AudioMNIST/data/45/2_45_47.wav
755	3	./AudioMNIST/data/34/3_34_22.wav
756	8	./AudioMNIST/data/02/8_02_5.wav
757	1	./AudioMNIST/data/46/1_46_17.wav
758	7	./AudioMNIST/data/28/7_28_0.wav
759	3	./AudioMNIST/data/58/3_58_45.wav
760	6	./AudioMNIST/data/37/6_37_5.wav
761	7	./AudioMNIST/data/07/7_07_9.wav
762	1	./AudioMNIST/data/37/1_37_33.wav
763	7	./AudioMNIST/data/13/7_13_2.wav
764	0	./AudioMNIST/data/52/0_52_6.wav
765	6	./AudioMNIST/data/41/6_41_25.wav
766	6	./AudioMNIST/data/03/6_03_7.wav
767	7	./AudioMNIST/data/41/7_41_0.wav
768	5	./AudioMNIST/data/50/5_50_22.wav
769	9	./AudioMNIST/data/42/9_42_33.wav
770	7	./AudioMNIST/data/55/7_55_39.wav
771	8	./AudioMNIST/data/18/8_18_42.wav
772	7	./AudioMNIST/data/36/7_36_22.wav
773	4	./AudioMNIST/data/25/4_25_3.wav
774	0	./AudioMNIST/data/19/0_19_37.wav
775	8	./AudioMNIST/data/57/8_57_15.wav
776	9	./AudioMNIST/data/07/9_07_40.wav
777	4	./AudioMNIST/data/51/4_51_35.wav
778	7	./AudioMNIST/data/45/7_45_28.wav
779	0	./AudioMNIST/data/07/0_07_48.wav
780	3	./AudioMNIST/data/31/3_31_25.wav
781	0	./AudioMNIST/data/02/0_02_45.wav
782	3	./AudioMNIST/data/25/3_25_17.wav
783	1	./AudioMNIST/data/34/1_34_11.wav
784	2	./AudioMNIST/data/56/2_56_34.wav
785	3	./AudioMNIST/data/42/3_42_28.wav
786	0	./AudioMNIST/data/06/0_06_35.wav
787	0	./AudioMNIST/data/22/0_22_36.wav
788	2	./AudioMNIST/data/12/2_12_24.wav
789	3	./AudioMNIST/data/27/3_27_13.wav
790	4	./AudioMNIST/data/49/4_49_15.wav
791	0	./AudioMNIST/data/25/0_25_41.wav
792	1	./AudioMNIST/data/55/1_55_30.wav
793	3	./AudioMNIST/data/50/3_50_17.wav
794	4	./AudioMNIST/data/30/4_30_25.wav
795	4	./AudioMNIST/data/56/4_56_11.wav
796	3	./AudioMNIST/data/25/3_25_2.wav
797	6	./AudioMNIST/data/03/6_03_21.wav
798	8	./AudioMNIST/data/26/8_26_34.wav
799	0	./AudioMNIST/data/29/0_29_35.wav
800	8	./AudioMNIST/data/32/8_32_15.wav
801	4	./AudioMNIST/data/36/4_36_42.wav
802	4	./AudioMNIST/data/19/4_19_7.wav
803	3	./AudioMNIST/data/06/3_06_19.wav
804	5	./AudioMNIST/data/60/5_60_3.wav
805	8	./AudioMNIST/data/09/8_09_38.wav
806	5	./AudioMNIST/data/22/5_22_33.wav
807	6	./AudioMNIST/data/23/6_23_16.wav
808	9	./AudioMNIST/data/36/9_36_13.wav
809	9	./AudioMNIST/data/39/9_39_9.wav
810	6	./AudioMNIST/data/30/6_30_12.wav
811	3	./AudioMNIST/data/42/3_42_9.wav
812	8	./AudioMNIST/data/02/8_02_29.wav
813	9	./AudioMNIST/data/60/9_60_14.wav
814	0	./AudioMNIST/data/31/0_31_49.wav
815	9	./AudioMNIST/data/45/9_45_38.wav
816	7	./AudioMNIST/data/52/7_52_21.wav
817	7	./AudioMNIST/data/48/7_48_43.wav
818	1	./AudioMNIST/data/14/1_14_41.wav
819	3	./AudioMNIST/data/50/3_50_41.wav
820	7	./AudioMNIST/data/47/7_47_22.wav
821	5	./AudioMNIST/data/58/5_58_45.wav
822	5	./AudioMNIST/data/40/5_40_4.wav
823	9	./AudioMNIST/data/59/9_59_11.wav
824	3	./AudioMNIST/data/41/3_41_14.wav
825	2	./AudioMNIST/data/02/2_02_43.wav
826	2	./AudioMNIST/data/25/2_25_19.wav
827	1	./AudioMNIST/data/02/1_02_46.wav
828	5	./AudioMNIST/data/33/5_33_33.wav
829	1	./AudioMNIST/data/37/1_37_5.wav
830	2	./AudioMNIST/data/49/2_49_32.wav
831	2	./AudioMNIST/data/12/2_12_26.wav
832	5	./AudioMNIST/data/08/5_08_29.wav
833	7	./AudioMNIST/data/12/7_12_22.wav
834	4	./AudioMNIST/data/51/4_51_16.wav
835	4	./AudioMNIST/data/12/4_12_15.wav
836	7	./AudioMNIST/data/11/7_11_6.wav
837	3	./AudioMNIST/data/01/3_01_28.wav
838	4	./AudioMNIST/data/42/4_42_32.wav
839	4	./AudioMNIST/data/02/4_02_5.wav
840	0	./AudioMNIST/data/39/0_39_15.wav
841	6	./AudioMNIST/data/13/6_13_12.wav
842	6	./AudioMNIST/data/40/6_40_39.wav
843	3	./AudioMNIST/data/19/3_19_2.wav
844	2	./AudioMNIST/data/46/2_46_34.wav
845	4	./AudioMNIST/data/01/4_01_33.wav
846	0	./AudioMNIST/data/41/0_41_15.wav
847	5	./AudioMNIST/data/09/5_09_7.wav
848	9	./AudioMNIST/data/40/9_40_44.wav
849	1	./AudioMNIST/data/03/1_03_37.wav
850	2	./AudioMNIST/data/17/2_17_15.wav
851	8	./AudioMNIST/data/26/8_26_15.wav
852	9	./AudioMNIST/data/36/9_36_31.wav
853	2	./AudioMNIST/data/24/2_24_30.wav
854	7	./AudioMNIST/data/01/7_01_45.wav
855	9	./AudioMNIST/data/07/9_07_6.wav
856	8	./AudioMNIST/data/03/8_03_28.wav
857	0	./AudioMNIST/data/12/0_12_44.wav
858	4	./AudioMNIST/data/38/4_38_13.wav
859	0	./AudioMNIST/data/14/0_14_30.wav
860	3	./AudioMNIST/data/36/3_36_16.wav
861	3	./AudioMNIST/data/02/3_02_19.wav
862	2	./AudioMNIST/data/04/2_04_41.wav
863	1	./AudioMNIST/data/60/1_60_22.wav
864	5	./AudioMNIST/data/08/5_08_19.wav
865	2	./AudioMNIST/data/12/2_12_38.wav
866	4	./AudioMNIST/data/50/4_50_46.wav
867	2	./AudioMNIST/data/16/2_16_42.wav
868	1	./AudioMNIST/data/39/1_39_43.wav
869	6	./AudioMNIST/data/36/6_36_9.wav
870	3	./AudioMNIST/data/27/3_27_6.wav
871	8	./AudioMNIST/data/58/8_58_6.wav
872	6	./AudioMNIST/data/20/6_20_20.wav
873	1	./AudioMNIST/data/32/1_32_13.wav
874	6	./AudioMNIST/data/05/6_05_45.wav
875	5	./AudioMNIST/data/49/5_49_45.wav
876	7	./AudioMNIST/data/18/7_18_25.wav
877	5	./AudioMNIST/data/50/5_50_42.wav
878	6	./AudioMNIST/data/05/6_05_38.wav
879	7	./AudioMNIST/data/48/7_48_46.wav
880	2	./AudioMNIST/data/02/2_02_46.wav
881	7	./AudioMNIST/data/31/7_31_27.wav
882	8	./AudioMNIST/data/20/8_20_49.wav
883	3	./AudioMNIST/data/12/3_12_41.wav
884	8	./AudioMNIST/data/50/8_50_41.wav
885	7	./AudioMNIST/data/13/7_13_34.wav
886	0	./AudioMNIST/data/28/0_28_16.wav
887	9	./AudioMNIST/data/07/9_07_2.wav
888	9	./AudioMNIST/data/14/9_14_47.wav
889	3	./AudioMNIST/data/05/3_05_47.wav
890	2	./AudioMNIST/data/15/2_15_33.wav
891	6	./AudioMNIST/data/25/6_25_16.wav
892	5	./AudioMNIST/data/04/5_04_48.wav
893	3	./AudioMNIST/data/19/3_19_29.wav
894	6	./AudioMNIST/data/52/6_52_37.wav
895	7	./AudioMNIST/data/52/7_52_39.wav
896	5	./AudioMNIST/data/37/5_37_9.wav
897	7	./AudioMNIST/data/18/7_18_26.wav
898	3	./AudioMNIST/data/13/3_13_16.wav
899	6	./AudioMNIST/data/31/6_31_24.wav
900	6	./AudioMNIST/data/44/6_44_10.wav
901	4	./AudioMNIST/data/28/4_28_6.wav
902	8	./AudioMNIST/data/55/8_55_33.wav
903	8	./AudioMNIST/data/52/8_52_37.wav
904	8	./AudioMNIST/data/44/8_44_22.wav
905	4	./AudioMNIST/data/48/4_48_12.wav
906	1	./AudioMNIST/data/02/1_02_18.wav
907	6	./AudioMNIST/data/19/6_19_32.wav
908	3	./AudioMNIST/data/05/3_05_32.wav
909	3	./AudioMNIST/data/14/3_14_19.wav
910	5	./AudioMNIST/data/51/5_51_47.wav
911	5	./AudioMNIST/data/55/5_55_14.wav
912	7	./AudioMNIST/data/24/7_24_49.wav
913	1	./AudioMNIST/data/55/1_55_4.wav
914	0	./AudioMNIST/data/15/0_15_31.wav
915	3	./AudioMNIST/data/44/3_44_18.wav
916	4	./AudioMNIST/data/40/4_40_0.wav
917	2	./AudioMNIST/data/02/2_02_40.wav
918	9	./AudioMNIST/data/37/9_37_6.wav
919	5	./AudioMNIST/data/15/5_15_15.wav
920	8	./AudioMNIST/data/31/8_31_36.wav
921	0	./AudioMNIST/data/03/0_03_22.wav
922	1	./AudioMNIST/data/45/1_45_45.wav
923	7	./AudioMNIST/data/14/7_14_44.wav
924	8	./AudioMNIST/data/31/8_31_8.wav
925	6	./AudioMNIST/data/10/6_10_47.wav
926	0	./AudioMNIST/data/14/0_14_27.wav
927	1	./AudioMNIST/data/38/1_38_41.wav
928	5	./AudioMNIST/data/20/5_20_29.wav
929	0	./AudioMNIST/data/51/0_51_42.wav
930	5	./AudioMNIST/data/33/5_33_35.wav
931	7	./AudioMNIST/data/29/7_29_40.wav
932	3	./AudioMNIST/data/53/3_53_26.wav
933	0	./AudioMNIST/data/24/0_24_8.wav
934	0	./AudioMNIST/data/24/0_24_37.wav
935	0	./AudioMNIST/data/59/0_59_17.wav
936	5	./AudioMNIST/data/53/5_53_26.wav
937	0	./AudioMNIST/data/33/0_33_6.wav
938	6	./AudioMNIST/data/30/6_30_42.wav
939	9	./AudioMNIST/data/29/9_29_13.wav
940	6	./AudioMNIST/data/34/6_34_27.wav
941	5	./AudioMNIST/data/48/5_48_7.wav
942	0	./AudioMNIST/data/18/0_18_1.wav
943	2	./AudioMNIST/data/39/2_39_15.wav
944	4	./AudioMNIST/data/21/4_21_35.wav
945	3	./AudioMNIST/data/17/3_17_7.wav
946	4	./AudioMNIST/data/28/4_28_36.wav
947	1	./AudioMNIST/data/28/1_28_36.wav
948	7	./AudioMNIST/data/43/7_43_19.wav
949	0	./AudioMNIST/data/50/0_50_28.wav
950	7	./AudioMNIST/data/34/7_34_46.wav
951	1	./AudioMNIST/data/33/1_33_35.wav
952	1	./AudioMNIST/data/01/1_01_7.wav
953	5	./AudioMNIST/data/31/5_31_25.wav
954	3	./AudioMNIST/data/21/3_21_11.wav
955	3	./AudioMNIST/data/56/3_56_38.wav
956	8	./AudioMNIST/data/50/8_50_49.wav
957	4	./AudioMNIST/data/25/4_25_11.wav
958	0	./AudioMNIST/data/59/0_59_1.wav
959	4	./AudioMNIST/data/59/4_59_23.wav
960	6	./AudioMNIST/data/31/6_31_22.wav
961	3	./AudioMNIST/data/16/3_16_16.wav
962	3	./AudioMNIST/data/58/3_58_47.wav
963	0	./AudioMNIST/data/04/0_04_15.wav
964	7	./AudioMNIST/data/10/7_10_37.wav
965	7	./AudioMNIST/data/06/7_06_24.wav
966	5	./AudioMNIST/data/43/5_43_13.wav
967	3	./AudioMNIST/data/29/3_29_15.wav
968	2	./AudioMNIST/data/16/2_16_1.wav
969	8	./AudioMNIST/data/35/8_35_11.wav
970	4	./AudioMNIST/data/36/4_36_7.wav
971	5	./AudioMNIST/data/28/5_28_25.wav
972	7	./AudioMNIST/data/57/7_57_48.wav
973	1	./AudioMNIST/data/20/1_20_30.wav
974	0	./AudioMNIST/data/24/0_24_28.wav
975	8	./AudioMNIST/data/52/8_52_43.wav
976	8	./AudioMNIST/data/16/8_16_17.wav
977	5	./AudioMNIST/data/38/5_38_0.wav
978	2	./AudioMNIST/data/29/2_29_2.wav
979	0	./AudioMNIST/data/25/0_25_11.wav
980	8	./AudioMNIST/data/28/8_28_8.wav
981	8	./AudioMNIST/data/12/8_12_3.wav
982	2	./AudioMNIST/data/55/2_55_34.wav
983	0	./AudioMNIST/data/53/0_53_3.wav
984	1	./AudioMNIST/data/56/1_56_26.wav
985	7	./AudioMNIST/data/42/7_42_20.wav
986	9	./AudioMNIST/data/48/9_48_42.wav
987	4	./AudioMNIST/data/09/4_09_18.wav
988	7	./AudioMNIST/data/44/7_44_20.wav
989	1	./AudioMNIST/data/27/1_27_42.wav
990	8	./AudioMNIST/data/12/8_12_32.wav
991	0	./AudioMNIST/data/03/0_03_44.wav
992	7	./AudioMNIST/data/55/7_55_35.wav
993	8	./AudioMNIST/data/48/8_48_31.wav
994	3	./AudioMNIST/data/01/3_01_15.wav
995	0	./AudioMNIST/data/18/0_18_5.wav
996	7	./AudioMNIST/data/36/7_36_42.wav
997	5	./AudioMNIST/data/19/5_19_36.wav
998	5	./AudioMNIST/data/28/5_28_3.wav
999	6	./AudioMNIST/data/24/6_24_4.wav
1000	4	./AudioMNIST/data/40/4_40_4.wav
1001	0	./AudioMNIST/data/57/0_57_36.wav
1002	5	./AudioMNIST/data/02/5_02_46.wav
1003	9	./AudioMNIST/data/60/9_60_34.wav
1004	5	./AudioMNIST/data/26/5_26_0.wav
1005	5	./AudioMNIST/data/30/5_30_2.wav
1006	3	./AudioMNIST/data/26/3_26_48.wav
1007	0	./AudioMNIST/data/47/0_47_24.wav
1008	6	./AudioMNIST/data/60/6_60_35.wav
1009	7	./AudioMNIST/data/05/7_05_39.wav
1010	6	./AudioMNIST/data/38/6_38_7.wav
1011	1	./AudioMNIST/data/59/1_59_37.wav
1012	9	./AudioMNIST/data/19/9_19_21.wav
1013	0	./AudioMNIST/data/30/0_30_28.wav
1014	5	./AudioMNIST/data/39/5_39_31.wav
1015	3	./AudioMNIST/data/55/3_55_16.wav
1016	6	./AudioMNIST/data/03/6_03_25.wav
1017	9	./AudioMNIST/data/59/9_59_19.wav
1018	0	./AudioMNIST/data/58/0_58_34.wav
1019	3	./AudioMNIST/data/15/3_15_25.wav
1020	4	./AudioMNIST/data/60/4_60_37.wav
1021	6	./AudioMNIST/data/45/6_45_42.wav
1022	9	./AudioMNIST/data/32/9_32_29.wav
1023	3	./AudioMNIST/data/40/3_40_34.wav
1024	5	./AudioMNIST/data/58/5_58_9.wav
1025	2	./AudioMNIST/data/46/2_46_7.wav
1026	4	./AudioMNIST/data/29/4_29_48.wav
1027	8	./AudioMNIST/data/03/8_03_20.wav
1028	3	./AudioMNIST/data/39/3_39_28.wav
1029	9	./AudioMNIST/data/50/9_50_30.wav
1030	2	./AudioMNIST/data/56/2_56_4.wav
1031	1	./AudioMNIST/data/46/1_46_14.wav
1032	1	./AudioMNIST/data/49/1_49_35.wav
1033	8	./AudioMNIST/data/47/8_47_49.wav
1034	5	./AudioMNIST/data/37/5_37_16.wav
1035	9	./AudioMNIST/data/30/9_30_26.wav
1036	9	./AudioMNIST/data/05/9_05_23.wav
1037	7	./AudioMNIST/data/20/7_20_27.wav
1038	3	./AudioMNIST/data/10/3_10_43.wav
1039	8	./AudioMNIST/data/21/8_21_11.wav
1040	8	./AudioMNIST/data/34/8_34_31.wav
1041	4	./AudioMNIST/data/18/4_18_15.wav
1042	0	./AudioMNIST/data/09/0_09_12.wav
1043	9	./AudioMNIST/data/16/9_16_25.wav
1044	7	./AudioMNIST/data/14/7_14_6.wav
1045	0	./AudioMNIST/data/56/0_56_16.wav
1046	1	./AudioMNIST/data/10/1_10_2.wav
1047	6	./AudioMNIST/data/03/6_03_19.wav
1048	7	./AudioMNIST/data/35/7_35_39.wav
1049	8	./AudioMNIST/data/03/8_03_29.wav
1050	0	./AudioMNIST/data/31/0_31_38.wav
1051	8	./AudioMNIST/data/30/8_30_4.wav
1052	3	./AudioMNIST/data/34/3_34_1.wav
1053	8	./AudioMNIST/data/28/8_28_19.wav
1054	5	./AudioMNIST/data/37/5_37_26.wav
1055	1	./AudioMNIST/data/55/1_55_12.wav
1056	6	./AudioMNIST/data/31/6_31_12.wav
1057	6	./AudioMNIST/data/15/6_15_31.wav
1058	5	./AudioMNIST/data/03/5_03_17.wav
1059	4	./AudioMNIST/data/58/4_58_6.wav
1060	0	./AudioMNIST/data/39/0_39_30.wav
1061	9	./AudioMNIST/data/17/9_17_4.wav
1062	2	./AudioMNIST/data/11/2_11_0.wav
1063	2	./AudioMNIST/data/13/2_13_10.wav
1064	1	./AudioMNIST/data/09/1_09_22.wav
1065	8	./AudioMNIST/data/01/8_01_19.wav
1066	9	./AudioMNIST/data/60/9_60_49.wav
1067	4	./AudioMNIST/data/54/4_54_27.wav
1068	1	./AudioMNIST/data/49/1_49_10.wav
1069	4	./AudioMNIST/data/38/4_38_36.wav
1070	6	./AudioMNIST/data/49/6_49_9.wav
1071	2	./AudioMNIST/data/52/2_52_7.wav
1072	3	./AudioMNIST/data/35/3_35_20.wav
1073	5	./AudioMNIST/data/55/5_55_45.wav
1074	7	./AudioMNIST/data/30/7_30_25.wav
1075	1	./AudioMNIST/data/30/1_30_6.wav
1076	7	./AudioMNIST/data/46/7_46_18.wav
1077	5	./AudioMNIST/data/34/5_34_5.wav
1078	5	./AudioMNIST/data/09/5_09_36.wav
1079	8	./AudioMNIST/data/04/8_04_38.wav
1080	9	./AudioMNIST/data/13/9_13_14.wav
1081	7	./AudioMNIST/data/15/7_15_40.wav
1082	4	./AudioMNIST/data/52/4_52_48.wav
1083	7	./AudioMNIST/data/41/7_41_49.wav
1084	4	./AudioMNIST/data/18/4_18_2.wav
1085	5	./AudioMNIST/data/51/5_51_0.wav
1086	7	./AudioMNIST/data/03/7_03_13.wav
1087	7	./AudioMNIST/data/13/7_13_44.wav
1088	3	./AudioMNIST/data/54/3_54_9.wav
1089	7	./AudioMNIST/data/14/7_14_1.wav
1090	3	./AudioMNIST/data/59/3_59_18.wav
1091	5	./AudioMNIST/data/17/5_17_27.wav
1092	7	./AudioMNIST/data/20/7_20_7.wav
1093	9	./AudioMNIST/data/08/9_08_3.wav
1094	9	./AudioMNIST/data/60/9_60_5.wav
1095	3	./AudioMNIST/data/30/3_30_49.wav
1096	2	./AudioMNIST/data/33/2_33_16.wav
1097	2	./AudioMNIST/data/23/2_23_25.wav
1098	2	./AudioMNIST/data/01/2_01_35.wav
1099	6	./AudioMNIST/data/51/6_51_12.wav
1100	5	./AudioMNIST/data/40/5_40_39.wav
1101	1	./AudioMNIST/data/15/1_15_33.wav
1102	9	./AudioMNIST/data/09/9_09_41.wav
1103	2	./AudioMNIST/data/14/2_14_43.wav
1104	8	./AudioMNIST/data/44/8_44_34.wav
1105	8	./AudioMNIST/data/27/8_27_26.wav
1106	2	./AudioMNIST/data/53/2_53_5.wav
1107	5	./AudioMNIST/data/58/5_58_20.wav
1108	0	./AudioMNIST/data/41/0_41_9.wav
1109	0	./AudioMNIST/data/52/0_52_42.wav
1110	9	./AudioMNIST/data/18/9_18_42.wav
1111	6	./AudioMNIST/data/20/6_20_48.wav
1112	1	./AudioMNIST/data/60/1_60_41.wav
1113	5	./AudioMNIST/data/14/5_14_23.wav
1114	4	./AudioMNIST/data/08/4_08_28.wav
1115	9	./AudioMNIST/data/13/9_13_30.wav
1116	7	./AudioMNIST/data/58/7_58_27.wav
1117	8	./AudioMNIST/data/18/8_18_15.wav
1118	6	./AudioMNIST/data/33/6_33_29.wav
1119	1	./AudioMNIST/data/22/1_22_45.wav
1120	7	./AudioMNIST/data/60/7_60_38.wav
1121	4	./AudioMNIST/data/23/4_23_17.wav
1122	2	./AudioMNIST/data/13/2_13_17.wav
1123	6	./AudioMNIST/data/19/6_19_19.wav
1124	7	./AudioMNIST/data/58/7_58_31.wav
1125	4	./AudioMNIST/data/12/4_12_47.wav
1126	8	./AudioMNIST/data/12/8_12_49.wav
1127	5	./AudioMNIST/data/30/5_30_7.wav
1128	5	./AudioMNIST/data/22/5_22_13.wav
1129	9	./AudioMNIST/data/24/9_24_31.wav
1130	4	./AudioMNIST/data/27/4_27_35.wav
1131	0	./AudioMNIST/data/46/0_46_21.wav
1132	2	./AudioMNIST/data/21/2_21_45.wav
1133	1	./AudioMNIST/data/06/1_06_48.wav
1134	0	./AudioMNIST/data/35/0_35_12.wav
1135	4	./AudioMNIST/data/56/4_56_29.wav
1136	4	./AudioMNIST/data/32/4_32_25.wav
1137	8	./AudioMNIST/data/12/8_12_38.wav
1138	3	./AudioMNIST/data/09/3_09_49.wav
1139	5	./AudioMNIST/data/04/5_04_17.wav
1140	0	./AudioMNIST/data/03/0_03_46.wav
1141	9	./AudioMNIST/data/31/9_31_46.wav
1142	7	./AudioMNIST/data/30/7_30_44.wav
1143	9	./AudioMNIST/data/13/9_13_46.wav
1144	1	./AudioMNIST/data/04/1_04_3.wav
1145	1	./AudioMNIST/data/30/1_30_13.wav
1146	9	./AudioMNIST/data/07/9_07_34.wav
1147	9	./AudioMNIST/data/55/9_55_11.wav
1148	3	./AudioMNIST/data/32/3_32_20.wav
1149	5	./AudioMNIST/data/44/5_44_23.wav
1150	0	./AudioMNIST/data/44/0_44_42.wav
1151	8	./AudioMNIST/data/06/8_06_46.wav
1152	4	./AudioMNIST/data/45/4_45_47.wav
1153	2	./AudioMNIST/data/28/2_28_32.wav
1154	5	./AudioMNIST/data/03/5_03_31.wav
1155	7	./AudioMNIST/data/06/7_06_10.wav
1156	1	./AudioMNIST/data/58/1_58_37.wav
1157	6	./AudioMNIST/data/27/6_27_43.wav
1158	3	./AudioMNIST/data/45/3_45_4.wav
1159	6	./AudioMNIST/data/10/6_10_18.wav
1160	4	./AudioMNIST/data/38/4_38_5.wav
1161	5	./AudioMNIST/data/57/5_57_11.wav
1162	6	./AudioMNIST/data/38/6_38_18.wav
1163	2	./AudioMNIST/data/37/2_37_43.wav
1164	9	./AudioMNIST/data/22/9_22_44.wav
1165	9	./AudioMNIST/data/15/9_15_18.wav
1166	5	./AudioMNIST/data/07/5_07_40.wav
1167	3	./AudioMNIST/data/08/3_08_29.wav
1168	4	./AudioMNIST/data/55/4_55_38.wav
1169	3	./AudioMNIST/data/15/3_15_33.wav
1170	2	./AudioMNIST/data/32/2_32_34.wav
1171	4	./AudioMNIST/data/40/4_40_41.wav
1172	5	./AudioMNIST/data/26/5_26_49.wav
1173	0	./AudioMNIST/data/07/0_07_49.wav
1174	9	./AudioMNIST/data/52/9_52_39.wav
1175	3	./AudioMNIST/data/59/3_59_29.wav
1176	5	./AudioMNIST/data/27/5_27_2.wav
1177	3	./AudioMNIST/data/14/3_14_45.wav
1178	8	./AudioMNIST/data/30/8_30_2.wav
1179	3	./AudioMNIST/data/01/3_01_41.wav
1180	8	./AudioMNIST/data/53/8_53_49.wav
1181	3	./AudioMNIST/data/11/3_11_18.wav
1182	3	./AudioMNIST/data/50/3_50_8.wav
1183	8	./AudioMNIST/data/42/8_42_49.wav
1184	8	./AudioMNIST/data/51/8_51_34.wav
1185	9	./AudioMNIST/data/09/9_09_32.wav
1186	7	./AudioMNIST/data/38/7_38_49.wav
1187	4	./AudioMNIST/data/45/4_45_49.wav
1188	6	./AudioMNIST/data/20/6_20_10.wav
1189	9	./AudioMNIST/data/38/9_38_11.wav
1190	3	./AudioMNIST/data/11/3_11_31.wav
1191	4	./AudioMNIST/data/52/4_52_28.wav
1192	6	./AudioMNIST/data/29/6_29_13.wav
1193	3	./AudioMNIST/data/40/3_40_18.wav
1194	5	./AudioMNIST/data/16/5_16_49.wav
1195	9	./AudioMNIST/data/01/9_01_24.wav
1196	9	./AudioMNIST/data/60/9_60_26.wav
1197	6	./AudioMNIST/data/17/6_17_40.wav
1198	8	./AudioMNIST/data/57/8_57_16.wav
1199	5	./AudioMNIST/data/55/5_55_17.wav
1200	8	./AudioMNIST/data/05/8_05_19.wav
1201	3	./AudioMNIST/data/11/3_11_46.wav
1202	0	./AudioMNIST/data/43/0_43_34.wav
1203	1	./AudioMNIST/data/19/1_19_23.wav
1204	8	./AudioMNIST/data/03/8_03_16.wav
1205	8	./AudioMNIST/data/51/8_51_23.wav
1206	1	./AudioMNIST/data/46/1_46_0.wav
1207	7	./AudioMNIST/data/22/7_22_44.wav
1208	2	./AudioMNIST/data/37/2_37_45.wav
1209	1	./AudioMNIST/data/25/1_25_34.wav
1210	3	./AudioMNIST/data/43/3_43_22.wav
1211	8	./AudioMNIST/data/46/8_46_38.wav
1212	6	./AudioMNIST/data/48/6_48_3.wav
1213	3	./AudioMNIST/data/09/3_09_39.wav
1214	3	./AudioMNIST/data/03/3_03_23.wav
1215	2	./AudioMNIST/data/29/2_29_34.wav
1216	1	./AudioMNIST/data/47/1_47_26.wav
1217	9	./AudioMNIST/data/10/9_10_2.wav
1218	6	./AudioMNIST/data/59/6_59_27.wav
1219	4	./AudioMNIST/data/42/4_42_38.wav
1220	1	./AudioMNIST/data/35/1_35_24.wav
1221	0	./AudioMNIST/data/02/0_02_2.wav
1222	0	./AudioMNIST/data/20/0_20_33.wav
1223	9	./AudioMNIST/data/55/9_55_21.wav
1224	0	./AudioMNIST/data/24/0_24_7.wav
1225	6	./AudioMNIST/data/51/6_51_43.wav
1226	0	./AudioMNIST/data/53/0_53_28.wav
1227	7	./AudioMNIST/data/16/7_16_43.wav
1228	0	./AudioMNIST/data/35/0_35_30.wav
1229	2	./AudioMNIST/data/28/2_28_48.wav
1230	2	./AudioMNIST/data/05/2_05_2.wav
1231	6	./AudioMNIST/data/03/6_03_23.wav
1232	0	./AudioMNIST/data/35/0_35_39.wav
1233	8	./AudioMNIST/data/46/8_46_35.wav
1234	9	./AudioMNIST/data/40/9_40_36.wav
1235	7	./AudioMNIST/data/57/7_57_44.wav
1236	0	./AudioMNIST/data/16/0_16_47.wav
1237	7	./AudioMNIST/data/12/7_12_44.wav
1238	6	./AudioMNIST/data/52/6_52_19.wav
1239	2	./AudioMNIST/data/51/2_51_12.wav
1240	1	./AudioMNIST/data/21/1_21_16.wav
1241	3	./AudioMNIST/data/34/3_34_21.wav
1242	6	./AudioMNIST/data/14/6_14_32.wav
1243	6	./AudioMNIST/data/42/6_42_37.wav
1244	9	./AudioMNIST/data/03/9_03_47.wav
1245	0	./AudioMNIST/data/14/0_14_31.wav
1246	0	./AudioMNIST/data/33/0_33_2.wav
1247	3	./AudioMNIST/data/51/3_51_17.wav
1248	2	./AudioMNIST/data/28/2_28_14.wav
1249	2	./AudioMNIST/data/40/2_40_0.wav
1250	9	./AudioMNIST/data/48/9_48_20.wav
1251	9	./AudioMNIST/data/41/9_41_32.wav
1252	7	./AudioMNIST/data/47/7_47_3.wav
1253	3	./AudioMNIST/data/35/3_35_7.wav
1254	4	./AudioMNIST/data/53/4_53_17.wav
1255	6	./AudioMNIST/data/22/6_22_28.wav
1256	3	./AudioMNIST/data/53/3_53_12.wav
1257	9	./AudioMNIST/data/53/9_53_31.wav
1258	0	./AudioMNIST/data/27/0_27_9.wav
1259	3	./AudioMNIST/data/09/3_09_5.wav
1260	2	./AudioMNIST/data/55/2_55_20.wav
1261	4	./AudioMNIST/data/09/4_09_15.wav
1262	0	./AudioMNIST/data/34/0_34_5.wav
1263	5	./AudioMNIST/data/42/5_42_40.wav
1264	4	./AudioMNIST/data/33/4_33_3.wav
1265	5	./AudioMNIST/data/58/5_58_35.wav
1266	2	./AudioMNIST/data/22/2_22_14.wav
1267	9	./AudioMNIST/data/31/9_31_27.wav
1268	3	./AudioMNIST/data/50/3_50_4.wav
1269	5	./AudioMNIST/data/07/5_07_2.wav
1270	0	./AudioMNIST/data/20/0_20_2.wav
1271	9	./AudioMNIST/data/11/9_11_11.wav
1272	7	./AudioMNIST/data/07/7_07_4.wav
1273	5	./AudioMNIST/data/56/5_56_7.wav
1274	5	./AudioMNIST/data/23/5_23_40.wav
1275	0	./AudioMNIST/data/08/0_08_42.wav
1276	5	./AudioMNIST/data/02/5_02_48.wav
1277	5	./AudioMNIST/data/24/5_24_17.wav
1278	1	./AudioMNIST/data/42/1_42_49.wav
1279	5	./AudioMNIST/data/31/5_31_29.wav
1280	9	./AudioMNIST/data/48/9_48_43.wav
1281	5	./AudioMNIST/data/23/5_23_21.wav
1282	9	./AudioMNIST/data/01/9_01_22.wav
1283	0	./AudioMNIST/data/34/0_34_31.wav
1284	6	./AudioMNIST/data/27/6_27_46.wav
1285	3	./AudioMNIST/data/57/3_57_35.wav
1286	8	./AudioMNIST/data/52/8_52_40.wav
1287	6	./AudioMNIST/data/58/6_58_10.wav
1288	3	./AudioMNIST/data/53/3_53_40.wav
1289	6	./AudioMNIST/data/50/6_50_9.wav
1290	3	./AudioMNIST/data/46/3_46_25.wav
1291	8	./AudioMNIST/data/20/8_20_17.wav
1292	6	./AudioMNIST/data/46/6_46_48.wav
1293	1	./AudioMNIST/data/14/1_14_16.wav
1294	5	./AudioMNIST/data/29/5_29_24.wav
1295	7	./AudioMNIST/data/60/7_60_7.wav
1296	6	./AudioMNIST/data/43/6_43_39.wav
1297	8	./AudioMNIST/data/52/8_52_25.wav
1298	8	./AudioMNIST/data/41/8_41_24.wav
1299	2	./AudioMNIST/data/16/2_16_43.wav
1300	6	./AudioMNIST/data/10/6_10_15.wav
1301	4	./AudioMNIST/data/53/4_53_16.wav
1302	8	./AudioMNIST/data/51/8_51_47.wav
1303	9	./AudioMNIST/data/08/9_08_27.wav
1304	0	./AudioMNIST/data/48/0_48_15.wav
1305	9	./AudioMNIST/data/08/9_08_14.wav
1306	6	./AudioMNIST/data/39/6_39_40.wav
1307	9	./AudioMNIST/data/08/9_08_8.wav
1308	0	./AudioMNIST/data/19/0_19_4.wav
1309	8	./AudioMNIST/data/09/8_09_32.wav
1310	9	./AudioMNIST/data/60/9_60_23.wav
1311	0	./AudioMNIST/data/51/0_51_19.wav
1312	3	./AudioMNIST/data/45/3_45_19.wav
1313	4	./AudioMNIST/data/43/4_43_28.wav
1314	7	./AudioMNIST/data/18/7_18_22.wav
1315	2	./AudioMNIST/data/39/2_39_49.wav
1316	8	./AudioMNIST/data/17/8_17_39.wav
1317	9	./AudioMNIST/data/54/9_54_40.wav
1318	9	./AudioMNIST/data/05/9_05_3.wav
1319	7	./AudioMNIST/data/54/7_54_40.wav
1320	5	./AudioMNIST/data/53/5_53_45.wav
1321	7	./AudioMNIST/data/13/7_13_5.wav
1322	4	./AudioMNIST/data/36/4_36_48.wav
1323	6	./AudioMNIST/data/44/6_44_41.wav
1324	7	./AudioMNIST/data/03/7_03_38.wav
1325	1	./AudioMNIST/data/60/1_60_4.wav
1326	5	./AudioMNIST/data/58/5_58_30.wav
1327	9	./AudioMNIST/data/53/9_53_42.wav
1328	4	./AudioMNIST/data/34/4_34_38.wav
1329	8	./AudioMNIST/data/14/8_14_47.wav
1330	0	./AudioMNIST/data/47/0_47_28.wav
1331	1	./AudioMNIST/data/22/1_22_36.wav
1332	5	./AudioMNIST/data/46/5_46_45.wav
1333	7	./AudioMNIST/data/25/7_25_31.wav
1334	9	./AudioMNIST/data/55/9_55_10.wav
1335	1	./AudioMNIST/data/35/1_35_5.wav
1336	6	./AudioMNIST/data/16/6_16_27.wav
1337	9	./AudioMNIST/data/44/9_44_11.wav
1338	0	./AudioMNIST/data/31/0_31_24.wav
1339	9	./AudioMNIST/data/60/9_60_30.wav
1340	9	./AudioMNIST/data/50/9_50_23.wav
1341	9	./AudioMNIST/data/19/9_19_42.wav
1342	9	./AudioMNIST/data/37/9_37_46.wav
1343	1	./AudioMNIST/data/18/1_18_5.wav
1344	1	./AudioMNIST/data/42/1_42_16.wav
1345	9	./AudioMNIST/data/05/9_05_27.wav
1346	3	./AudioMNIST/data/08/3_08_42.wav
1347	8	./AudioMNIST/data/49/8_49_26.wav
1348	9	./AudioMNIST/data/38/9_38_31.wav
1349	4	./AudioMNIST/data/42/4_42_40.wav
1350	2	./AudioMNIST/data/24/2_24_11.wav
1351	6	./AudioMNIST/data/45/6_45_15.wav
1352	2	./AudioMNIST/data/34/2_34_43.wav
1353	5	./AudioMNIST/data/02/5_02_22.wav
1354	1	./AudioMNIST/data/18/1_18_46.wav
1355	2	./AudioMNIST/data/23/2_23_15.wav
1356	2	./AudioMNIST/data/05/2_05_0.wav
1357	4	./AudioMNIST/data/30/4_30_13.wav
1358	1	./AudioMNIST/data/47/1_47_12.wav
1359	0	./AudioMNIST/data/44/0_44_48.wav
1360	4	./AudioMNIST/data/54/4_54_45.wav
1361	6	./AudioMNIST/data/33/6_33_34.wav
1362	2	./AudioMNIST/data/55/2_55_6.wav
1363	1	./AudioMNIST/data/11/1_11_12.wav
1364	7	./AudioMNIST/data/29/7_29_4.wav
1365	3	./AudioMNIST/data/01/3_01_48.wav
1366	7	./AudioMNIST/data/30/7_30_7.wav
1367	6	./AudioMNIST/data/15/6_15_45.wav
1368	3	./AudioMNIST/data/35/3_35_11.wav
1369	7	./AudioMNIST/data/46/7_46_27.wav
1370	4	./AudioMNIST/data/11/4_11_48.wav
1371	4	./AudioMNIST/data/17/4_17_18.wav
1372	7	./AudioMNIST/data/59/7_59_26.wav
1373	3	./AudioMNIST/data/33/3_33_0.wav
1374	8	./AudioMNIST/data/26/8_26_36.wav
1375	8	./AudioMNIST/data/35/8_35_9.wav
1376	9	./AudioMNIST/data/08/9_08_33.wav
1377	6	./AudioMNIST/data/13/6_13_15.wav
1378	0	./AudioMNIST/data/55/0_55_44.wav
1379	8	./AudioMNIST/data/60/8_60_32.wav
1380	7	./AudioMNIST/data/60/7_60_13.wav
1381	8	./AudioMNIST/data/60/8_60_25.wav
1382	5	./AudioMNIST/data/05/5_05_38.wav
1383	0	./AudioMNIST/data/39/0_39_6.wav
1384	2	./AudioMNIST/data/35/2_35_18.wav
1385	6	./AudioMNIST/data/04/6_04_49.wav
1386	6	./AudioMNIST/data/05/6_05_29.wav
1387	3	./AudioMNIST/data/39/3_39_6.wav
1388	1	./AudioMNIST/data/55/1_55_33.wav
1389	7	./AudioMNIST/data/58/7_58_11.wav
1390	2	./AudioMNIST/data/57/2_57_7.wav
1391	3	./AudioMNIST/data/28/3_28_42.wav
1392	7	./AudioMNIST/data/27/7_27_37.wav
1393	9	./AudioMNIST/data/47/9_47_14.wav
1394	5	./AudioMNIST/data/19/5_19_39.wav
1395	4	./AudioMNIST/data/24/4_24_7.wav
1396	3	./AudioMNIST/data/04/3_04_15.wav
1397	6	./AudioMNIST/data/53/6_53_11.wav
1398	6	./AudioMNIST/data/26/6_26_5.wav
1399	8	./AudioMNIST/data/57/8_57_47.wav
1400	9	./AudioMNIST/data/04/9_04_21.wav
1401	6	./AudioMNIST/data/21/6_21_39.wav
1402	9	./AudioMNIST/data/07/9_07_49.wav
1403	0	./AudioMNIST/data/05/0_05_8.wav
1404	3	./AudioMNIST/data/40/3_40_22.wav
1405	4	./AudioMNIST/data/53/4_53_9.wav
1406	6	./AudioMNIST/data/56/6_56_21.wav
1407	0	./AudioMNIST/data/34/0_34_39.wav
1408	4	./AudioMNIST/data/43/4_43_12.wav
1409	3	./AudioMNIST/data/30/3_30_32.wav
1410	4	./AudioMNIST/data/54/4_54_5.wav
1411	1	./AudioMNIST/data/29/1_29_28.wav
1412	8	./AudioMNIST/data/54/8_54_41.wav
1413	0	./AudioMNIST/data/16/0_16_31.wav
1414	5	./AudioMNIST/data/57/5_57_17.wav
1415	3	./AudioMNIST/data/57/3_57_40.wav
1416	3	./AudioMNIST/data/12/3_12_45.wav
1417	3	./AudioMNIST/data/13/3_13_17.wav
1418	6	./AudioMNIST/data/15/6_15_2.wav
1419	0	./AudioMNIST/data/24/0_24_27.wav
1420	5	./AudioMNIST/data/06/5_06_46.wav
1421	2	./AudioMNIST/data/14/2_14_4.wav
1422	2	./AudioMNIST/data/21/2_21_28.wav
1423	3	./AudioMNIST/data/60/3_60_10.wav
1424	9	./AudioMNIST/data/25/9_25_22.wav
1425	7	./AudioMNIST/data/31/7_31_6.wav
1426	9	./AudioMNIST/data/26/9_26_32.wav
1427	5	./AudioMNIST/data/40/5_40_28.wav
1428	9	./AudioMNIST/data/01/9_01_13.wav
1429	2	./AudioMNIST/data/17/2_17_46.wav
1430	4	./AudioMNIST/data/33/4_33_7.wav
1431	8	./AudioMNIST/data/16/8_16_29.wav
1432	6	./AudioMNIST/data/13/6_13_1.wav
1433	9	./AudioMNIST/data/26/9_26_47.wav
1434	8	./AudioMNIST/data/26/8_26_17.wav
1435	7	./AudioMNIST/data/22/7_22_26.wav
1436	4	./AudioMNIST/data/36/4_36_22.wav
1437	0	./AudioMNIST/data/40/0_40_14.wav
1438	2	./AudioMNIST/data/32/2_32_30.wav
1439	8	./AudioMNIST/data/12/8_12_6.wav
1440	1	./AudioMNIST/data/15/1_15_9.wav
1441	5	./AudioMNIST/data/43/5_43_8.wav
1442	1	./AudioMNIST/data/23/1_23_18.wav
1443	9	./AudioMNIST/data/05/9_05_7.wav
1444	0	./AudioMNIST/data/03/0_03_16.wav
1445	2	./AudioMNIST/data/21/2_21_21.wav
1446	2	./AudioMNIST/data/17/2_17_20.wav
1447	6	./AudioMNIST/data/40/6_40_47.wav
1448	0	./AudioMNIST/data/28/0_28_0.wav
1449	2	./AudioMNIST/data/37/2_37_8.wav
1450	4	./AudioMNIST/data/24/4_24_40.wav
1451	7	./AudioMNIST/data/24/7_24_44.wav
1452	1	./AudioMNIST/data/13/1_13_6.wav
1453	2	./AudioMNIST/data/27/2_27_14.wav
1454	0	./AudioMNIST/data/36/0_36_19.wav
1455	8	./AudioMNIST/data/25/8_25_5.wav
1456	9	./AudioMNIST/data/26/9_26_24.wav
1457	3	./AudioMNIST/data/05/3_05_38.wav
1458	5	./AudioMNIST/data/26/5_26_24.wav
1459	4	./AudioMNIST/data/47/4_47_12.wav
1460	7	./AudioMNIST/data/41/7_41_9.wav
1461	6	./AudioMNIST/data/33/6_33_3.wav
1462	7	./AudioMNIST/data/20/7_20_2.wav
1463	7	./AudioMNIST/data/52/7_52_30.wav
1464	7	./AudioMNIST/data/03/7_03_46.wav
1465	8	./AudioMNIST/data/47/8_47_38.wav
1466	8	./AudioMNIST/data/45/8_45_21.wav
1467	1	./AudioMNIST/data/14/1_14_36.wav
1468	5	./AudioMNIST/data/32/5_32_4.wav
1469	1	./AudioMNIST/data/07/1_07_47.wav
1470	3	./AudioMNIST/data/03/3_03_17.wav
1471	9	./AudioMNIST/data/18/9_18_16.wav
1472	3	./AudioMNIST/data/21/3_21_18.wav
1473	8	./AudioMNIST/data/30/8_30_7.wav
1474	7	./AudioMNIST/data/40/7_40_34.wav
1475	5	./AudioMNIST/data/19/5_19_21.wav
1476	1	./AudioMNIST/data/03/1_03_20.wav
1477	1	./AudioMNIST/data/14/1_14_46.wav
1478	1	./AudioMNIST/data/02/1_02_15.wav
1479	5	./AudioMNIST/data/06/5_06_15.wav
1480	6	./AudioMNIST/data/23/6_23_0.wav
1481	7	./AudioMNIST/data/47/7_47_40.wav
1482	8	./AudioMNIST/data/05/8_05_0.wav
1483	6	./AudioMNIST/data/54/6_54_28.wav
1484	3	./AudioMNIST/data/52/3_52_48.wav
1485	3	./AudioMNIST/data/02/3_02_14.wav
1486	5	./AudioMNIST/data/25/5_25_44.wav
1487	8	./AudioMNIST/data/26/8_26_30.wav
1488	6	./AudioMNIST/data/48/6_48_22.wav
1489	5	./AudioMNIST/data/44/5_44_10.wav
1490	6	./AudioMNIST/data/05/6_05_39.wav
1491	5	./AudioMNIST/data/59/5_59_0.wav
1492	9	./AudioMNIST/data/32/9_32_43.wav
1493	5	./AudioMNIST/data/20/5_20_47.wav
1494	4	./AudioMNIST/data/57/4_57_45.wav
1495	6	./AudioMNIST/data/16/6_16_0.wav
1496	1	./AudioMNIST/data/37/1_37_42.wav
1497	6	./AudioMNIST/data/32/6_32_21.wav
1498	5	./AudioMNIST/data/48/5_48_27.wav
1499	8	./AudioMNIST/data/28/8_28_37.wav
1500	5	./AudioMNIST/data/27/5_27_23.wav
1501	5	./AudioMNIST/data/36/5_36_47.wav
1502	4	./AudioMNIST/data/03/4_03_38.wav
1503	2	./AudioMNIST/data/15/2_15_7.wav
1504	2	./AudioMNIST/data/56/2_56_8.wav
1505	4	./AudioMNIST/data/17/4_17_20.wav
1506	4	./AudioMNIST/data/15/4_15_40.wav
1507	2	./AudioMNIST/data/32/2_32_37.wav
1508	0	./AudioMNIST/data/18/0_18_23.wav
1509	1	./AudioMNIST/data/50/1_50_34.wav
1510	2	./AudioMNIST/data/32/2_32_8.wav
1511	5	./AudioMNIST/data/36/5_36_40.wav
1512	8	./AudioMNIST/data/20/8_20_37.wav
1513	3	./AudioMNIST/data/28/3_28_30.wav
1514	4	./AudioMNIST/data/42/4_42_17.wav
1515	3	./AudioMNIST/data/07/3_07_36.wav
1516	8	./AudioMNIST/data/22/8_22_3.wav
1517	8	./AudioMNIST/data/54/8_54_37.wav
1518	9	./AudioMNIST/data/08/9_08_36.wav
1519	1	./AudioMNIST/data/50/1_50_0.wav
1520	3	./AudioMNIST/data/27/3_27_46.wav
1521	0	./AudioMNIST/data/08/0_08_14.wav
1522	7	./AudioMNIST/data/21/7_21_1.wav
1523	8	./AudioMNIST/data/39/8_39_36.wav
1524	5	./AudioMNIST/data/01/5_01_18.wav
1525	4	./AudioMNIST/data/07/4_07_12.wav
1526	8	./AudioMNIST/data/53/8_53_45.wav
1527	6	./AudioMNIST/data/20/6_20_42.wav
1528	7	./AudioMNIST/data/52/7_52_31.wav
1529	6	./AudioMNIST/data/55/6_55_36.wav
1530	2	./AudioMNIST/data/43/2_43_24.wav
1531	5	./AudioMNIST/data/11/5_11_43.wav
1532	8	./AudioMNIST/data/11/8_11_13.wav
1533	1	./AudioMNIST/data/50/1_50_2.wav
1534	5	./AudioMNIST/data/55/5_55_33.wav
1535	5	./AudioMNIST/data/31/5_31_33.wav
1536	7	./AudioMNIST/data/43/7_43_33.wav
1537	1	./AudioMNIST/data/35/1_35_21.wav
1538	8	./AudioMNIST/data/46/8_46_43.wav
1539	0	./AudioMNIST/data/60/0_60_25.wav
1540	2	./AudioMNIST/data/44/2_44_11.wav
1541	4	./AudioMNIST/data/14/4_14_39.wav
1542	8	./AudioMNIST/data/33/8_33_2.wav
1543	2	./AudioMNIST/data/26/2_26_48.wav
1544	8	./AudioMNIST/data/03/8_03_23.wav
1545	7	./AudioMNIST/data/33/7_33_47.wav
1546	7	./AudioMNIST/data/38/7_38_3.wav
1547	3	./AudioMNIST/data/45/3_45_32.wav
1548	7	./AudioMNIST/data/56/7_56_17.wav
1549	3	./AudioMNIST/data/45/3_45_16.wav
1550	1	./AudioMNIST/data/08/1_08_30.wav
1551	8	./AudioMNIST/data/52/8_52_48.wav
1552	6	./AudioMNIST/data/21/6_21_28.wav
1553	4	./AudioMNIST/data/13/4_13_42.wav
1554	9	./AudioMNIST/data/07/9_07_33.wav
1555	3	./AudioMNIST/data/49/3_49_31.wav
1556	0	./AudioMNIST/data/60/0_60_40.wav
1557	0	./AudioMNIST/data/41/0_41_12.wav
1558	2	./AudioMNIST/data/06/2_06_26.wav
1559	8	./AudioMNIST/data/47/8_47_9.wav
1560	7	./AudioMNIST/data/57/7_57_24.wav
1561	3	./AudioMNIST/data/24/3_24_24.wav
1562	7	./AudioMNIST/data/60/7_60_24.wav
1563	4	./AudioMNIST/data/02/4_02_8.wav
1564	2	./AudioMNIST/data/11/2_11_23.wav
1565	7	./AudioMNIST/data/60/7_60_43.wav
1566	7	./AudioMNIST/data/49/7_49_16.wav
1567	3	./AudioMNIST/data/44/3_44_1.wav
1568	9	./AudioMNIST/data/59/9_59_31.wav
1569	4	./AudioMNIST/data/25/4_25_24.wav
1570	6	./AudioMNIST/data/17/6_17_49.wav
1571	0	./AudioMNIST/data/60/0_60_38.wav
1572	9	./AudioMNIST/data/41/9_41_26.wav
1573	0	./AudioMNIST/data/21/0_21_3.wav
1574	4	./AudioMNIST/data/40/4_40_48.wav
1575	0	./AudioMNIST/data/11/0_11_20.wav
1576	2	./AudioMNIST/data/21/2_21_46.wav
1577	7	./AudioMNIST/data/48/7_48_16.wav
1578	3	./AudioMNIST/data/16/3_16_41.wav
1579	2	./AudioMNIST/data/21/2_21_6.wav
1580	4	./AudioMNIST/data/41/4_41_18.wav
1581	0	./AudioMNIST/data/37/0_37_27.wav
1582	0	./AudioMNIST/data/24/0_24_6.wav
1583	9	./AudioMNIST/data/17/9_17_21.wav
1584	6	./AudioMNIST/data/02/6_02_34.wav
1585	5	./AudioMNIST/data/55/5_55_1.wav
1586	1	./AudioMNIST/data/27/1_27_47.wav
1587	7	./AudioMNIST/data/57/7_57_31.wav
1588	9	./AudioMNIST/data/41/9_41_10.wav
1589	4	./AudioMNIST/data/16/4_16_33.wav
1590	3	./AudioMNIST/data/54/3_54_1.wav
1591	6	./AudioMNIST/data/23/6_23_27.wav
1592	5	./AudioMNIST/data/60/5_60_0.wav
1593	2	./AudioMNIST/data/05/2_05_33.wav
1594	9	./AudioMNIST/data/48/9_48_13.wav
1595	7	./AudioMNIST/data/33/7_33_45.wav
1596	3	./AudioMNIST/data/21/3_21_19.wav
1597	7	./AudioMNIST/data/47/7_47_7.wav
1598	9	./AudioMNIST/data/06/9_06_9.wav
1599	8	./AudioMNIST/data/53/8_53_27.wav
1600	5	./AudioMNIST/data/43/5_43_47.wav
1601	0	./AudioMNIST/data/24/0_24_48.wav
1602	2	./AudioMNIST/data/15/2_15_25.wav
1603	6	./AudioMNIST/data/46/6_46_27.wav
1604	8	./AudioMNIST/data/23/8_23_34.wav
1605	9	./AudioMNIST/data/17/9_17_41.wav
1606	5	./AudioMNIST/data/07/5_07_9.wav
1607	1	./AudioMNIST/data/04/1_04_43.wav
1608	7	./AudioMNIST/data/37/7_37_1.wav
1609	7	./AudioMNIST/data/01/7_01_34.wav
1610	5	./AudioMNIST/data/40/5_40_12.wav
1611	0	./AudioMNIST/data/49/0_49_16.wav
1612	8	./AudioMNIST/data/13/8_13_31.wav
1613	0	./AudioMNIST/data/03/0_03_26.wav
1614	4	./AudioMNIST/data/39/4_39_45.wav
1615	0	./AudioMNIST/data/30/0_30_6.wav
1616	8	./AudioMNIST/data/20/8_20_34.wav
1617	4	./AudioMNIST/data/26/4_26_36.wav
1618	5	./AudioMNIST/data/38/5_38_1.wav
1619	3	./AudioMNIST/data/12/3_12_35.wav
1620	4	./AudioMNIST/data/45/4_45_3.wav
1621	7	./AudioMNIST/data/33/7_33_39.wav
1622	2	./AudioMNIST/data/27/2_27_37.wav
1623	3	./AudioMNIST/data/01/3_01_29.wav
1624	8	./AudioMNIST/data/17/8_17_47.wav
1625	3	./AudioMNIST/data/55/3_55_46.wav
1626	1	./AudioMNIST/data/11/1_11_32.wav
1627	4	./AudioMNIST/data/11/4_11_4.wav
1628	2	./AudioMNIST/data/51/2_51_26.wav
1629	9	./AudioMNIST/data/44/9_44_45.wav
1630	4	./AudioMNIST/data/34/4_34_28.wav
1631	9	./AudioMNIST/data/04/9_04_7.wav
1632	9	./AudioMNIST/data/53/9_53_43.wav
1633	9	./AudioMNIST/data/47/9_47_29.wav
1634	1	./AudioMNIST/data/13/1_13_18.wav
1635	1	./AudioMNIST/data/41/1_41_35.wav
1636	6	./AudioMNIST/data/44/6_44_45.wav
1637	2	./AudioMNIST/data/32/2_32_2.wav
1638	3	./AudioMNIST/data/09/3_09_30.wav
1639	0	./AudioMNIST/data/50/0_50_8.wav
1640	1	./AudioMNIST/data/48/1_48_43.wav
1641	3	./AudioMNIST/data/15/3_15_7.wav
1642	0	./AudioMNIST/data/39/0_39_34.wav
1643	9	./AudioMNIST/data/58/9_58_4.wav
1644	1	./AudioMNIST/data/10/1_10_26.wav
1645	8	./AudioMNIST/data/52/8_52_12.wav
1646	6	./AudioMNIST/data/11/6_11_37.wav
1647	9	./AudioMNIST/data/04/9_04_46.wav
1648	3	./AudioMNIST/data/52/3_52_37.wav
1649	0	./AudioMNIST/data/52/0_52_37.wav
1650	5	./AudioMNIST/data/45/5_45_6.wav
1651	0	./AudioMNIST/data/12/0_12_36.wav
1652	3	./AudioMNIST/data/17/3_17_28.wav
1653	6	./AudioMNIST/data/26/6_26_13.wav
1654	2	./AudioMNIST/data/26/2_26_0.wav
1655	1	./AudioMNIST/data/54/1_54_9.wav
1656	6	./AudioMNIST/data/46/6_46_18.wav
1657	7	./AudioMNIST/data/23/7_23_47.wav
1658	2	./AudioMNIST/data/23/2_23_29.wav
1659	5	./AudioMNIST/data/05/5_05_6.wav
1660	8	./AudioMNIST/data/48/8_48_2.wav
1661	4	./AudioMNIST/data/23/4_23_20.wav
1662	0	./AudioMNIST/data/40/0_40_34.wav
1663	8	./AudioMNIST/data/28/8_28_39.wav
1664	7	./AudioMNIST/data/15/7_15_49.wav
1665	6	./AudioMNIST/data/16/6_16_16.wav
1666	9	./AudioMNIST/data/48/9_48_27.wav
1667	6	./AudioMNIST/data/09/6_09_9.wav
1668	9	./AudioMNIST/data/06/9_06_16.wav
1669	6	./AudioMNIST/data/45/6_45_38.wav
1670	3	./AudioMNIST/data/50/3_50_45.wav
1671	7	./AudioMNIST/data/27/7_27_28.wav
1672	9	./AudioMNIST/data/16/9_16_6.wav
1673	9	./AudioMNIST/data/18/9_18_18.wav
1674	1	./AudioMNIST/data/12/1_12_47.wav
1675	9	./AudioMNIST/data/02/9_02_42.wav
1676	2	./AudioMNIST/data/21/2_21_18.wav
1677	2	./AudioMNIST/data/46/2_46_39.wav
1678	2	./AudioMNIST/data/60/2_60_4.wav
1679	3	./AudioMNIST/data/02/3_02_16.wav
1680	7	./AudioMNIST/data/56/7_56_18.wav
1681	4	./AudioMNIST/data/57/4_57_29.wav
1682	0	./AudioMNIST/data/50/0_50_3.wav
1683	3	./AudioMNIST/data/48/3_48_17.wav
1684	0	./AudioMNIST/data/32/0_32_47.wav
1685	0	./AudioMNIST/data/21/0_21_35.wav
1686	0	./AudioMNIST/data/60/0_60_0.wav
1687	9	./AudioMNIST/data/36/9_36_39.wav
1688	0	./AudioMNIST/data/52/0_52_10.wav
1689	1	./AudioMNIST/data/49/1_49_28.wav
1690	3	./AudioMNIST/data/59/3_59_44.wav
1691	5	./AudioMNIST/data/43/5_43_10.wav
1692	5	./AudioMNIST/data/18/5_18_3.wav
1693	0	./AudioMNIST/data/07/0_07_23.wav
1694	1	./AudioMNIST/data/58/1_58_43.wav
1695	2	./AudioMNIST/data/57/2_57_48.wav
1696	1	./AudioMNIST/data/05/1_05_9.wav
1697	3	./AudioMNIST/data/08/3_08_19.wav
1698	5	./AudioMNIST/data/58/5_58_10.wav
1699	1	./AudioMNIST/data/43/1_43_37.wav
1700	2	./AudioMNIST/data/11/2_11_25.wav
1701	8	./AudioMNIST/data/07/8_07_29.wav
1702	9	./AudioMNIST/data/11/9_11_19.wav
1703	2	./AudioMNIST/data/60/2_60_10.wav
1704	3	./AudioMNIST/data/24/3_24_1.wav
1705	3	./AudioMNIST/data/05/3_05_2.wav
1706	8	./AudioMNIST/data/23/8_23_7.wav
1707	4	./AudioMNIST/data/17/4_17_6.wav
1708	5	./AudioMNIST/data/13/5_13_36.wav
1709	0	./AudioMNIST/data/14/0_14_41.wav
1710	8	./AudioMNIST/data/10/8_10_4.wav
1711	6	./AudioMNIST/data/39/6_39_3.wav
1712	1	./AudioMNIST/data/10/1_10_7.wav
1713	3	./AudioMNIST/data/52/3_52_23.wav
1714	2	./AudioMNIST/data/12/2_12_48.wav
1715	5	./AudioMNIST/data/15/5_15_49.wav
1716	2	./AudioMNIST/data/54/2_54_0.wav
1717	3	./AudioMNIST/data/24/3_24_45.wav
1718	5	./AudioMNIST/data/18/5_18_47.wav
1719	6	./AudioMNIST/data/24/6_24_35.wav
1720	3	./AudioMNIST/data/46/3_46_8.wav
1721	8	./AudioMNIST/data/58/8_58_46.wav
1722	4	./AudioMNIST/data/17/4_17_4.wav
1723	2	./AudioMNIST/data/55/2_55_19.wav
1724	7	./AudioMNIST/data/20/7_20_28.wav
1725	4	./AudioMNIST/data/33/4_33_13.wav
1726	4	./AudioMNIST/data/15/4_15_38.wav
1727	9	./AudioMNIST/data/50/9_50_31.wav
1728	7	./AudioMNIST/data/51/7_51_40.wav
1729	9	./AudioMNIST/data/03/9_03_20.wav
1730	7	./AudioMNIST/data/23/7_23_31.wav
1731	1	./AudioMNIST/data/06/1_06_47.wav
1732	2	./AudioMNIST/data/10/2_10_18.wav
1733	3	./AudioMNIST/data/59/3_59_47.wav
1734	2	./AudioMNIST/data/01/2_01_17.wav
1735	8	./AudioMNIST/data/25/8_25_32.wav
1736	7	./AudioMNIST/data/34/7_34_16.wav
1737	9	./AudioMNIST/data/55/9_55_12.wav
1738	2	./AudioMNIST/data/37/2_37_14.wav
1739	4	./AudioMNIST/data/18/4_18_9.wav
1740	6	./AudioMNIST/data/59/6_59_41.wav
1741	6	./AudioMNIST/data/13/6_13_40.wav
1742	0	./AudioMNIST/data/39/0_39_14.wav
1743	7	./AudioMNIST/data/45/7_45_7.wav
1744	5	./AudioMNIST/data/57/5_57_1.wav
1745	1	./AudioMNIST/data/25/1_25_2.wav
1746	1	./AudioMNIST/data/12/1_12_27.wav
1747	6	./AudioMNIST/data/05/6_05_31.wav
1748	3	./AudioMNIST/data/33/3_33_13.wav
1749	1	./AudioMNIST/data/43/1_43_23.wav
1750	9	./AudioMNIST/data/56/9_56_47.wav
1751	1	./AudioMNIST/data/40/1_40_9.wav
1752	9	./AudioMNIST/data/39/9_39_5.wav
1753	3	./AudioMNIST/data/59/3_59_10.wav
1754	3	./AudioMNIST/data/47/3_47_34.wav
1755	2	./AudioMNIST/data/04/2_04_37.wav
1756	2	./AudioMNIST/data/17/2_17_26.wav
1757	4	./AudioMNIST/data/51/4_51_22.wav
1758	7	./AudioMNIST/data/50/7_50_12.wav
1759	7	./AudioMNIST/data/25/7_25_12.wav
1760	3	./AudioMNIST/data/12/3_12_46.wav
1761	8	./AudioMNIST/data/41/8_41_5.wav
1762	4	./AudioMNIST/data/29/4_29_5.wav
1763	1	./AudioMNIST/data/02/1_02_28.wav
1764	6	./AudioMNIST/data/24/6_24_31.wav
1765	2	./AudioMNIST/data/17/2_17_27.wav
1766	3	./AudioMNIST/data/19/3_19_19.wav
1767	2	./AudioMNIST/data/55/2_55_16.wav
1768	7	./AudioMNIST/data/10/7_10_42.wav
1769	8	./AudioMNIST/data/15/8_15_40.wav
1770	0	./AudioMNIST/data/10/0_10_28.wav
1771	0	./AudioMNIST/data/50/0_50_7.wav
1772	2	./AudioMNIST/data/09/2_09_25.wav
1773	5	./AudioMNIST/data/33/5_33_13.wav
1774	0	./AudioMNIST/data/19/0_19_49.wav
1775	9	./AudioMNIST/data/03/9_03_49.wav
1776	1	./AudioMNIST/data/23/1_23_2.wav
1777	3	./AudioMNIST/data/24/3_24_26.wav
1778	6	./AudioMNIST/data/15/6_15_15.wav
1779	3	./AudioMNIST/data/37/3_37_44.wav
1780	9	./AudioMNIST/data/23/9_23_37.wav
1781	2	./AudioMNIST/data/30/2_30_10.wav
1782	5	./AudioMNIST/data/54/5_54_25.wav
1783	0	./AudioMNIST/data/45/0_45_48.wav
1784	5	./AudioMNIST/data/10/5_10_11.wav
1785	6	./AudioMNIST/data/10/6_10_29.wav
1786	6	./AudioMNIST/data/08/6_08_29.wav
1787	5	./AudioMNIST/data/37/5_37_25.wav
1788	6	./AudioMNIST/data/45/6_45_22.wav
1789	3	./AudioMNIST/data/42/3_42_21.wav
1790	8	./AudioMNIST/data/06/8_06_34.wav
1791	9	./AudioMNIST/data/04/9_04_3.wav
1792	0	./AudioMNIST/data/30/0_30_4.wav
1793	8	./AudioMNIST/data/15/8_15_1.wav
1794	7	./AudioMNIST/data/39/7_39_49.wav
1795	4	./AudioMNIST/data/20/4_20_38.wav
1796	2	./AudioMNIST/data/38/2_38_13.wav
1797	1	./AudioMNIST/data/30/1_30_44.wav
1798	2	./AudioMNIST/data/01/2_01_39.wav
1799	6	./AudioMNIST/data/08/6_08_18.wav
1800	3	./AudioMNIST/data/59/3_59_45.wav
1801	7	./AudioMNIST/data/08/7_08_37.wav
1802	2	./AudioMNIST/data/33/2_33_18.wav
1803	9	./AudioMNIST/data/44/9_44_30.wav
1804	5	./AudioMNIST/data/30/5_30_12.wav
1805	5	./AudioMNIST/data/43/5_43_31.wav
1806	8	./AudioMNIST/data/54/8_54_16.wav
1807	5	./AudioMNIST/data/60/5_60_33.wav
1808	9	./AudioMNIST/data/29/9_29_4.wav
1809	4	./AudioMNIST/data/55/4_55_3.wav
1810	7	./AudioMNIST/data/38/7_38_10.wav
1811	9	./AudioMNIST/data/50/9_50_49.wav
1812	4	./AudioMNIST/data/25/4_25_38.wav
1813	0	./AudioMNIST/data/55/0_55_18.wav
1814	2	./AudioMNIST/data/09/2_09_39.wav
1815	9	./AudioMNIST/data/11/9_11_20.wav
1816	6	./AudioMNIST/data/04/6_04_1.wav
1817	0	./AudioMNIST/data/34/0_34_40.wav
1818	5	./AudioMNIST/data/13/5_13_3.wav
1819	4	./AudioMNIST/data/34/4_34_29.wav
1820	2	./AudioMNIST/data/39/2_39_7.wav
1821	0	./AudioMNIST/data/14/0_14_42.wav
1822	2	./AudioMNIST/data/22/2_22_20.wav
1823	2	./AudioMNIST/data/07/2_07_27.wav
1824	8	./AudioMNIST/data/17/8_17_28.wav
1825	4	./AudioMNIST/data/06/4_06_41.wav
1826	1	./AudioMNIST/data/35/1_35_31.wav
1827	3	./AudioMNIST/data/17/3_17_36.wav
1828	5	./AudioMNIST/data/44/5_44_18.wav
1829	5	./AudioMNIST/data/32/5_32_29.wav
1830	6	./AudioMNIST/data/07/6_07_42.wav
1831	6	./AudioMNIST/data/02/6_02_11.wav
1832	1	./AudioMNIST/data/41/1_41_47.wav
1833	4	./AudioMNIST/data/15/4_15_31.wav
1834	2	./AudioMNIST/data/32/2_32_1.wav
1835	3	./AudioMNIST/data/06/3_06_49.wav
1836	8	./AudioMNIST/data/39/8_39_5.wav
1837	6	./AudioMNIST/data/46/6_46_35.wav
1838	8	./AudioMNIST/data/22/8_22_22.wav
1839	7	./AudioMNIST/data/44/7_44_2.wav
1840	4	./AudioMNIST/data/40/4_40_26.wav
1841	2	./AudioMNIST/data/20/2_20_30.wav
1842	1	./AudioMNIST/data/11/1_11_26.wav
1843	4	./AudioMNIST/data/06/4_06_10.wav
1844	7	./AudioMNIST/data/09/7_09_0.wav
1845	0	./AudioMNIST/data/50/0_50_6.wav
1846	1	./AudioMNIST/data/18/1_18_29.wav
1847	1	./AudioMNIST/data/59/1_59_26.wav
1848	8	./AudioMNIST/data/44/8_44_0.wav
1849	9	./AudioMNIST/data/14/9_14_34.wav
1850	0	./AudioMNIST/data/54/0_54_3.wav
1851	1	./AudioMNIST/data/31/1_31_17.wav
1852	5	./AudioMNIST/data/38/5_38_5.wav
1853	1	./AudioMNIST/data/08/1_08_34.wav
1854	6	./AudioMNIST/data/27/6_27_39.wav
1855	2	./AudioMNIST/data/42/2_42_16.wav
1856	4	./AudioMNIST/data/18/4_18_35.wav
1857	0	./AudioMNIST/data/54/0_54_17.wav
1858	8	./AudioMNIST/data/11/8_11_36.wav
1859	3	./AudioMNIST/data/53/3_53_1.wav
1860	7	./AudioMNIST/data/12/7_12_36.wav
1861	7	./AudioMNIST/data/45/7_45_29.wav
1862	8	./AudioMNIST/data/32/8_32_33.wav
1863	0	./AudioMNIST/data/60/0_60_24.wav
1864	8	./AudioMNIST/data/54/8_54_22.wav
1865	3	./AudioMNIST/data/07/3_07_5.wav
1866	3	./AudioMNIST/data/45/3_45_22.wav
1867	1	./AudioMNIST/data/29/1_29_15.wav
1868	6	./AudioMNIST/data/01/6_01_22.wav
1869	3	./AudioMNIST/data/43/3_43_5.wav
1870	9	./AudioMNIST/data/04/9_04_24.wav
1871	3	./AudioMNIST/data/34/3_34_49.wav
1872	7	./AudioMNIST/data/25/7_25_30.wav
1873	5	./AudioMNIST/data/57/5_57_19.wav
1874	1	./AudioMNIST/data/55/1_55_6.wav
1875	6	./AudioMNIST/data/28/6_28_5.wav
1876	5	./AudioMNIST/data/13/5_13_41.wav
1877	1	./AudioMNIST/data/49/1_49_25.wav
1878	0	./AudioMNIST/data/04/0_04_26.wav
1879	9	./AudioMNIST/data/17/9_17_22.wav
1880	6	./AudioMNIST/data/10/6_10_37.wav
1881	0	./AudioMNIST/data/05/0_05_35.wav
1882	2	./AudioMNIST/data/24/2_24_19.wav
1883	5	./AudioMNIST/data/55/5_55_5.wav
1884	7	./AudioMNIST/data/26/7_26_46.wav
1885	9	./AudioMNIST/data/57/9_57_34.wav
1886	6	./AudioMNIST/data/48/6_48_4.wav
1887	0	./AudioMNIST/data/32/0_32_41.wav
1888	6	./AudioMNIST/data/26/6_26_36.wav
1889	0	./AudioMNIST/data/37/0_37_33.wav
1890	7	./AudioMNIST/data/36/7_36_29.wav
1891	7	./AudioMNIST/data/03/7_03_10.wav
1892	5	./AudioMNIST/data/11/5_11_15.wav
1893	4	./AudioMNIST/data/30/4_30_5.wav
1894	7	./AudioMNIST/data/12/7_12_24.wav
1895	4	./AudioMNIST/data/01/4_01_30.wav
1896	8	./AudioMNIST/data/36/8_36_10.wav
1897	8	./AudioMNIST/data/15/8_15_14.wav
1898	5	./AudioMNIST/data/19/5_19_40.wav
1899	0	./AudioMNIST/data/14/0_14_12.wav
1900	0	./AudioMNIST/data/46/0_46_15.wav
1901	0	./AudioMNIST/data/27/0_27_42.wav
1902	0	./AudioMNIST/data/21/0_21_16.wav
1903	5	./AudioMNIST/data/48/5_48_4.wav
1904	4	./AudioMNIST/data/17/4_17_15.wav
1905	8	./AudioMNIST/data/19/8_19_33.wav
1906	6	./AudioMNIST/data/58/6_58_46.wav
1907	8	./AudioMNIST/data/23/8_23_0.wav
1908	1	./AudioMNIST/data/46/1_46_33.wav
1909	7	./AudioMNIST/data/50/7_50_31.wav
1910	4	./AudioMNIST/data/49/4_49_48.wav
1911	1	./AudioMNIST/data/26/1_26_43.wav
1912	6	./AudioMNIST/data/58/6_58_34.wav
1913	0	./AudioMNIST/data/07/0_07_13.wav
1914	5	./AudioMNIST/data/29/5_29_48.wav
1915	0	./AudioMNIST/data/06/0_06_47.wav
1916	5	./AudioMNIST/data/56/5_56_1.wav
1917	8	./AudioMNIST/data/24/8_24_10.wav
1918	8	./AudioMNIST/data/30/8_30_5.wav
1919	7	./AudioMNIST/data/60/7_60_5.wav
1920	9	./AudioMNIST/data/27/9_27_6.wav
1921	7	./AudioMNIST/data/29/7_29_48.wav
1922	7	./AudioMNIST/data/23/7_23_33.wav
1923	3	./AudioMNIST/data/01/3_01_6.wav
1924	8	./AudioMNIST/data/55/8_55_43.wav
1925	3	./AudioMNIST/data/25/3_25_26.wav
1926	5	./AudioMNIST/data/27/5_27_27.wav
1927	9	./AudioMNIST/data/28/9_28_17.wav
1928	8	./AudioMNIST/data/05/8_05_42.wav
1929	4	./AudioMNIST/data/55/4_55_22.wav
1930	6	./AudioMNIST/data/29/6_29_23.wav
1931	5	./AudioMNIST/data/57/5_57_48.wav
1932	1	./AudioMNIST/data/13/1_13_46.wav
1933	1	./AudioMNIST/data/53/1_53_1.wav
1934	9	./AudioMNIST/data/06/9_06_44.wav
1935	8	./AudioMNIST/data/26/8_26_46.wav
1936	5	./AudioMNIST/data/24/5_24_38.wav
1937	9	./AudioMNIST/data/19/9_19_43.wav
1938	4	./AudioMNIST/data/11/4_11_3.wav
1939	4	./AudioMNIST/data/26/4_26_29.wav
1940	5	./AudioMNIST/data/35/5_35_33.wav
1941	6	./AudioMNIST/data/42/6_42_29.wav
1942	9	./AudioMNIST/data/31/9_31_5.wav
1943	4	./AudioMNIST/data/05/4_05_28.wav
1944	0	./AudioMNIST/data/26/0_26_22.wav
1945	1	./AudioMNIST/data/37/1_37_25.wav
1946	3	./AudioMNIST/data/42/3_42_23.wav
1947	9	./AudioMNIST/data/23/9_23_24.wav
1948	0	./AudioMNIST/data/51/0_51_4.wav
1949	4	./AudioMNIST/data/14/4_14_23.wav
1950	0	./AudioMNIST/data/43/0_43_23.wav
1951	0	./AudioMNIST/data/60/0_60_26.wav
1952	3	./AudioMNIST/data/22/3_22_18.wav
1953	7	./AudioMNIST/data/05/7_05_31.wav
1954	7	./AudioMNIST/data/35/7_35_14.wav
1955	8	./AudioMNIST/data/30/8_30_14.wav
1956	0	./AudioMNIST/data/05/0_05_29.wav
1957	6	./AudioMNIST/data/21/6_21_8.wav
1958	4	./AudioMNIST/data/45/4_45_5.wav
1959	2	./AudioMNIST/data/23/2_23_9.wav
1960	6	./AudioMNIST/data/06/6_06_29.wav
1961	0	./AudioMNIST/data/05/0_05_37.wav
1962	2	./AudioMNIST/data/03/2_03_1.wav
1963	4	./AudioMNIST/data/12/4_12_20.wav
1964	7	./AudioMNIST/data/16/7_16_23.wav
1965	9	./AudioMNIST/data/26/9_26_37.wav
1966	0	./AudioMNIST/data/09/0_09_43.wav
1967	3	./AudioMNIST/data/34/3_34_15.wav
1968	0	./AudioMNIST/data/36/0_36_49.wav
1969	1	./AudioMNIST/data/42/1_42_21.wav
1970	1	./AudioMNIST/data/04/1_04_34.wav
1971	6	./AudioMNIST/data/46/6_46_31.wav
1972	8	./AudioMNIST/data/15/8_15_49.wav
1973	3	./AudioMNIST/data/45/3_45_46.wav
1974	9	./AudioMNIST/data/39/9_39_37.wav
1975	6	./AudioMNIST/data/26/6_26_9.wav
1976	0	./AudioMNIST/data/25/0_25_19.wav
1977	6	./AudioMNIST/data/24/6_24_40.wav
1978	0	./AudioMNIST/data/11/0_11_29.wav
1979	8	./AudioMNIST/data/58/8_58_30.wav
1980	9	./AudioMNIST/data/20/9_20_29.wav
1981	3	./AudioMNIST/data/40/3_40_24.wav
1982	7	./AudioMNIST/data/14/7_14_12.wav
1983	6	./AudioMNIST/data/30/6_30_15.wav
1984	0	./AudioMNIST/data/10/0_10_46.wav
1985	5	./AudioMNIST/data/46/5_46_0.wav
1986	9	./AudioMNIST/data/14/9_14_42.wav
1987	1	./AudioMNIST/data/06/1_06_43.wav
1988	9	./AudioMNIST/data/32/9_32_42.wav
1989	2	./AudioMNIST/data/18/2_18_2.wav
1990	5	./AudioMNIST/data/48/5_48_3.wav
1991	7	./AudioMNIST/data/32/7_32_40.wav
1992	3	./AudioMNIST/data/40/3_40_48.wav
1993	9	./AudioMNIST/data/11/9_11_18.wav
1994	3	./AudioMNIST/data/48/3_48_9.wav
1995	6	./AudioMNIST/data/36/6_36_10.wav
1996	3	./AudioMNIST/data/37/3_37_40.wav
1997	7	./AudioMNIST/data/43/7_43_13.wav
1998	0	./AudioMNIST/data/22/0_22_47.wav
1999	2	./AudioMNIST/data/59/2_59_44.wav
2000	1	./AudioMNIST/data/49/1_49_19.wav
2001	4	./AudioMNIST/data/23/4_23_13.wav
2002	3	./AudioMNIST/data/53/3_53_35.wav
2003	0	./AudioMNIST/data/54/0_54_1.wav
2004	2	./AudioMNIST/data/05/2_05_41.wav
2005	0	./AudioMNIST/data/07/0_07_42.wav
2006	1	./AudioMNIST/data/36/1_36_36.wav
2007	4	./AudioMNIST/data/35/4_35_7.wav
2008	6	./AudioMNIST/data/28/6_28_33.wav
2009	7	./AudioMNIST/data/13/7_13_6.wav
2010	7	./AudioMNIST/data/07/7_07_28.wav
2011	0	./AudioMNIST/data/12/0_12_9.wav
2012	7	./AudioMNIST/data/15/7_15_31.wav
2013	1	./AudioMNIST/data/36/1_36_6.wav
2014	5	./AudioMNIST/data/06/5_06_35.wav
2015	0	./AudioMNIST/data/56/0_56_30.wav
2016	7	./AudioMNIST/data/35/7_35_35.wav
2017	8	./AudioMNIST/data/35/8_35_26.wav
2018	3	./AudioMNIST/data/15/3_15_4.wav
2019	8	./AudioMNIST/data/24/8_24_13.wav
2020	6	./AudioMNIST/data/30/6_30_11.wav
2021	9	./AudioMNIST/data/37/9_37_45.wav
2022	7	./AudioMNIST/data/30/7_30_27.wav
2023	1	./AudioMNIST/data/45/1_45_4.wav
2024	1	./AudioMNIST/data/47/1_47_44.wav
2025	7	./AudioMNIST/data/21/7_21_32.wav
2026	5	./AudioMNIST/data/19/5_19_27.wav
2027	8	./AudioMNIST/data/31/8_31_46.wav
2028	3	./AudioMNIST/data/41/3_41_48.wav
2029	8	./AudioMNIST/data/35/8_35_28.wav
2030	2	./AudioMNIST/data/51/2_51_38.wav
2031	9	./AudioMNIST/data/30/9_30_31.wav
2032	5	./AudioMNIST/data/47/5_47_33.wav
2033	7	./AudioMNIST/data/55/7_55_46.wav
2034	7	./AudioMNIST/data/53/7_53_49.wav
2035	8	./AudioMNIST/data/05/8_05_25.wav
2036	5	./AudioMNIST/data/20/5_20_13.wav
2037	7	./AudioMNIST/data/48/7_48_42.wav
2038	2	./AudioMNIST/data/57/2_57_10.wav
2039	4	./AudioMNIST/data/52/4_52_13.wav
2040	8	./AudioMNIST/data/35/8_35_24.wav
2041	0	./AudioMNIST/data/06/0_06_28.wav
2042	5	./AudioMNIST/data/35/5_35_8.wav
2043	9	./AudioMNIST/data/05/9_05_33.wav
2044	5	./AudioMNIST/data/37/5_37_24.wav
2045	6	./AudioMNIST/data/15/6_15_9.wav
2046	0	./AudioMNIST/data/31/0_31_17.wav
2047	3	./AudioMNIST/data/54/3_54_12.wav
2048	2	./AudioMNIST/data/29/2_29_24.wav
2049	0	./AudioMNIST/data/07/0_07_22.wav
2050	4	./AudioMNIST/data/44/4_44_28.wav
2051	1	./AudioMNIST/data/45/1_45_11.wav
2052	2	./AudioMNIST/data/33/2_33_39.wav
2053	4	./AudioMNIST/data/08/4_08_37.wav
2054	1	./AudioMNIST/data/12/1_12_4.wav
2055	9	./AudioMNIST/data/35/9_35_28.wav
2056	1	./AudioMNIST/data/56/1_56_42.wav
2057	1	./AudioMNIST/data/26/1_26_26.wav
2058	8	./AudioMNIST/data/32/8_32_24.wav
2059	1	./AudioMNIST/data/36/1_36_0.wav
2060	3	./AudioMNIST/data/02/3_02_41.wav
2061	6	./AudioMNIST/data/47/6_47_20.wav
2062	5	./AudioMNIST/data/15/5_15_27.wav
2063	6	./AudioMNIST/data/17/6_17_2.wav
2064	1	./AudioMNIST/data/40/1_40_8.wav
2065	7	./AudioMNIST/data/02/7_02_20.wav
2066	2	./AudioMNIST/data/38/2_38_38.wav
2067	1	./AudioMNIST/data/57/1_57_8.wav
2068	1	./AudioMNIST/data/44/1_44_8.wav
2069	2	./AudioMNIST/data/60/2_60_27.wav
2070	9	./AudioMNIST/data/44/9_44_35.wav
2071	3	./AudioMNIST/data/30/3_30_0.wav
2072	4	./AudioMNIST/data/21/4_21_12.wav
2073	0	./AudioMNIST/data/55/0_55_33.wav
2074	3	./AudioMNIST/data/49/3_49_42.wav
2075	9	./AudioMNIST/data/31/9_31_15.wav
2076	3	./AudioMNIST/data/46/3_46_29.wav
2077	4	./AudioMNIST/data/02/4_02_2.wav
2078	7	./AudioMNIST/data/34/7_34_12.wav
2079	6	./AudioMNIST/data/45/6_45_29.wav
2080	6	./AudioMNIST/data/27/6_27_25.wav
2081	7	./AudioMNIST/data/29/7_29_43.wav
2082	9	./AudioMNIST/data/16/9_16_31.wav
2083	6	./AudioMNIST/data/03/6_03_32.wav
2084	8	./AudioMNIST/data/40/8_40_43.wav
2085	9	./AudioMNIST/data/21/9_21_28.wav
2086	3	./AudioMNIST/data/54/3_54_49.wav
2087	0	./AudioMNIST/data/20/0_20_42.wav
2088	3	./AudioMNIST/data/58/3_58_42.wav
2089	1	./AudioMNIST/data/30/1_30_35.wav
2090	1	./AudioMNIST/data/07/1_07_25.wav
2091	8	./AudioMNIST/data/10/8_10_43.wav
2092	0	./AudioMNIST/data/57/0_57_25.wav
2093	0	./AudioMNIST/data/26/0_26_39.wav
2094	7	./AudioMNIST/data/17/7_17_31.wav
2095	5	./AudioMNIST/data/25/5_25_25.wav
2096	2	./AudioMNIST/data/26/2_26_21.wav
2097	6	./AudioMNIST/data/51/6_51_14.wav
2098	0	./AudioMNIST/data/22/0_22_32.wav
2099	3	./AudioMNIST/data/58/3_58_36.wav
2100	6	./AudioMNIST/data/01/6_01_24.wav
2101	9	./AudioMNIST/data/32/9_32_23.wav
2102	4	./AudioMNIST/data/49/4_49_31.wav
2103	4	./AudioMNIST/data/20/4_20_36.wav
2104	9	./AudioMNIST/data/01/9_01_31.wav
2105	1	./AudioMNIST/data/42/1_42_4.wav
2106	3	./AudioMNIST/data/51/3_51_8.wav
2107	1	./AudioMNIST/data/38/1_38_24.wav
2108	3	./AudioMNIST/data/60/3_60_9.wav
2109	8	./AudioMNIST/data/36/8_36_12.wav
2110	5	./AudioMNIST/data/42/5_42_41.wav
2111	8	./AudioMNIST/data/46/8_46_36.wav
2112	3	./AudioMNIST/data/41/3_41_23.wav
2113	8	./AudioMNIST/data/11/8_11_24.wav
2114	4	./AudioMNIST/data/10/4_10_42.wav
2115	0	./AudioMNIST/data/15/0_15_26.wav
2116	2	./AudioMNIST/data/46/2_46_43.wav
2117	5	./AudioMNIST/data/25/5_25_24.wav
2118	3	./AudioMNIST/data/35/3_35_34.wav
2119	6	./AudioMNIST/data/15/6_15_37.wav
2120	4	./AudioMNIST/data/27/4_27_29.wav
2121	2	./AudioMNIST/data/09/2_09_0.wav
2122	1	./AudioMNIST/data/48/1_48_33.wav
2123	7	./AudioMNIST/data/48/7_48_28.wav
2124	5	./AudioMNIST/data/53/5_53_17.wav
2125	0	./AudioMNIST/data/16/0_16_49.wav
2126	3	./AudioMNIST/data/30/3_30_28.wav
2127	6	./AudioMNIST/data/37/6_37_12.wav
2128	3	./AudioMNIST/data/08/3_08_46.wav
2129	7	./AudioMNIST/data/13/7_13_40.wav
2130	8	./AudioMNIST/data/60/8_60_35.wav
2131	0	./AudioMNIST/data/31/0_31_26.wav
2132	4	./AudioMNIST/data/54/4_54_10.wav
2133	7	./AudioMNIST/data/24/7_24_8.wav
2134	1	./AudioMNIST/data/59/1_59_20.wav
2135	3	./AudioMNIST/data/55/3_55_29.wav
2136	5	./AudioMNIST/data/49/5_49_26.wav
2137	5	./AudioMNIST/data/28/5_28_12.wav
2138	0	./AudioMNIST/data/41/0_41_33.wav
2139	4	./AudioMNIST/data/52/4_52_12.wav
2140	6	./AudioMNIST/data/03/6_03_11.wav
2141	0	./AudioMNIST/data/28/0_28_48.wav
2142	3	./AudioMNIST/data/06/3_06_27.wav
2143	3	./AudioMNIST/data/21/3_21_43.wav
2144	6	./AudioMNIST/data/16/6_16_49.wav
2145	8	./AudioMNIST/data/02/8_02_9.wav
2146	4	./AudioMNIST/data/38/4_38_25.wav
2147	8	./AudioMNIST/data/49/8_49_5.wav
2148	0	./AudioMNIST/data/34/0_34_42.wav
2149	4	./AudioMNIST/data/04/4_04_13.wav
2150	1	./AudioMNIST/data/18/1_18_8.wav
2151	0	./AudioMNIST/data/59/0_59_36.wav
2152	7	./AudioMNIST/data/48/7_48_6.wav
2153	8	./AudioMNIST/data/41/8_41_18.wav
2154	5	./AudioMNIST/data/45/5_45_35.wav
2155	6	./AudioMNIST/data/45/6_45_3.wav
2156	2	./AudioMNIST/data/47/2_47_45.wav
2157	4	./AudioMNIST/data/23/4_23_45.wav
2158	6	./AudioMNIST/data/20/6_20_46.wav
2159	9	./AudioMNIST/data/57/9_57_1.wav
2160	7	./AudioMNIST/data/10/7_10_7.wav
2161	0	./AudioMNIST/data/15/0_15_14.wav
2162	7	./AudioMNIST/data/52/7_52_25.wav
2163	8	./AudioMNIST/data/41/8_41_31.wav
2164	4	./AudioMNIST/data/46/4_46_30.wav
2165	9	./AudioMNIST/data/19/9_19_46.wav
2166	2	./AudioMNIST/data/57/2_57_24.wav
2167	8	./AudioMNIST/data/53/8_53_32.wav
2168	1	./AudioMNIST/data/42/1_42_40.wav
2169	9	./AudioMNIST/data/24/9_24_20.wav
2170	0	./AudioMNIST/data/43/0_43_37.wav
2171	4	./AudioMNIST/data/19/4_19_6.wav
2172	6	./AudioMNIST/data/39/6_39_12.wav
2173	2	./AudioMNIST/data/17/2_17_17.wav
2174	7	./AudioMNIST/data/34/7_34_45.wav
2175	3	./AudioMNIST/data/03/3_03_25.wav
2176	8	./AudioMNIST/data/03/8_03_22.wav
2177	1	./AudioMNIST/data/46/1_46_13.wav
2178	4	./AudioMNIST/data/38/4_38_44.wav
2179	0	./AudioMNIST/data/08/0_08_34.wav
2180	2	./AudioMNIST/data/02/2_02_16.wav
2181	4	./AudioMNIST/data/02/4_02_22.wav
2182	9	./AudioMNIST/data/42/9_42_27.wav
2183	4	./AudioMNIST/data/56/4_56_10.wav
2184	3	./AudioMNIST/data/60/3_60_0.wav
2185	9	./AudioMNIST/data/11/9_11_25.wav
2186	2	./AudioMNIST/data/58/2_58_21.wav
2187	3	./AudioMNIST/data/10/3_10_46.wav
2188	8	./AudioMNIST/data/49/8_49_13.wav
2189	6	./AudioMNIST/data/36/6_36_43.wav
2190	4	./AudioMNIST/data/19/4_19_13.wav
2191	6	./AudioMNIST/data/18/6_18_9.wav
2192	4	./AudioMNIST/data/02/4_02_41.wav
2193	1	./AudioMNIST/data/55/1_55_7.wav
2194	7	./AudioMNIST/data/26/7_26_3.wav
2195	2	./AudioMNIST/data/53/2_53_19.wav
2196	8	./AudioMNIST/data/38/8_38_3.wav
2197	8	./AudioMNIST/data/13/8_13_15.wav
2198	5	./AudioMNIST/data/03/5_03_34.wav
2199	0	./AudioMNIST/data/35/0_35_34.wav
2200	0	./AudioMNIST/data/14/0_14_46.wav
2201	1	./AudioMNIST/data/01/1_01_26.wav
2202	9	./AudioMNIST/data/19/9_19_45.wav
2203	5	./AudioMNIST/data/37/5_37_46.wav
2204	8	./AudioMNIST/data/15/8_15_24.wav
2205	2	./AudioMNIST/data/29/2_29_48.wav
2206	7	./AudioMNIST/data/16/7_16_28.wav
2207	8	./AudioMNIST/data/54/8_54_4.wav
2208	5	./AudioMNIST/data/19/5_19_10.wav
2209	3	./AudioMNIST/data/25/3_25_8.wav
2210	5	./AudioMNIST/data/18/5_18_14.wav
2211	1	./AudioMNIST/data/60/1_60_33.wav
2212	6	./AudioMNIST/data/60/6_60_14.wav
2213	2	./AudioMNIST/data/06/2_06_45.wav
2214	7	./AudioMNIST/data/44/7_44_5.wav
2215	6	./AudioMNIST/data/53/6_53_27.wav
2216	5	./AudioMNIST/data/32/5_32_22.wav
2217	2	./AudioMNIST/data/12/2_12_13.wav
2218	2	./AudioMNIST/data/26/2_26_27.wav
2219	2	./AudioMNIST/data/27/2_27_27.wav
2220	6	./AudioMNIST/data/13/6_13_9.wav
2221	5	./AudioMNIST/data/11/5_11_42.wav
2222	2	./AudioMNIST/data/01/2_01_12.wav
2223	2	./AudioMNIST/data/06/2_06_40.wav
2224	5	./AudioMNIST/data/29/5_29_10.wav
2225	5	./AudioMNIST/data/42/5_42_17.wav
2226	5	./AudioMNIST/data/49/5_49_9.wav
2227	1	./AudioMNIST/data/29/1_29_40.wav
2228	6	./AudioMNIST/data/49/6_49_18.wav
2229	0	./AudioMNIST/data/38/0_38_25.wav
2230	8	./AudioMNIST/data/14/8_14_21.wav
2231	5	./AudioMNIST/data/56/5_56_15.wav
2232	1	./AudioMNIST/data/13/1_13_9.wav
2233	4	./AudioMNIST/data/43/4_43_15.wav
2234	7	./AudioMNIST/data/37/7_37_10.wav
2235	0	./AudioMNIST/data/33/0_33_38.wav
2236	9	./AudioMNIST/data/38/9_38_45.wav
2237	3	./AudioMNIST/data/10/3_10_3.wav
2238	8	./AudioMNIST/data/24/8_24_4.wav
2239	7	./AudioMNIST/data/60/7_60_33.wav
2240	5	./AudioMNIST/data/31/5_31_43.wav
2241	1	./AudioMNIST/data/48/1_48_46.wav
2242	6	./AudioMNIST/data/19/6_19_38.wav
2243	2	./AudioMNIST/data/11/2_11_33.wav
2244	7	./AudioMNIST/data/55/7_55_11.wav
2245	5	./AudioMNIST/data/46/5_46_27.wav
2246	9	./AudioMNIST/data/46/9_46_24.wav
2247	7	./AudioMNIST/data/09/7_09_36.wav
2248	8	./AudioMNIST/data/25/8_25_1.wav
2249	7	./AudioMNIST/data/32/7_32_16.wav
2250	5	./AudioMNIST/data/01/5_01_24.wav
2251	8	./AudioMNIST/data/40/8_40_49.wav
2252	1	./AudioMNIST/data/38/1_38_22.wav
2253	6	./AudioMNIST/data/56/6_56_7.wav
2254	7	./AudioMNIST/data/46/7_46_9.wav
2255	6	./AudioMNIST/data/34/6_34_40.wav
2256	4	./AudioMNIST/data/19/4_19_25.wav
2257	8	./AudioMNIST/data/11/8_11_16.wav
2258	4	./AudioMNIST/data/24/4_24_31.wav
2259	9	./AudioMNIST/data/06/9_06_3.wav
2260	9	./AudioMNIST/data/17/9_17_31.wav
2261	3	./AudioMNIST/data/16/3_16_43.wav
2262	8	./AudioMNIST/data/19/8_19_40.wav
2263	7	./AudioMNIST/data/03/7_03_24.wav
2264	9	./AudioMNIST/data/60/9_60_41.wav
2265	7	./AudioMNIST/data/24/7_24_16.wav
2266	3	./AudioMNIST/data/40/3_40_26.wav
2267	5	./AudioMNIST/data/21/5_21_23.wav
2268	4	./AudioMNIST/data/27/4_27_24.wav
2269	3	./AudioMNIST/data/16/3_16_15.wav
2270	3	./AudioMNIST/data/60/3_60_13.wav
2271	7	./AudioMNIST/data/02/7_02_4.wav
2272	4	./AudioMNIST/data/29/4_29_33.wav
2273	3	./AudioMNIST/data/42/3_42_7.wav
2274	4	./AudioMNIST/data/26/4_26_21.wav
2275	1	./AudioMNIST/data/10/1_10_11.wav
2276	4	./AudioMNIST/data/33/4_33_37.wav
2277	5	./AudioMNIST/data/17/5_17_24.wav
2278	2	./AudioMNIST/data/25/2_25_25.wav
2279	5	./AudioMNIST/data/54/5_54_22.wav
2280	2	./AudioMNIST/data/60/2_60_30.wav
2281	6	./AudioMNIST/data/20/6_20_43.wav
2282	6	./AudioMNIST/data/45/6_45_40.wav
2283	1	./AudioMNIST/data/49/1_49_38.wav
2284	4	./AudioMNIST/data/10/4_10_45.wav
2285	7	./AudioMNIST/data/21/7_21_4.wav
2286	9	./AudioMNIST/data/17/9_17_26.wav
2287	6	./AudioMNIST/data/10/6_10_49.wav
2288	0	./AudioMNIST/data/34/0_34_3.wav
2289	3	./AudioMNIST/data/03/3_03_11.wav
2290	3	./AudioMNIST/data/04/3_04_9.wav
2291	5	./AudioMNIST/data/56/5_56_47.wav
2292	8	./AudioMNIST/data/28/8_28_30.wav
2293	3	./AudioMNIST/data/35/3_35_40.wav
2294	0	./AudioMNIST/data/60/0_60_28.wav
2295	6	./AudioMNIST/data/57/6_57_33.wav
2296	5	./AudioMNIST/data/12/5_12_16.wav
2297	1	./AudioMNIST/data/56/1_56_21.wav
2298	8	./AudioMNIST/data/10/8_10_33.wav
2299	3	./AudioMNIST/data/43/3_43_24.wav
2300	7	./AudioMNIST/data/08/7_08_27.wav
2301	3	./AudioMNIST/data/42/3_42_8.wav
2302	4	./AudioMNIST/data/27/4_27_30.wav
2303	5	./AudioMNIST/data/16/5_16_9.wav
2304	8	./AudioMNIST/data/35/8_35_12.wav
2305	4	./AudioMNIST/data/06/4_06_46.wav
2306	1	./AudioMNIST/data/47/1_47_15.wav
2307	8	./AudioMNIST/data/02/8_02_15.wav
2308	9	./AudioMNIST/data/20/9_20_7.wav
2309	7	./AudioMNIST/data/07/7_07_15.wav
2310	0	./AudioMNIST/data/37/0_37_49.wav
2311	7	./AudioMNIST/data/04/7_04_14.wav
2312	8	./AudioMNIST/data/55/8_55_38.wav
2313	3	./AudioMNIST/data/59/3_59_19.wav
2314	2	./AudioMNIST/data/37/2_37_5.wav
2315	6	./AudioMNIST/data/42/6_42_14.wav
2316	8	./AudioMNIST/data/47/8_47_19.wav
2317	1	./AudioMNIST/data/18/1_18_14.wav
2318	2	./AudioMNIST/data/43/2_43_12.wav
2319	9	./AudioMNIST/data/07/9_07_15.wav
2320	7	./AudioMNIST/data/14/7_14_0.wav
2321	6	./AudioMNIST/data/55/6_55_20.wav
2322	8	./AudioMNIST/data/43/8_43_37.wav
2323	4	./AudioMNIST/data/27/4_27_28.wav
2324	8	./AudioMNIST/data/32/8_32_0.wav
2325	9	./AudioMNIST/data/10/9_10_17.wav
2326	0	./AudioMNIST/data/26/0_26_27.wav
2327	7	./AudioMNIST/data/58/7_58_6.wav
2328	7	./AudioMNIST/data/30/7_30_15.wav
2329	4	./AudioMNIST/data/02/4_02_20.wav
2330	9	./AudioMNIST/data/28/9_28_40.wav
2331	0	./AudioMNIST/data/29/0_29_37.wav
2332	7	./AudioMNIST/data/01/7_01_42.wav
2333	4	./AudioMNIST/data/54/4_54_32.wav
2334	3	./AudioMNIST/data/46/3_46_23.wav
2335	5	./AudioMNIST/data/24/5_24_33.wav
2336	3	./AudioMNIST/data/41/3_41_39.wav
2337	6	./AudioMNIST/data/48/6_48_42.wav
2338	1	./AudioMNIST/data/53/1_53_5.wav
2339	9	./AudioMNIST/data/02/9_02_22.wav
2340	0	./AudioMNIST/data/30/0_30_21.wav
2341	6	./AudioMNIST/data/37/6_37_19.wav
2342	1	./AudioMNIST/data/16/1_16_33.wav
2343	2	./AudioMNIST/data/05/2_05_7.wav
2344	9	./AudioMNIST/data/02/9_02_44.wav
2345	3	./AudioMNIST/data/05/3_05_42.wav
2346	9	./AudioMNIST/data/56/9_56_36.wav
2347	5	./AudioMNIST/data/22/5_22_12.wav
2348	2	./AudioMNIST/data/03/2_03_28.wav
2349	6	./AudioMNIST/data/54/6_54_32.wav
2350	4	./AudioMNIST/data/26/4_26_37.wav
2351	9	./AudioMNIST/data/55/9_55_41.wav
2352	6	./AudioMNIST/data/40/6_40_7.wav
2353	7	./AudioMNIST/data/59/7_59_41.wav
2354	9	./AudioMNIST/data/06/9_06_4.wav
2355	8	./AudioMNIST/data/25/8_25_9.wav
2356	6	./AudioMNIST/data/55/6_55_43.wav
2357	9	./AudioMNIST/data/56/9_56_23.wav
2358	4	./AudioMNIST/data/11/4_11_45.wav
2359	9	./AudioMNIST/data/07/9_07_1.wav
2360	6	./AudioMNIST/data/14/6_14_15.wav
2361	1	./AudioMNIST/data/52/1_52_10.wav
2362	4	./AudioMNIST/data/13/4_13_16.wav
2363	4	./AudioMNIST/data/13/4_13_45.wav
2364	1	./AudioMNIST/data/08/1_08_45.wav
2365	9	./AudioMNIST/data/47/9_47_32.wav
2366	1	./AudioMNIST/data/30/1_30_16.wav
2367	9	./AudioMNIST/data/37/9_37_42.wav
2368	8	./AudioMNIST/data/47/8_47_42.wav
2369	5	./AudioMNIST/data/01/5_01_11.wav
2370	8	./AudioMNIST/data/14/8_14_33.wav
2371	5	./AudioMNIST/data/08/5_08_28.wav
2372	8	./AudioMNIST/data/10/8_10_16.wav
2373	2	./AudioMNIST/data/49/2_49_20.wav
2374	0	./AudioMNIST/data/31/0_31_13.wav
2375	8	./AudioMNIST/data/53/8_53_8.wav
2376	8	./AudioMNIST/data/33/8_33_20.wav
2377	0	./AudioMNIST/data/15/0_15_42.wav
2378	2	./AudioMNIST/data/06/2_06_8.wav
2379	4	./AudioMNIST/data/48/4_48_3.wav
2380	9	./AudioMNIST/data/56/9_56_32.wav
2381	7	./AudioMNIST/data/43/7_43_43.wav
2382	0	./AudioMNIST/data/18/0_18_40.wav
2383	4	./AudioMNIST/data/41/4_41_30.wav
2384	4	./AudioMNIST/data/20/4_20_47.wav
2385	4	./AudioMNIST/data/03/4_03_3.wav
2386	7	./AudioMNIST/data/29/7_29_24.wav
2387	0	./AudioMNIST/data/10/0_10_2.wav
2388	7	./AudioMNIST/data/40/7_40_17.wav
2389	0	./AudioMNIST/data/45/0_45_7.wav
2390	3	./AudioMNIST/data/05/3_05_45.wav
2391	7	./AudioMNIST/data/29/7_29_34.wav
2392	7	./AudioMNIST/data/17/7_17_13.wav
2393	4	./AudioMNIST/data/52/4_52_44.wav
2394	7	./AudioMNIST/data/50/7_50_27.wav
2395	0	./AudioMNIST/data/31/0_31_23.wav
2396	3	./AudioMNIST/data/47/3_47_14.wav
2397	2	./AudioMNIST/data/31/2_31_37.wav
2398	1	./AudioMNIST/data/50/1_50_6.wav
2399	8	./AudioMNIST/data/38/8_38_13.wav
2400	3	./AudioMNIST/data/39/3_39_1.wav
2401	3	./AudioMNIST/data/25/3_25_19.wav
2402	8	./AudioMNIST/data/46/8_46_27.wav
2403	4	./AudioMNIST/data/30/4_30_4.wav
2404	2	./AudioMNIST/data/40/2_40_23.wav
2405	7	./AudioMNIST/data/51/7_51_24.wav
2406	3	./AudioMNIST/data/50/3_50_40.wav
2407	6	./AudioMNIST/data/42/6_42_11.wav
2408	9	./AudioMNIST/data/02/9_02_11.wav
2409	5	./AudioMNIST/data/05/5_05_41.wav
2410	8	./AudioMNIST/data/25/8_25_21.wav
2411	9	./AudioMNIST/data/03/9_03_25.wav
2412	7	./AudioMNIST/data/30/7_30_17.wav
2413	0	./AudioMNIST/data/49/0_49_11.wav
2414	5	./AudioMNIST/data/39/5_39_4.wav
2415	1	./AudioMNIST/data/07/1_07_45.wav
2416	0	./AudioMNIST/data/07/0_07_12.wav
2417	1	./AudioMNIST/data/14/1_14_21.wav
2418	2	./AudioMNIST/data/25/2_25_10.wav
2419	5	./AudioMNIST/data/12/5_12_21.wav
2420	2	./AudioMNIST/data/24/2_24_29.wav
2421	8	./AudioMNIST/data/23/8_23_45.wav
2422	1	./AudioMNIST/data/55/1_55_19.wav
2423	6	./AudioMNIST/data/11/6_11_24.wav
2424	7	./AudioMNIST/data/01/7_01_24.wav
2425	8	./AudioMNIST/data/01/8_01_27.wav
2426	5	./AudioMNIST/data/08/5_08_49.wav
2427	3	./AudioMNIST/data/38/3_38_14.wav
2428	4	./AudioMNIST/data/35/4_35_32.wav
2429	1	./AudioMNIST/data/53/1_53_11.wav
2430	3	./AudioMNIST/data/37/3_37_29.wav
2431	2	./AudioMNIST/data/33/2_33_47.wav
2432	2	./AudioMNIST/data/58/2_58_26.wav
2433	5	./AudioMNIST/data/55/5_55_25.wav
2434	8	./AudioMNIST/data/56/8_56_8.wav
2435	4	./AudioMNIST/data/35/4_35_23.wav
2436	6	./AudioMNIST/data/55/6_55_21.wav
2437	8	./AudioMNIST/data/36/8_36_24.wav
2438	7	./AudioMNIST/data/10/7_10_2.wav
2439	4	./AudioMNIST/data/35/4_35_4.wav
2440	8	./AudioMNIST/data/12/8_12_43.wav
2441	9	./AudioMNIST/data/26/9_26_16.wav
2442	8	./AudioMNIST/data/38/8_38_42.wav
2443	8	./AudioMNIST/data/20/8_20_33.wav
2444	5	./AudioMNIST/data/22/5_22_42.wav
2445	4	./AudioMNIST/data/23/4_23_16.wav
2446	5	./AudioMNIST/data/41/5_41_27.wav
2447	1	./AudioMNIST/data/41/1_41_39.wav
2448	3	./AudioMNIST/data/01/3_01_37.wav
2449	8	./AudioMNIST/data/05/8_05_14.wav
2450	3	./AudioMNIST/data/19/3_19_23.wav
2451	3	./AudioMNIST/data/02/3_02_28.wav
2452	0	./AudioMNIST/data/06/0_06_12.wav
2453	9	./AudioMNIST/data/13/9_13_7.wav
2454	0	./AudioMNIST/data/30/0_30_41.wav
2455	0	./AudioMNIST/data/56/0_56_31.wav
2456	1	./AudioMNIST/data/40/1_40_32.wav
2457	2	./AudioMNIST/data/54/2_54_10.wav
2458	1	./AudioMNIST/data/10/1_10_33.wav
2459	4	./AudioMNIST/data/32/4_32_43.wav
2460	7	./AudioMNIST/data/39/7_39_5.wav
2461	2	./AudioMNIST/data/04/2_04_42.wav
2462	6	./AudioMNIST/data/15/6_15_30.wav
2463	9	./AudioMNIST/data/28/9_28_12.wav
2464	6	./AudioMNIST/data/36/6_36_7.wav
2465	3	./AudioMNIST/data/33/3_33_5.wav
2466	5	./AudioMNIST/data/32/5_32_9.wav
2467	0	./AudioMNIST/data/23/0_23_31.wav
2468	6	./AudioMNIST/data/55/6_55_34.wav
2469	6	./AudioMNIST/data/59/6_59_32.wav
2470	3	./AudioMNIST/data/03/3_03_24.wav
2471	7	./AudioMNIST/data/25/7_25_45.wav
2472	0	./AudioMNIST/data/46/0_46_41.wav
2473	0	./AudioMNIST/data/54/0_54_43.wav
2474	0	./AudioMNIST/data/10/0_10_33.wav
2475	1	./AudioMNIST/data/23/1_23_28.wav
2476	2	./AudioMNIST/data/15/2_15_30.wav
2477	4	./AudioMNIST/data/15/4_15_28.wav
2478	7	./AudioMNIST/data/37/7_37_35.wav
2479	5	./AudioMNIST/data/18/5_18_24.wav
2480	4	./AudioMNIST/data/12/4_12_36.wav
2481	8	./AudioMNIST/data/55/8_55_24.wav
2482	9	./AudioMNIST/data/57/9_57_20.wav
2483	4	./AudioMNIST/data/55/4_55_18.wav
2484	6	./AudioMNIST/data/54/6_54_25.wav
2485	3	./AudioMNIST/data/42/3_42_4.wav
2486	7	./AudioMNIST/data/53/7_53_12.wav
2487	1	./AudioMNIST/data/43/1_43_1.wav
2488	9	./AudioMNIST/data/47/9_47_21.wav
2489	8	./AudioMNIST/data/37/8_37_21.wav
2490	7	./AudioMNIST/data/37/7_37_15.wav
2491	5	./AudioMNIST/data/31/5_31_5.wav
2492	1	./AudioMNIST/data/14/1_14_44.wav
2493	5	./AudioMNIST/data/24/5_24_43.wav
2494	7	./AudioMNIST/data/18/7_18_44.wav
2495	9	./AudioMNIST/data/38/9_38_21.wav
2496	9	./AudioMNIST/data/56/9_56_40.wav
2497	7	./AudioMNIST/data/50/7_50_2.wav
2498	6	./AudioMNIST/data/25/6_25_40.wav
2499	3	./AudioMNIST/data/57/3_57_26.wav
2500	4	./AudioMNIST/data/04/4_04_19.wav
2501	2	./AudioMNIST/data/05/2_05_31.wav
2502	0	./AudioMNIST/data/52/0_52_39.wav
2503	3	./AudioMNIST/data/10/3_10_42.wav
2504	2	./AudioMNIST/data/16/2_16_29.wav
2505	5	./AudioMNIST/data/31/5_31_17.wav
2506	9	./AudioMNIST/data/58/9_58_13.wav
2507	2	./AudioMNIST/data/36/2_36_19.wav
2508	7	./AudioMNIST/data/51/7_51_26.wav
2509	6	./AudioMNIST/data/51/6_51_23.wav
2510	9	./AudioMNIST/data/34/9_34_20.wav
2511	5	./AudioMNIST/data/52/5_52_36.wav
2512	1	./AudioMNIST/data/05/1_05_22.wav
2513	8	./AudioMNIST/data/29/8_29_25.wav
2514	2	./AudioMNIST/data/36/2_36_14.wav
2515	4	./AudioMNIST/data/43/4_43_49.wav
2516	1	./AudioMNIST/data/49/1_49_24.wav
2517	4	./AudioMNIST/data/12/4_12_7.wav
2518	2	./AudioMNIST/data/23/2_23_37.wav
2519	3	./AudioMNIST/data/01/3_01_4.wav
2520	8	./AudioMNIST/data/46/8_46_2.wav
2521	3	./AudioMNIST/data/21/3_21_38.wav
2522	2	./AudioMNIST/data/20/2_20_13.wav
2523	7	./AudioMNIST/data/21/7_21_16.wav
2524	7	./AudioMNIST/data/52/7_52_40.wav
2525	2	./AudioMNIST/data/36/2_36_25.wav
2526	7	./AudioMNIST/data/46/7_46_14.wav
2527	5	./AudioMNIST/data/26/5_26_32.wav
2528	6	./AudioMNIST/data/21/6_21_26.wav
2529	8	./AudioMNIST/data/47/8_47_14.wav
2530	7	./AudioMNIST/data/22/7_22_18.wav
2531	3	./AudioMNIST/data/08/3_08_41.wav
2532	9	./AudioMNIST/data/42/9_42_43.wav
2533	4	./AudioMNIST/data/17/4_17_17.wav
2534	0	./AudioMNIST/data/37/0_37_47.wav
2535	3	./AudioMNIST/data/21/3_21_41.wav
2536	8	./AudioMNIST/data/53/8_53_17.wav
2537	0	./AudioMNIST/data/15/0_15_11.wav
2538	1	./AudioMNIST/data/40/1_40_22.wav
2539	5	./AudioMNIST/data/53/5_53_30.wav
2540	1	./AudioMNIST/data/29/1_29_0.wav
2541	2	./AudioMNIST/data/08/2_08_1.wav
2542	5	./AudioMNIST/data/26/5_26_7.wav
2543	9	./AudioMNIST/data/55/9_55_34.wav
2544	6	./AudioMNIST/data/40/6_40_28.wav
2545	6	./AudioMNIST/data/03/6_03_8.wav
2546	0	./AudioMNIST/data/52/0_52_18.wav
2547	2	./AudioMNIST/data/44/2_44_1.wav
2548	2	./AudioMNIST/data/12/2_12_35.wav
2549	7	./AudioMNIST/data/19/7_19_25.wav
2550	1	./AudioMNIST/data/41/1_41_10.wav
2551	2	./AudioMNIST/data/28/2_28_30.wav
2552	5	./AudioMNIST/data/34/5_34_35.wav
2553	9	./AudioMNIST/data/28/9_28_6.wav
2554	6	./AudioMNIST/data/44/6_44_22.wav
2555	7	./AudioMNIST/data/13/7_13_7.wav
2556	8	./AudioMNIST/data/41/8_41_20.wav
2557	5	./AudioMNIST/data/05/5_05_2.wav
2558	0	./AudioMNIST/data/04/0_04_19.wav
2559	1	./AudioMNIST/data/45/1_45_46.wav
2560	7	./AudioMNIST/data/26/7_26_15.wav
2561	3	./AudioMNIST/data/49/3_49_2.wav
2562	3	./AudioMNIST/data/60/3_60_40.wav
2563	4	./AudioMNIST/data/60/4_60_40.wav
2564	7	./AudioMNIST/data/42/7_42_22.wav
2565	0	./AudioMNIST/data/46/0_46_5.wav
2566	1	./AudioMNIST/data/35/1_35_7.wav
2567	8	./AudioMNIST/data/42/8_42_25.wav
2568	1	./AudioMNIST/data/47/1_47_29.wav
2569	2	./AudioMNIST/data/04/2_04_7.wav
2570	7	./AudioMNIST/data/06/7_06_42.wav
2571	7	./AudioMNIST/data/52/7_52_32.wav
2572	0	./AudioMNIST/data/33/0_33_12.wav
2573	9	./AudioMNIST/data/04/9_04_2.wav
2574	8	./AudioMNIST/data/19/8_19_7.wav
2575	7	./AudioMNIST/data/18/7_18_2.wav
2576	1	./AudioMNIST/data/08/1_08_41.wav
2577	2	./AudioMNIST/data/05/2_05_3.wav
2578	7	./AudioMNIST/data/06/7_06_49.wav
2579	5	./AudioMNIST/data/19/5_19_22.wav
2580	8	./AudioMNIST/data/58/8_58_9.wav
2581	1	./AudioMNIST/data/43/1_43_12.wav
2582	9	./AudioMNIST/data/05/9_05_25.wav
2583	3	./AudioMNIST/data/41/3_41_33.wav
2584	9	./AudioMNIST/data/17/9_17_28.wav
2585	9	./AudioMNIST/data/22/9_22_30.wav
2586	0	./AudioMNIST/data/19/0_19_33.wav
2587	0	./AudioMNIST/data/20/0_20_39.wav
2588	2	./AudioMNIST/data/52/2_52_27.wav
2589	2	./AudioMNIST/data/19/2_19_9.wav
2590	8	./AudioMNIST/data/60/8_60_16.wav
2591	3	./AudioMNIST/data/45/3_45_6.wav
2592	9	./AudioMNIST/data/46/9_46_45.wav
2593	6	./AudioMNIST/data/15/6_15_23.wav
2594	2	./AudioMNIST/data/33/2_33_42.wav
2595	8	./AudioMNIST/data/55/8_55_36.wav
2596	7	./AudioMNIST/data/47/7_47_43.wav
2597	1	./AudioMNIST/data/21/1_21_11.wav
2598	6	./AudioMNIST/data/25/6_25_26.wav
2599	8	./AudioMNIST/data/18/8_18_49.wav
2600	8	./AudioMNIST/data/45/8_45_45.wav
2601	1	./AudioMNIST/data/19/1_19_47.wav
2602	0	./AudioMNIST/data/29/0_29_9.wav
2603	6	./AudioMNIST/data/04/6_04_3.wav
2604	4	./AudioMNIST/data/36/4_36_35.wav
2605	8	./AudioMNIST/data/13/8_13_23.wav
2606	4	./AudioMNIST/data/09/4_09_45.wav
2607	4	./AudioMNIST/data/57/4_57_2.wav
2608	5	./AudioMNIST/data/57/5_57_33.wav
2609	3	./AudioMNIST/data/15/3_15_46.wav
2610	0	./AudioMNIST/data/44/0_44_28.wav
2611	2	./AudioMNIST/data/19/2_19_30.wav
2612	2	./AudioMNIST/data/48/2_48_19.wav
2613	8	./AudioMNIST/data/07/8_07_32.wav
2614	6	./AudioMNIST/data/07/6_07_24.wav
2615	7	./AudioMNIST/data/11/7_11_27.wav
2616	8	./AudioMNIST/data/33/8_33_24.wav
2617	1	./AudioMNIST/data/53/1_53_3.wav
2618	7	./AudioMNIST/data/32/7_32_49.wav
2619	1	./AudioMNIST/data/43/1_43_27.wav
2620	4	./AudioMNIST/data/23/4_23_0.wav
2621	0	./AudioMNIST/data/09/0_09_42.wav
2622	9	./AudioMNIST/data/02/9_02_28.wav
2623	5	./AudioMNIST/data/20/5_20_33.wav
2624	0	./AudioMNIST/data/57/0_57_12.wav
2625	4	./AudioMNIST/data/43/4_43_16.wav
2626	9	./AudioMNIST/data/52/9_52_30.wav
2627	6	./AudioMNIST/data/51/6_51_22.wav
2628	0	./AudioMNIST/data/05/0_05_10.wav
2629	8	./AudioMNIST/data/29/8_29_11.wav
2630	7	./AudioMNIST/data/41/7_41_13.wav
2631	4	./AudioMNIST/data/12/4_12_46.wav
2632	3	./AudioMNIST/data/40/3_40_20.wav
2633	8	./AudioMNIST/data/04/8_04_37.wav
2634	8	./AudioMNIST/data/13/8_13_19.wav
2635	1	./AudioMNIST/data/15/1_15_18.wav
2636	1	./AudioMNIST/data/16/1_16_46.wav
2637	3	./AudioMNIST/data/02/3_02_12.wav
2638	7	./AudioMNIST/data/42/7_42_5.wav
2639	8	./AudioMNIST/data/09/8_09_7.wav
2640	8	./AudioMNIST/data/03/8_03_0.wav
2641	9	./AudioMNIST/data/45/9_45_3.wav
2642	2	./AudioMNIST/data/24/2_24_5.wav
2643	9	./AudioMNIST/data/12/9_12_21.wav
2644	8	./AudioMNIST/data/28/8_28_26.wav
2645	2	./AudioMNIST/data/41/2_41_45.wav
2646	4	./AudioMNIST/data/46/4_46_37.wav
2647	2	./AudioMNIST/data/37/2_37_15.wav
2648	0	./AudioMNIST/data/54/0_54_16.wav
2649	3	./AudioMNIST/data/22/3_22_34.wav
2650	0	./AudioMNIST/data/05/0_05_39.wav
2651	4	./AudioMNIST/data/53/4_53_13.wav
2652	7	./AudioMNIST/data/52/7_52_43.wav
2653	0	./AudioMNIST/data/07/0_07_8.wav
2654	5	./AudioMNIST/data/52/5_52_24.wav
2655	7	./AudioMNIST/data/27/7_27_30.wav
2656	2	./AudioMNIST/data/38/2_38_33.wav
2657	3	./AudioMNIST/data/49/3_49_1.wav
2658	3	./AudioMNIST/data/07/3_07_32.wav
2659	0	./AudioMNIST/data/30/0_30_5.wav
2660	5	./AudioMNIST/data/28/5_28_21.wav
2661	0	./AudioMNIST/data/47/0_47_42.wav
2662	7	./AudioMNIST/data/51/7_51_21.wav
2663	9	./AudioMNIST/data/04/9_04_11.wav
2664	6	./AudioMNIST/data/11/6_11_29.wav
2665	3	./AudioMNIST/data/44/3_44_6.wav
2666	5	./AudioMNIST/data/31/5_31_44.wav
2667	8	./AudioMNIST/data/33/8_33_14.wav
2668	7	./AudioMNIST/data/60/7_60_1.wav
2669	9	./AudioMNIST/data/20/9_20_40.wav
2670	2	./AudioMNIST/data/12/2_12_28.wav
2671	7	./AudioMNIST/data/01/7_01_41.wav
2672	8	./AudioMNIST/data/58/8_58_20.wav
2673	6	./AudioMNIST/data/10/6_10_3.wav
2674	4	./AudioMNIST/data/22/4_22_10.wav
2675	2	./AudioMNIST/data/37/2_37_22.wav
2676	2	./AudioMNIST/data/10/2_10_23.wav
2677	4	./AudioMNIST/data/44/4_44_16.wav
2678	0	./AudioMNIST/data/31/0_31_18.wav
2679	8	./AudioMNIST/data/05/8_05_29.wav
2680	3	./AudioMNIST/data/53/3_53_3.wav
2681	7	./AudioMNIST/data/47/7_47_30.wav
2682	4	./AudioMNIST/data/31/4_31_19.wav
2683	5	./AudioMNIST/data/51/5_51_22.wav
2684	3	./AudioMNIST/data/44/3_44_16.wav
2685	2	./AudioMNIST/data/41/2_41_1.wav
2686	5	./AudioMNIST/data/12/5_12_3.wav
2687	7	./AudioMNIST/data/28/7_28_47.wav
2688	2	./AudioMNIST/data/36/2_36_30.wav
2689	9	./AudioMNIST/data/36/9_36_8.wav
2690	3	./AudioMNIST/data/17/3_17_40.wav
2691	6	./AudioMNIST/data/28/6_28_7.wav
2692	7	./AudioMNIST/data/08/7_08_7.wav
2693	8	./AudioMNIST/data/42/8_42_45.wav
2694	1	./AudioMNIST/data/15/1_15_34.wav
2695	1	./AudioMNIST/data/52/1_52_20.wav
2696	5	./AudioMNIST/data/51/5_51_34.wav
2697	4	./AudioMNIST/data/36/4_36_6.wav
2698	6	./AudioMNIST/data/21/6_21_44.wav
2699	6	./AudioMNIST/data/28/6_28_41.wav
2700	7	./AudioMNIST/data/08/7_08_24.wav
2701	2	./AudioMNIST/data/11/2_11_27.wav
2702	3	./AudioMNIST/data/11/3_11_0.wav
2703	2	./AudioMNIST/data/60/2_60_11.wav
2704	9	./AudioMNIST/data/54/9_54_10.wav
2705	6	./AudioMNIST/data/44/6_44_35.wav
2706	5	./AudioMNIST/data/36/5_36_44.wav
2707	0	./AudioMNIST/data/20/0_20_30.wav
2708	1	./AudioMNIST/data/10/1_10_30.wav
2709	1	./AudioMNIST/data/47/1_47_14.wav
2710	2	./AudioMNIST/data/48/2_48_17.wav
2711	8	./AudioMNIST/data/14/8_14_46.wav
2712	8	./AudioMNIST/data/39/8_39_22.wav
2713	1	./AudioMNIST/data/17/1_17_43.wav
2714	6	./AudioMNIST/data/26/6_26_21.wav
2715	8	./AudioMNIST/data/17/8_17_36.wav
2716	7	./AudioMNIST/data/23/7_23_16.wav
2717	3	./AudioMNIST/data/22/3_22_25.wav
2718	9	./AudioMNIST/data/19/9_19_24.wav
2719	3	./AudioMNIST/data/49/3_49_10.wav
2720	8	./AudioMNIST/data/42/8_42_13.wav
2721	8	./AudioMNIST/data/60/8_60_31.wav
2722	9	./AudioMNIST/data/44/9_44_4.wav
2723	6	./AudioMNIST/data/19/6_19_35.wav
2724	0	./AudioMNIST/data/40/0_40_18.wav
2725	7	./AudioMNIST/data/21/7_21_44.wav
2726	5	./AudioMNIST/data/43/5_43_20.wav
2727	8	./AudioMNIST/data/25/8_25_38.wav
2728	0	./AudioMNIST/data/53/0_53_35.wav
2729	9	./AudioMNIST/data/48/9_48_12.wav
2730	0	./AudioMNIST/data/21/0_21_6.wav
2731	8	./AudioMNIST/data/13/8_13_3.wav
2732	5	./AudioMNIST/data/50/5_50_24.wav
2733	7	./AudioMNIST/data/25/7_25_28.wav
2734	4	./AudioMNIST/data/58/4_58_17.wav
2735	4	./AudioMNIST/data/43/4_43_0.wav
2736	7	./AudioMNIST/data/49/7_49_21.wav
2737	2	./AudioMNIST/data/48/2_48_8.wav
2738	6	./AudioMNIST/data/10/6_10_44.wav
2739	7	./AudioMNIST/data/46/7_46_0.wav
2740	1	./AudioMNIST/data/58/1_58_4.wav
2741	2	./AudioMNIST/data/46/2_46_16.wav
2742	9	./AudioMNIST/data/35/9_35_16.wav
2743	6	./AudioMNIST/data/45/6_45_19.wav
2744	2	./AudioMNIST/data/05/2_05_14.wav
2745	2	./AudioMNIST/data/47/2_47_22.wav
2746	7	./AudioMNIST/data/48/7_48_49.wav
2747	4	./AudioMNIST/data/03/4_03_48.wav
2748	4	./AudioMNIST/data/25/4_25_19.wav
2749	6	./AudioMNIST/data/39/6_39_25.wav
2750	1	./AudioMNIST/data/13/1_13_26.wav
2751	6	./AudioMNIST/data/37/6_37_37.wav
2752	6	./AudioMNIST/data/21/6_21_21.wav
2753	3	./AudioMNIST/data/30/3_30_34.wav
2754	6	./AudioMNIST/data/60/6_60_43.wav
2755	1	./AudioMNIST/data/50/1_50_1.wav
2756	3	./AudioMNIST/data/22/3_22_33.wav
2757	2	./AudioMNIST/data/47/2_47_41.wav
2758	4	./AudioMNIST/data/50/4_50_7.wav
2759	9	./AudioMNIST/data/01/9_01_43.wav
2760	5	./AudioMNIST/data/45/5_45_4.wav
2761	0	./AudioMNIST/data/55/0_55_39.wav
2762	5	./AudioMNIST/data/40/5_40_45.wav
2763	1	./AudioMNIST/data/09/1_09_4.wav
2764	4	./AudioMNIST/data/60/4_60_6.wav
2765	1	./AudioMNIST/data/44/1_44_11.wav
2766	1	./AudioMNIST/data/16/1_16_9.wav
2767	9	./AudioMNIST/data/27/9_27_4.wav
2768	5	./AudioMNIST/data/26/5_26_18.wav
2769	6	./AudioMNIST/data/55/6_55_37.wav
2770	0	./AudioMNIST/data/58/0_58_26.wav
2771	6	./AudioMNIST/data/01/6_01_42.wav
2772	7	./AudioMNIST/data/28/7_28_15.wav
2773	3	./AudioMNIST/data/22/3_22_48.wav
2774	3	./AudioMNIST/data/28/3_28_1.wav
2775	0	./AudioMNIST/data/48/0_48_7.wav
2776	1	./AudioMNIST/data/56/1_56_8.wav
2777	6	./AudioMNIST/data/12/6_12_32.wav
2778	2	./AudioMNIST/data/17/2_17_47.wav
2779	4	./AudioMNIST/data/09/4_09_49.wav
2780	6	./AudioMNIST/data/06/6_06_36.wav
2781	4	./AudioMNIST/data/09/4_09_8.wav
2782	8	./AudioMNIST/data/23/8_23_35.wav
2783	5	./AudioMNIST/data/60/5_60_7.wav
2784	1	./AudioMNIST/data/09/1_09_40.wav
2785	4	./AudioMNIST/data/57/4_57_22.wav
2786	7	./AudioMNIST/data/13/7_13_27.wav
2787	6	./AudioMNIST/data/49/6_49_36.wav
2788	9	./AudioMNIST/data/54/9_54_3.wav
2789	0	./AudioMNIST/data/37/0_37_14.wav
2790	9	./AudioMNIST/data/56/9_56_12.wav
2791	2	./AudioMNIST/data/05/2_05_13.wav
2792	6	./AudioMNIST/data/27/6_27_29.wav
2793	4	./AudioMNIST/data/06/4_06_3.wav
2794	2	./AudioMNIST/data/01/2_01_45.wav
2795	1	./AudioMNIST/data/17/1_17_27.wav
2796	2	./AudioMNIST/data/30/2_30_31.wav
2797	1	./AudioMNIST/data/52/1_52_2.wav
2798	1	./AudioMNIST/data/60/1_60_32.wav
2799	3	./AudioMNIST/data/40/3_40_12.wav
2800	4	./AudioMNIST/data/47/4_47_14.wav
2801	0	./AudioMNIST/data/56/0_56_2.wav
2802	5	./AudioMNIST/data/53/5_53_19.wav
2803	5	./AudioMNIST/data/25/5_25_49.wav
2804	0	./AudioMNIST/data/51/0_51_5.wav
2805	4	./AudioMNIST/data/03/4_03_5.wav
2806	9	./AudioMNIST/data/40/9_40_38.wav
2807	4	./AudioMNIST/data/21/4_21_43.wav
2808	9	./AudioMNIST/data/06/9_06_22.wav
2809	3	./AudioMNIST/data/38/3_38_33.wav
2810	6	./AudioMNIST/data/04/6_04_4.wav
2811	7	./AudioMNIST/data/56/7_56_26.wav
2812	7	./AudioMNIST/data/36/7_36_20.wav
2813	9	./AudioMNIST/data/43/9_43_38.wav
2814	3	./AudioMNIST/data/23/3_23_24.wav
2815	1	./AudioMNIST/data/13/1_13_0.wav
2816	9	./AudioMNIST/data/20/9_20_36.wav
2817	2	./AudioMNIST/data/30/2_30_42.wav
2818	8	./AudioMNIST/data/30/8_30_32.wav
2819	3	./AudioMNIST/data/29/3_29_40.wav
2820	1	./AudioMNIST/data/30/1_30_25.wav
2821	7	./AudioMNIST/data/12/7_12_41.wav
2822	6	./AudioMNIST/data/06/6_06_49.wav
2823	8	./AudioMNIST/data/27/8_27_34.wav
2824	3	./AudioMNIST/data/29/3_29_19.wav
2825	8	./AudioMNIST/data/37/8_37_23.wav
2826	6	./AudioMNIST/data/02/6_02_28.wav
2827	2	./AudioMNIST/data/41/2_41_3.wav
2828	5	./AudioMNIST/data/54/5_54_30.wav
2829	2	./AudioMNIST/data/50/2_50_47.wav
2830	6	./AudioMNIST/data/18/6_18_35.wav
2831	3	./AudioMNIST/data/28/3_28_15.wav
2832	8	./AudioMNIST/data/28/8_28_47.wav
2833	7	./AudioMNIST/data/12/7_12_11.wav
2834	0	./AudioMNIST/data/10/0_10_14.wav
2835	8	./AudioMNIST/data/28/8_28_40.wav
2836	3	./AudioMNIST/data/19/3_19_24.wav
2837	8	./AudioMNIST/data/06/8_06_30.wav
2838	5	./AudioMNIST/data/51/5_51_30.wav
2839	7	./AudioMNIST/data/18/7_18_27.wav
2840	7	./AudioMNIST/data/11/7_11_10.wav
2841	9	./AudioMNIST/data/37/9_37_5.wav
2842	2	./AudioMNIST/data/29/2_29_21.wav
2843	3	./AudioMNIST/data/58/3_58_11.wav
2844	9	./AudioMNIST/data/16/9_16_7.wav
2845	7	./AudioMNIST/data/51/7_51_48.wav
2846	4	./AudioMNIST/data/41/4_41_6.wav
2847	5	./AudioMNIST/data/47/5_47_17.wav
2848	9	./AudioMNIST/data/47/9_47_20.wav
2849	7	./AudioMNIST/data/59/7_59_17.wav
2850	0	./AudioMNIST/data/03/0_03_1.wav
2851	0	./AudioMNIST/data/11/0_11_12.wav
2852	3	./AudioMNIST/data/28/3_28_17.wav
2853	0	./AudioMNIST/data/50/0_50_15.wav
2854	7	./AudioMNIST/data/20/7_20_13.wav
2855	5	./AudioMNIST/data/04/5_04_21.wav
2856	5	./AudioMNIST/data/33/5_33_21.wav
2857	3	./AudioMNIST/data/23/3_23_36.wav
2858	6	./AudioMNIST/data/60/6_60_49.wav
2859	0	./AudioMNIST/data/04/0_04_12.wav
2860	3	./AudioMNIST/data/24/3_24_30.wav
2861	4	./AudioMNIST/data/53/4_53_49.wav
2862	7	./AudioMNIST/data/60/7_60_36.wav
2863	0	./AudioMNIST/data/54/0_54_33.wav
2864	3	./AudioMNIST/data/41/3_41_35.wav
2865	8	./AudioMNIST/data/48/8_48_44.wav
2866	5	./AudioMNIST/data/01/5_01_40.wav
2867	3	./AudioMNIST/data/23/3_23_20.wav
2868	3	./AudioMNIST/data/34/3_34_31.wav
2869	1	./AudioMNIST/data/57/1_57_47.wav
2870	7	./AudioMNIST/data/44/7_44_45.wav
2871	1	./AudioMNIST/data/10/1_10_8.wav
2872	5	./AudioMNIST/data/20/5_20_27.wav
2873	9	./AudioMNIST/data/19/9_19_29.wav
2874	3	./AudioMNIST/data/51/3_51_9.wav
2875	4	./AudioMNIST/data/36/4_36_49.wav
2876	4	./AudioMNIST/data/27/4_27_14.wav
2877	2	./AudioMNIST/data/19/2_19_29.wav
2878	9	./AudioMNIST/data/24/9_24_8.wav
2879	6	./AudioMNIST/data/40/6_40_49.wav
2880	9	./AudioMNIST/data/40/9_40_23.wav
2881	4	./AudioMNIST/data/01/4_01_1.wav
2882	1	./AudioMNIST/data/41/1_41_19.wav
2883	1	./AudioMNIST/data/02/1_02_39.wav
2884	6	./AudioMNIST/data/01/6_01_34.wav
2885	6	./AudioMNIST/data/28/6_28_40.wav
2886	0	./AudioMNIST/data/51/0_51_0.wav
2887	3	./AudioMNIST/data/03/3_03_42.wav
2888	0	./AudioMNIST/data/52/0_52_13.wav
2889	6	./AudioMNIST/data/31/6_31_8.wav
2890	1	./AudioMNIST/data/55/1_55_29.wav
2891	8	./AudioMNIST/data/59/8_59_48.wav
2892	7	./AudioMNIST/data/41/7_41_2.wav
2893	9	./AudioMNIST/data/19/9_19_30.wav
2894	6	./AudioMNIST/data/43/6_43_3.wav
2895	1	./AudioMNIST/data/38/1_38_6.wav
2896	9	./AudioMNIST/data/24/9_24_7.wav
2897	3	./AudioMNIST/data/31/3_31_12.wav
2898	9	./AudioMNIST/data/10/9_10_23.wav
2899	2	./AudioMNIST/data/21/2_21_38.wav
2900	1	./AudioMNIST/data/49/1_49_31.wav
2901	3	./AudioMNIST/data/45/3_45_12.wav
2902	9	./AudioMNIST/data/41/9_41_20.wav
2903	5	./AudioMNIST/data/18/5_18_27.wav
2904	5	./AudioMNIST/data/08/5_08_15.wav
2905	7	./AudioMNIST/data/44/7_44_6.wav
2906	1	./AudioMNIST/data/36/1_36_38.wav
2907	1	./AudioMNIST/data/07/1_07_16.wav
2908	9	./AudioMNIST/data/26/9_26_44.wav
2909	0	./AudioMNIST/data/13/0_13_35.wav
2910	4	./AudioMNIST/data/58/4_58_32.wav
2911	2	./AudioMNIST/data/26/2_26_19.wav
2912	7	./AudioMNIST/data/05/7_05_24.wav
2913	9	./AudioMNIST/data/32/9_32_16.wav
2914	8	./AudioMNIST/data/49/8_49_32.wav
2915	5	./AudioMNIST/data/23/5_23_33.wav
2916	0	./AudioMNIST/data/09/0_09_26.wav
2917	9	./AudioMNIST/data/50/9_50_17.wav
2918	1	./AudioMNIST/data/53/1_53_16.wav
2919	9	./AudioMNIST/data/08/9_08_12.wav
2920	2	./AudioMNIST/data/06/2_06_43.wav
2921	9	./AudioMNIST/data/28/9_28_35.wav
2922	8	./AudioMNIST/data/35/8_35_20.wav
2923	7	./AudioMNIST/data/27/7_27_39.wav
2924	2	./AudioMNIST/data/53/2_53_38.wav
2925	4	./AudioMNIST/data/08/4_08_23.wav
2926	2	./AudioMNIST/data/09/2_09_46.wav
2927	7	./AudioMNIST/data/20/7_20_9.wav
2928	3	./AudioMNIST/data/46/3_46_5.wav
2929	4	./AudioMNIST/data/25/4_25_49.wav
2930	4	./AudioMNIST/data/17/4_17_37.wav
2931	4	./AudioMNIST/data/23/4_23_47.wav
2932	1	./AudioMNIST/data/53/1_53_42.wav
2933	7	./AudioMNIST/data/36/7_36_11.wav
2934	3	./AudioMNIST/data/13/3_13_49.wav
2935	9	./AudioMNIST/data/42/9_42_17.wav
2936	8	./AudioMNIST/data/40/8_40_19.wav
2937	4	./AudioMNIST/data/53/4_53_15.wav
2938	2	./AudioMNIST/data/26/2_26_5.wav
2939	3	./AudioMNIST/data/19/3_19_48.wav
2940	7	./AudioMNIST/data/35/7_35_26.wav
2941	9	./AudioMNIST/data/01/9_01_32.wav
2942	4	./AudioMNIST/data/37/4_37_5.wav
2943	8	./AudioMNIST/data/10/8_10_1.wav
2944	9	./AudioMNIST/data/35/9_35_48.wav
2945	8	./AudioMNIST/data/45/8_45_36.wav
2946	1	./AudioMNIST/data/16/1_16_37.wav
2947	3	./AudioMNIST/data/37/3_37_16.wav
2948	8	./AudioMNIST/data/34/8_34_14.wav
2949	6	./AudioMNIST/data/31/6_31_19.wav
2950	6	./AudioMNIST/data/44/6_44_43.wav
2951	9	./AudioMNIST/data/56/9_56_43.wav
2952	8	./AudioMNIST/data/52/8_52_29.wav
2953	4	./AudioMNIST/data/12/4_12_5.wav
2954	8	./AudioMNIST/data/60/8_60_39.wav
2955	3	./AudioMNIST/data/31/3_31_43.wav
2956	4	./AudioMNIST/data/52/4_52_30.wav
2957	1	./AudioMNIST/data/49/1_49_9.wav
2958	9	./AudioMNIST/data/17/9_17_25.wav
2959	4	./AudioMNIST/data/08/4_08_30.wav
2960	6	./AudioMNIST/data/31/6_31_35.wav
2961	6	./AudioMNIST/data/16/6_16_1.wav
2962	0	./AudioMNIST/data/36/0_36_33.wav
2963	9	./AudioMNIST/data/39/9_39_23.wav
2964	2	./AudioMNIST/data/07/2_07_30.wav
2965	8	./AudioMNIST/data/11/8_11_9.wav
2966	8	./AudioMNIST/data/58/8_58_17.wav
2967	7	./AudioMNIST/data/50/7_50_30.wav
2968	0	./AudioMNIST/data/16/0_16_8.wav
2969	2	./AudioMNIST/data/01/2_01_23.wav
2970	3	./AudioMNIST/data/30/3_30_7.wav
2971	3	./AudioMNIST/data/54/3_54_18.wav
2972	5	./AudioMNIST/data/29/5_29_32.wav
2973	5	./AudioMNIST/data/16/5_16_29.wav
2974	8	./AudioMNIST/data/44/8_44_27.wav
2975	5	./AudioMNIST/data/35/5_35_2.wav
2976	1	./AudioMNIST/data/13/1_13_24.wav
2977	7	./AudioMNIST/data/40/7_40_43.wav
2978	1	./AudioMNIST/data/20/1_20_1.wav
2979	6	./AudioMNIST/data/08/6_08_24.wav
2980	2	./AudioMNIST/data/16/2_16_23.wav
2981	4	./AudioMNIST/data/30/4_30_21.wav
2982	4	./AudioMNIST/data/01/4_01_48.wav
2983	6	./AudioMNIST/data/32/6_32_28.wav
2984	1	./AudioMNIST/data/45/1_45_24.wav
2985	6	./AudioMNIST/data/37/6_37_2.wav
2986	4	./AudioMNIST/data/51/4_51_44.wav
2987	5	./AudioMNIST/data/04/5_04_9.wav
2988	2	./AudioMNIST/data/14/2_14_9.wav
2989	0	./AudioMNIST/data/08/0_08_43.wav
2990	4	./AudioMNIST/data/41/4_41_21.wav
2991	0	./AudioMNIST/data/30/0_30_1.wav
2992	8	./AudioMNIST/data/60/8_60_19.wav
2993	3	./AudioMNIST/data/25/3_25_29.wav
2994	3	./AudioMNIST/data/07/3_07_40.wav
2995	5	./AudioMNIST/data/08/5_08_14.wav
2996	6	./AudioMNIST/data/26/6_26_2.wav
2997	1	./AudioMNIST/data/35/1_35_10.wav
2998	3	./AudioMNIST/data/32/3_32_30.wav
2999	9	./AudioMNIST/data/37/9_37_25.wav
3000	7	./AudioMNIST/data/12/7_12_42.wav
3001	8	./AudioMNIST/data/06/8_06_8.wav
3002	9	./AudioMNIST/data/13/9_13_41.wav
3003	8	./AudioMNIST/data/25/8_25_37.wav
3004	6	./AudioMNIST/data/34/6_34_19.wav
3005	6	./AudioMNIST/data/29/6_29_0.wav
3006	2	./AudioMNIST/data/29/2_29_14.wav
3007	7	./AudioMNIST/data/23/7_23_2.wav
3008	2	./AudioMNIST/data/45/2_45_44.wav
3009	8	./AudioMNIST/data/54/8_54_5.wav
3010	6	./AudioMNIST/data/26/6_26_22.wav
3011	8	./AudioMNIST/data/57/8_57_35.wav
3012	8	./AudioMNIST/data/02/8_02_12.wav
3013	3	./AudioMNIST/data/33/3_33_34.wav
3014	3	./AudioMNIST/data/60/3_60_29.wav
3015	5	./AudioMNIST/data/36/5_36_22.wav
3016	5	./AudioMNIST/data/32/5_32_23.wav
3017	9	./AudioMNIST/data/34/9_34_10.wav
3018	2	./AudioMNIST/data/14/2_14_48.wav
3019	0	./AudioMNIST/data/01/0_01_33.wav
3020	2	./AudioMNIST/data/32/2_32_27.wav
3021	1	./AudioMNIST/data/60/1_60_34.wav
3022	7	./AudioMNIST/data/26/7_26_43.wav
3023	2	./AudioMNIST/data/28/2_28_35.wav
3024	8	./AudioMNIST/data/52/8_52_19.wav
3025	9	./AudioMNIST/data/44/9_44_5.wav
3026	3	./AudioMNIST/data/18/3_18_49.wav
3027	8	./AudioMNIST/data/14/8_14_28.wav
3028	3	./AudioMNIST/data/03/3_03_47.wav
3029	9	./AudioMNIST/data/58/9_58_26.wav
3030	2	./AudioMNIST/data/15/2_15_14.wav
3031	7	./AudioMNIST/data/11/7_11_18.wav
3032	0	./AudioMNIST/data/44/0_44_1.wav
3033	5	./AudioMNIST/data/28/5_28_14.wav
3034	4	./AudioMNIST/data/60/4_60_16.wav
3035	6	./AudioMNIST/data/04/6_04_48.wav
3036	3	./AudioMNIST/data/22/3_22_14.wav
3037	3	./AudioMNIST/data/47/3_47_15.wav
3038	3	./AudioMNIST/data/11/3_11_9.wav
3039	6	./AudioMNIST/data/49/6_49_29.wav
3040	0	./AudioMNIST/data/28/0_28_5.wav
3041	2	./AudioMNIST/data/55/2_55_42.wav
3042	2	./AudioMNIST/data/23/2_23_23.wav
3043	2	./AudioMNIST/data/31/2_31_29.wav
3044	0	./AudioMNIST/data/47/0_47_39.wav
3045	5	./AudioMNIST/data/05/5_05_9.wav
3046	5	./AudioMNIST/data/06/5_06_39.wav
3047	7	./AudioMNIST/data/40/7_40_18.wav
3048	3	./AudioMNIST/data/43/3_43_33.wav
3049	7	./AudioMNIST/data/15/7_15_30.wav
3050	9	./AudioMNIST/data/04/9_04_32.wav
3051	5	./AudioMNIST/data/09/5_09_26.wav
3052	1	./AudioMNIST/data/57/1_57_3.wav
3053	6	./AudioMNIST/data/01/6_01_46.wav
3054	9	./AudioMNIST/data/11/9_11_33.wav
3055	1	./AudioMNIST/data/22/1_22_19.wav
3056	4	./AudioMNIST/data/48/4_48_34.wav
3057	0	./AudioMNIST/data/43/0_43_14.wav
3058	6	./AudioMNIST/data/06/6_06_32.wav
3059	6	./AudioMNIST/data/05/6_05_8.wav
3060	9	./AudioMNIST/data/01/9_01_36.wav
3061	7	./AudioMNIST/data/51/7_51_11.wav
3062	3	./AudioMNIST/data/29/3_29_1.wav
3063	3	./AudioMNIST/data/23/3_23_43.wav
3064	7	./AudioMNIST/data/24/7_24_13.wav
3065	3	./AudioMNIST/data/22/3_22_46.wav
3066	9	./AudioMNIST/data/20/9_20_32.wav
3067	4	./AudioMNIST/data/53/4_53_4.wav
3068	7	./AudioMNIST/data/01/7_01_30.wav
3069	9	./AudioMNIST/data/12/9_12_49.wav
3070	7	./AudioMNIST/data/49/7_49_13.wav
3071	9	./AudioMNIST/data/47/9_47_31.wav
3072	2	./AudioMNIST/data/28/2_28_0.wav
3073	6	./AudioMNIST/data/42/6_42_13.wav
3074	9	./AudioMNIST/data/03/9_03_21.wav
3075	9	./AudioMNIST/data/33/9_33_16.wav
3076	7	./AudioMNIST/data/08/7_08_48.wav
3077	0	./AudioMNIST/data/59/0_59_18.wav
3078	8	./AudioMNIST/data/05/8_05_30.wav
3079	1	./AudioMNIST/data/08/1_08_32.wav
3080	0	./AudioMNIST/data/48/0_48_18.wav
3081	3	./AudioMNIST/data/07/3_07_8.wav
3082	6	./AudioMNIST/data/49/6_49_5.wav
3083	3	./AudioMNIST/data/33/3_33_42.wav
3084	6	./AudioMNIST/data/39/6_39_37.wav
3085	3	./AudioMNIST/data/18/3_18_36.wav
3086	0	./AudioMNIST/data/57/0_57_0.wav
3087	4	./AudioMNIST/data/09/4_09_16.wav
3088	2	./AudioMNIST/data/08/2_08_6.wav
3089	7	./AudioMNIST/data/52/7_52_9.wav
3090	6	./AudioMNIST/data/41/6_41_38.wav
3091	2	./AudioMNIST/data/23/2_23_35.wav
3092	5	./AudioMNIST/data/56/5_56_49.wav
3093	8	./AudioMNIST/data/47/8_47_11.wav
3094	5	./AudioMNIST/data/06/5_06_12.wav
3095	3	./AudioMNIST/data/31/3_31_15.wav
3096	5	./AudioMNIST/data/51/5_51_11.wav
3097	9	./AudioMNIST/data/47/9_47_22.wav
3098	0	./AudioMNIST/data/40/0_40_12.wav
3099	2	./AudioMNIST/data/35/2_35_33.wav
3100	8	./AudioMNIST/data/04/8_04_10.wav
3101	1	./AudioMNIST/data/45/1_45_7.wav
3102	4	./AudioMNIST/data/22/4_22_17.wav
3103	3	./AudioMNIST/data/52/3_52_1.wav
3104	5	./AudioMNIST/data/51/5_51_1.wav
3105	8	./AudioMNIST/data/37/8_37_9.wav
3106	4	./AudioMNIST/data/03/4_03_35.wav
3107	3	./AudioMNIST/data/28/3_28_10.wav
3108	0	./AudioMNIST/data/05/0_05_9.wav
3109	2	./AudioMNIST/data/13/2_13_12.wav
3110	3	./AudioMNIST/data/55/3_55_27.wav
3111	3	./AudioMNIST/data/25/3_25_36.wav
3112	8	./AudioMNIST/data/19/8_19_42.wav
3113	2	./AudioMNIST/data/10/2_10_14.wav
3114	4	./AudioMNIST/data/42/4_42_9.wav
3115	1	./AudioMNIST/data/10/1_10_49.wav
3116	6	./AudioMNIST/data/19/6_19_20.wav
3117	3	./AudioMNIST/data/55/3_55_45.wav
3118	5	./AudioMNIST/data/36/5_36_10.wav
3119	0	./AudioMNIST/data/02/0_02_37.wav
3120	8	./AudioMNIST/data/29/8_29_43.wav
3121	3	./AudioMNIST/data/20/3_20_46.wav
3122	4	./AudioMNIST/data/49/4_49_43.wav
3123	4	./AudioMNIST/data/29/4_29_21.wav
3124	1	./AudioMNIST/data/07/1_07_11.wav
3125	8	./AudioMNIST/data/50/8_50_17.wav
3126	6	./AudioMNIST/data/57/6_57_29.wav
3127	3	./AudioMNIST/data/14/3_14_17.wav
3128	6	./AudioMNIST/data/27/6_27_31.wav
3129	4	./AudioMNIST/data/58/4_58_22.wav
3130	8	./AudioMNIST/data/04/8_04_7.wav
3131	9	./AudioMNIST/data/53/9_53_34.wav
3132	5	./AudioMNIST/data/14/5_14_20.wav
3133	3	./AudioMNIST/data/13/3_13_0.wav
3134	6	./AudioMNIST/data/29/6_29_39.wav
3135	3	./AudioMNIST/data/23/3_23_17.wav
3136	1	./AudioMNIST/data/52/1_52_37.wav
3137	7	./AudioMNIST/data/27/7_27_40.wav
3138	6	./AudioMNIST/data/57/6_57_12.wav
3139	2	./AudioMNIST/data/37/2_37_36.wav
3140	1	./AudioMNIST/data/02/1_02_2.wav
3141	5	./AudioMNIST/data/38/5_38_41.wav
3142	2	./AudioMNIST/data/09/2_09_42.wav
3143	9	./AudioMNIST/data/24/9_24_2.wav
3144	2	./AudioMNIST/data/34/2_34_9.wav
3145	6	./AudioMNIST/data/29/6_29_9.wav
3146	6	./AudioMNIST/data/05/6_05_26.wav
3147	0	./AudioMNIST/data/44/0_44_36.wav
3148	9	./AudioMNIST/data/40/9_40_32.wav
3149	0	./AudioMNIST/data/26/0_26_3.wav
3150	5	./AudioMNIST/data/45/5_45_15.wav
3151	2	./AudioMNIST/data/48/2_48_1.wav
3152	9	./AudioMNIST/data/03/9_03_37.wav
3153	3	./AudioMNIST/data/33/3_33_33.wav
3154	7	./AudioMNIST/data/42/7_42_18.wav
3155	8	./AudioMNIST/data/57/8_57_24.wav
3156	6	./AudioMNIST/data/22/6_22_13.wav
3157	8	./AudioMNIST/data/56/8_56_21.wav
3158	0	./AudioMNIST/data/33/0_33_39.wav
3159	9	./AudioMNIST/data/31/9_31_44.wav
3160	1	./AudioMNIST/data/34/1_34_8.wav
3161	4	./AudioMNIST/data/07/4_07_22.wav
3162	3	./AudioMNIST/data/42/3_42_19.wav
3163	1	./AudioMNIST/data/35/1_35_16.wav
3164	9	./AudioMNIST/data/06/9_06_0.wav
3165	2	./AudioMNIST/data/38/2_38_43.wav
3166	1	./AudioMNIST/data/47/1_47_6.wav
3167	5	./AudioMNIST/data/59/5_59_9.wav
3168	5	./AudioMNIST/data/06/5_06_5.wav
3169	0	./AudioMNIST/data/03/0_03_18.wav
3170	7	./AudioMNIST/data/52/7_52_33.wav
3171	3	./AudioMNIST/data/11/3_11_29.wav
3172	2	./AudioMNIST/data/03/2_03_4.wav
3173	9	./AudioMNIST/data/53/9_53_11.wav
3174	8	./AudioMNIST/data/31/8_31_48.wav
3175	3	./AudioMNIST/data/26/3_26_31.wav
3176	1	./AudioMNIST/data/08/1_08_18.wav
3177	5	./AudioMNIST/data/50/5_50_17.wav
3178	8	./AudioMNIST/data/54/8_54_32.wav
3179	6	./AudioMNIST/data/35/6_35_1.wav
3180	6	./AudioMNIST/data/08/6_08_48.wav
3181	8	./AudioMNIST/data/13/8_13_22.wav
3182	6	./AudioMNIST/data/48/6_48_27.wav
3183	7	./AudioMNIST/data/50/7_50_24.wav
3184	8	./AudioMNIST/data/56/8_56_10.wav
3185	5	./AudioMNIST/data/18/5_18_30.wav
3186	4	./AudioMNIST/data/37/4_37_42.wav
3187	8	./AudioMNIST/data/01/8_01_28.wav
3188	3	./AudioMNIST/data/11/3_11_14.wav
3189	0	./AudioMNIST/data/50/0_50_41.wav
3190	6	./AudioMNIST/data/19/6_19_16.wav
3191	7	./AudioMNIST/data/59/7_59_45.wav
3192	9	./AudioMNIST/data/41/9_41_40.wav
3193	3	./AudioMNIST/data/49/3_49_27.wav
3194	9	./AudioMNIST/data/16/9_16_28.wav
3195	2	./AudioMNIST/data/12/2_12_10.wav
3196	7	./AudioMNIST/data/34/7_34_39.wav
3197	3	./AudioMNIST/data/41/3_41_38.wav
3198	1	./AudioMNIST/data/08/1_08_25.wav
3199	6	./AudioMNIST/data/33/6_33_35.wav
3200	5	./AudioMNIST/data/21/5_21_37.wav
3201	7	./AudioMNIST/data/15/7_15_22.wav
3202	5	./AudioMNIST/data/17/5_17_26.wav
3203	7	./AudioMNIST/data/11/7_11_21.wav
3204	4	./AudioMNIST/data/33/4_33_14.wav
3205	5	./AudioMNIST/data/23/5_23_27.wav
3206	2	./AudioMNIST/data/26/2_26_31.wav
3207	8	./AudioMNIST/data/21/8_21_35.wav
3208	8	./AudioMNIST/data/49/8_49_33.wav
3209	4	./AudioMNIST/data/51/4_51_48.wav
3210	8	./AudioMNIST/data/53/8_53_4.wav
3211	4	./AudioMNIST/data/54/4_54_1.wav
3212	5	./AudioMNIST/data/17/5_17_5.wav
3213	0	./AudioMNIST/data/22/0_22_19.wav
3214	2	./AudioMNIST/data/46/2_46_4.wav
3215	9	./AudioMNIST/data/51/9_51_10.wav
3216	9	./AudioMNIST/data/25/9_25_45.wav
3217	0	./AudioMNIST/data/02/0_02_28.wav
3218	1	./AudioMNIST/data/30/1_30_12.wav
3219	9	./AudioMNIST/data/51/9_51_40.wav
3220	7	./AudioMNIST/data/11/7_11_34.wav
3221	3	./AudioMNIST/data/20/3_20_28.wav
3222	6	./AudioMNIST/data/13/6_13_23.wav
3223	8	./AudioMNIST/data/17/8_17_9.wav
3224	5	./AudioMNIST/data/54/5_54_34.wav
3225	7	./AudioMNIST/data/26/7_26_33.wav
3226	3	./AudioMNIST/data/16/3_16_11.wav
3227	6	./AudioMNIST/data/06/6_06_37.wav
3228	0	./AudioMNIST/data/24/0_24_18.wav
3229	4	./AudioMNIST/data/53/4_53_37.wav
3230	6	./AudioMNIST/data/52/6_52_9.wav
3231	6	./AudioMNIST/data/46/6_46_25.wav
3232	9	./AudioMNIST/data/03/9_03_34.wav
3233	6	./AudioMNIST/data/12/6_12_23.wav
3234	2	./AudioMNIST/data/45/2_45_41.wav
3235	3	./AudioMNIST/data/55/3_55_26.wav
3236	1	./AudioMNIST/data/27/1_27_4.wav
3237	4	./AudioMNIST/data/01/4_01_45.wav
3238	1	./AudioMNIST/data/01/1_01_1.wav
3239	1	./AudioMNIST/data/45/1_45_31.wav
3240	2	./AudioMNIST/data/48/2_48_47.wav
3241	7	./AudioMNIST/data/04/7_04_42.wav
3242	4	./AudioMNIST/data/35/4_35_39.wav
3243	5	./AudioMNIST/data/35/5_35_15.wav
3244	3	./AudioMNIST/data/52/3_52_34.wav
3245	4	./AudioMNIST/data/02/4_02_27.wav
3246	4	./AudioMNIST/data/57/4_57_15.wav
3247	7	./AudioMNIST/data/43/7_43_37.wav
3248	2	./AudioMNIST/data/19/2_19_1.wav
3249	6	./AudioMNIST/data/12/6_12_47.wav
3250	7	./AudioMNIST/data/23/7_23_26.wav
3251	7	./AudioMNIST/data/41/7_41_43.wav
3252	8	./AudioMNIST/data/51/8_51_14.wav
3253	8	./AudioMNIST/data/38/8_38_22.wav
3254	9	./AudioMNIST/data/14/9_14_37.wav
3255	6	./AudioMNIST/data/25/6_25_10.wav
3256	3	./AudioMNIST/data/17/3_17_9.wav
3257	6	./AudioMNIST/data/23/6_23_37.wav
3258	2	./AudioMNIST/data/28/2_28_24.wav
3259	6	./AudioMNIST/data/17/6_17_24.wav
3260	2	./AudioMNIST/data/11/2_11_15.wav
3261	8	./AudioMNIST/data/33/8_33_12.wav
3262	3	./AudioMNIST/data/40/3_40_30.wav
3263	2	./AudioMNIST/data/04/2_04_33.wav
3264	5	./AudioMNIST/data/46/5_46_12.wav
3265	9	./AudioMNIST/data/02/9_02_37.wav
3266	2	./AudioMNIST/data/18/2_18_13.wav
3267	5	./AudioMNIST/data/10/5_10_22.wav
3268	5	./AudioMNIST/data/14/5_14_44.wav
3269	3	./AudioMNIST/data/31/3_31_0.wav
3270	0	./AudioMNIST/data/05/0_05_48.wav
3271	1	./AudioMNIST/data/52/1_52_34.wav
3272	6	./AudioMNIST/data/01/6_01_13.wav
3273	5	./AudioMNIST/data/51/5_51_49.wav
3274	3	./AudioMNIST/data/17/3_17_8.wav
3275	8	./AudioMNIST/data/54/8_54_40.wav
3276	9	./AudioMNIST/data/22/9_22_39.wav
3277	7	./AudioMNIST/data/06/7_06_29.wav
3278	2	./AudioMNIST/data/25/2_25_40.wav
3279	7	./AudioMNIST/data/24/7_24_5.wav
3280	1	./AudioMNIST/data/27/1_27_11.wav
3281	8	./AudioMNIST/data/31/8_31_32.wav
3282	8	./AudioMNIST/data/57/8_57_0.wav
3283	4	./AudioMNIST/data/04/4_04_23.wav
3284	3	./AudioMNIST/data/35/3_35_22.wav
3285	9	./AudioMNIST/data/04/9_04_22.wav
3286	3	./AudioMNIST/data/17/3_17_35.wav
3287	3	./AudioMNIST/data/39/3_39_37.wav
3288	9	./AudioMNIST/data/50/9_50_34.wav
3289	0	./AudioMNIST/data/18/0_18_38.wav
3290	6	./AudioMNIST/data/19/6_19_30.wav
3291	9	./AudioMNIST/data/25/9_25_35.wav
3292	7	./AudioMNIST/data/10/7_10_9.wav
3293	1	./AudioMNIST/data/35/1_35_1.wav
3294	8	./AudioMNIST/data/05/8_05_3.wav
3295	9	./AudioMNIST/data/39/9_39_46.wav
3296	9	./AudioMNIST/data/22/9_22_24.wav
3297	6	./AudioMNIST/data/04/6_04_23.wav
3298	2	./AudioMNIST/data/52/2_52_24.wav
3299	8	./AudioMNIST/data/18/8_18_20.wav
3300	4	./AudioMNIST/data/55/4_55_16.wav
3301	4	./AudioMNIST/data/15/4_15_9.wav
3302	2	./AudioMNIST/data/13/2_13_22.wav
3303	0	./AudioMNIST/data/58/0_58_20.wav
3304	0	./AudioMNIST/data/23/0_23_43.wav
3305	2	./AudioMNIST/data/29/2_29_41.wav
3306	1	./AudioMNIST/data/30/1_30_39.wav
3307	1	./AudioMNIST/data/12/1_12_35.wav
3308	7	./AudioMNIST/data/12/7_12_46.wav
3309	3	./AudioMNIST/data/19/3_19_4.wav
3310	5	./AudioMNIST/data/51/5_51_46.wav
3311	3	./AudioMNIST/data/42/3_42_14.wav
3312	4	./AudioMNIST/data/09/4_09_0.wav
3313	8	./AudioMNIST/data/08/8_08_21.wav
3314	3	./AudioMNIST/data/13/3_13_4.wav
3315	3	./AudioMNIST/data/53/3_53_5.wav
3316	6	./AudioMNIST/data/46/6_46_32.wav
3317	7	./AudioMNIST/data/25/7_25_33.wav
3318	0	./AudioMNIST/data/25/0_25_21.wav
3319	1	./AudioMNIST/data/50/1_50_37.wav
3320	7	./AudioMNIST/data/35/7_35_22.wav
3321	7	./AudioMNIST/data/46/7_46_43.wav
3322	7	./AudioMNIST/data/05/7_05_48.wav
3323	7	./AudioMNIST/data/07/7_07_27.wav
3324	3	./AudioMNIST/data/14/3_14_0.wav
3325	3	./AudioMNIST/data/04/3_04_13.wav
3326	1	./AudioMNIST/data/56/1_56_33.wav
3327	6	./AudioMNIST/data/40/6_40_38.wav
3328	9	./AudioMNIST/data/22/9_22_4.wav
3329	7	./AudioMNIST/data/10/7_10_48.wav
3330	6	./AudioMNIST/data/05/6_05_43.wav
3331	9	./AudioMNIST/data/29/9_29_22.wav
3332	7	./AudioMNIST/data/23/7_23_38.wav
3333	5	./AudioMNIST/data/60/5_60_45.wav
3334	3	./AudioMNIST/data/46/3_46_20.wav
3335	2	./AudioMNIST/data/34/2_34_15.wav
3336	1	./AudioMNIST/data/14/1_14_47.wav
3337	6	./AudioMNIST/data/35/6_35_10.wav
3338	1	./AudioMNIST/data/24/1_24_45.wav
3339	5	./AudioMNIST/data/17/5_17_31.wav
3340	5	./AudioMNIST/data/47/5_47_5.wav
3341	6	./AudioMNIST/data/25/6_25_13.wav
3342	0	./AudioMNIST/data/60/0_60_11.wav
3343	5	./AudioMNIST/data/34/5_34_32.wav
3344	5	./AudioMNIST/data/33/5_33_12.wav
3345	7	./AudioMNIST/data/54/7_54_27.wav
3346	2	./AudioMNIST/data/30/2_30_17.wav
3347	1	./AudioMNIST/data/48/1_48_35.wav
3348	2	./AudioMNIST/data/38/2_38_31.wav
3349	8	./AudioMNIST/data/17/8_17_22.wav
3350	0	./AudioMNIST/data/50/0_50_30.wav
3351	3	./AudioMNIST/data/04/3_04_41.wav
3352	4	./AudioMNIST/data/29/4_29_0.wav
3353	6	./AudioMNIST/data/16/6_16_44.wav
3354	8	./AudioMNIST/data/27/8_27_35.wav
3355	4	./AudioMNIST/data/19/4_19_27.wav
3356	8	./AudioMNIST/data/29/8_29_17.wav
3357	6	./AudioMNIST/data/04/6_04_41.wav
3358	7	./AudioMNIST/data/27/7_27_7.wav
3359	4	./AudioMNIST/data/24/4_24_24.wav
3360	3	./AudioMNIST/data/56/3_56_23.wav
3361	0	./AudioMNIST/data/29/0_29_44.wav
3362	9	./AudioMNIST/data/19/9_19_23.wav
3363	8	./AudioMNIST/data/58/8_58_47.wav
3364	6	./AudioMNIST/data/45/6_45_28.wav
3365	2	./AudioMNIST/data/33/2_33_7.wav
3366	7	./AudioMNIST/data/13/7_13_37.wav
3367	0	./AudioMNIST/data/41/0_41_14.wav
3368	9	./AudioMNIST/data/16/9_16_29.wav
3369	2	./AudioMNIST/data/17/2_17_39.wav
3370	6	./AudioMNIST/data/50/6_50_22.wav
3371	9	./AudioMNIST/data/53/9_53_14.wav
3372	6	./AudioMNIST/data/08/6_08_20.wav
3373	5	./AudioMNIST/data/09/5_09_16.wav
3374	7	./AudioMNIST/data/18/7_18_48.wav
3375	0	./AudioMNIST/data/37/0_37_26.wav
3376	3	./AudioMNIST/data/26/3_26_33.wav
3377	0	./AudioMNIST/data/49/0_49_46.wav
3378	0	./AudioMNIST/data/53/0_53_31.wav
3379	2	./AudioMNIST/data/36/2_36_2.wav
3380	7	./AudioMNIST/data/16/7_16_24.wav
3381	6	./AudioMNIST/data/52/6_52_3.wav
3382	9	./AudioMNIST/data/26/9_26_9.wav
3383	1	./AudioMNIST/data/19/1_19_20.wav
3384	0	./AudioMNIST/data/44/0_44_22.wav
3385	6	./AudioMNIST/data/05/6_05_11.wav
3386	7	./AudioMNIST/data/38/7_38_47.wav
3387	5	./AudioMNIST/data/28/5_28_11.wav
3388	7	./AudioMNIST/data/53/7_53_0.wav
3389	3	./AudioMNIST/data/20/3_20_48.wav
3390	3	./AudioMNIST/data/01/3_01_33.wav
3391	9	./AudioMNIST/data/08/9_08_41.wav
3392	7	./AudioMNIST/data/22/7_22_23.wav
3393	3	./AudioMNIST/data/36/3_36_44.wav
3394	0	./AudioMNIST/data/38/0_38_33.wav
3395	4	./AudioMNIST/data/28/4_28_20.wav
3396	6	./AudioMNIST/data/38/6_38_24.wav
3397	3	./AudioMNIST/data/36/3_36_2.wav
3398	8	./AudioMNIST/data/09/8_09_0.wav
3399	3	./AudioMNIST/data/54/3_54_33.wav
3400	3	./AudioMNIST/data/58/3_58_33.wav
3401	4	./AudioMNIST/data/17/4_17_31.wav
3402	3	./AudioMNIST/data/47/3_47_19.wav
3403	4	./AudioMNIST/data/29/4_29_4.wav
3404	7	./AudioMNIST/data/59/7_59_29.wav
3405	9	./AudioMNIST/data/04/9_04_14.wav
3406	4	./AudioMNIST/data/39/4_39_5.wav
3407	4	./AudioMNIST/data/35/4_35_19.wav
3408	2	./AudioMNIST/data/25/2_25_11.wav
3409	3	./AudioMNIST/data/33/3_33_35.wav
3410	3	./AudioMNIST/data/41/3_41_40.wav
3411	0	./AudioMNIST/data/37/0_37_21.wav
3412	4	./AudioMNIST/data/55/4_55_10.wav
3413	1	./AudioMNIST/data/10/1_10_39.wav
3414	2	./AudioMNIST/data/35/2_35_21.wav
3415	6	./AudioMNIST/data/38/6_38_33.wav
3416	5	./AudioMNIST/data/23/5_23_43.wav
3417	9	./AudioMNIST/data/33/9_33_44.wav
3418	1	./AudioMNIST/data/15/1_15_5.wav
3419	6	./AudioMNIST/data/07/6_07_43.wav
3420	0	./AudioMNIST/data/57/0_57_16.wav
3421	7	./AudioMNIST/data/01/7_01_36.wav
3422	0	./AudioMNIST/data/17/0_17_17.wav
3423	9	./AudioMNIST/data/42/9_42_10.wav
3424	0	./AudioMNIST/data/11/0_11_5.wav
3425	7	./AudioMNIST/data/49/7_49_28.wav
3426	7	./AudioMNIST/data/14/7_14_19.wav
3427	9	./AudioMNIST/data/16/9_16_18.wav
3428	0	./AudioMNIST/data/20/0_20_4.wav
3429	7	./AudioMNIST/data/14/7_14_36.wav
3430	3	./AudioMNIST/data/54/3_54_11.wav
3431	6	./AudioMNIST/data/36/6_36_49.wav
3432	0	./AudioMNIST/data/56/0_56_19.wav
3433	3	./AudioMNIST/data/23/3_23_27.wav
3434	4	./AudioMNIST/data/60/4_60_19.wav
3435	3	./AudioMNIST/data/36/3_36_30.wav
3436	8	./AudioMNIST/data/53/8_53_23.wav
3437	4	./AudioMNIST/data/58/4_58_26.wav
3438	4	./AudioMNIST/data/48/4_48_33.wav
3439	8	./AudioMNIST/data/48/8_48_35.wav
3440	0	./AudioMNIST/data/43/0_43_44.wav
3441	4	./AudioMNIST/data/36/4_36_1.wav
3442	1	./AudioMNIST/data/55/1_55_25.wav
3443	7	./AudioMNIST/data/29/7_29_15.wav
3444	6	./AudioMNIST/data/49/6_49_14.wav
3445	3	./AudioMNIST/data/07/3_07_0.wav
3446	2	./AudioMNIST/data/51/2_51_3.wav
3447	2	./AudioMNIST/data/34/2_34_27.wav
3448	5	./AudioMNIST/data/60/5_60_43.wav
3449	5	./AudioMNIST/data/43/5_43_19.wav
3450	2	./AudioMNIST/data/33/2_33_35.wav
3451	5	./AudioMNIST/data/13/5_13_23.wav
3452	3	./AudioMNIST/data/19/3_19_3.wav
3453	7	./AudioMNIST/data/09/7_09_23.wav
3454	8	./AudioMNIST/data/13/8_13_5.wav
3455	0	./AudioMNIST/data/09/0_09_19.wav
3456	9	./AudioMNIST/data/09/9_09_7.wav
3457	6	./AudioMNIST/data/51/6_51_41.wav
3458	2	./AudioMNIST/data/32/2_32_10.wav
3459	9	./AudioMNIST/data/31/9_31_14.wav
3460	6	./AudioMNIST/data/29/6_29_16.wav
3461	3	./AudioMNIST/data/59/3_59_24.wav
3462	9	./AudioMNIST/data/25/9_25_21.wav
3463	8	./AudioMNIST/data/10/8_10_9.wav
3464	6	./AudioMNIST/data/32/6_32_5.wav
3465	4	./AudioMNIST/data/56/4_56_21.wav
3466	6	./AudioMNIST/data/33/6_33_8.wav
3467	4	./AudioMNIST/data/38/4_38_27.wav
3468	5	./AudioMNIST/data/23/5_23_5.wav
3469	6	./AudioMNIST/data/47/6_47_23.wav
3470	3	./AudioMNIST/data/07/3_07_27.wav
3471	3	./AudioMNIST/data/20/3_20_21.wav
3472	9	./AudioMNIST/data/06/9_06_21.wav
3473	2	./AudioMNIST/data/10/2_10_39.wav
3474	2	./AudioMNIST/data/37/2_37_1.wav
3475	1	./AudioMNIST/data/15/1_15_47.wav
3476	0	./AudioMNIST/data/13/0_13_6.wav
3477	5	./AudioMNIST/data/02/5_02_4.wav
3478	5	./AudioMNIST/data/12/5_12_17.wav
3479	9	./AudioMNIST/data/11/9_11_42.wav
3480	3	./AudioMNIST/data/12/3_12_7.wav
3481	4	./AudioMNIST/data/15/4_15_35.wav
3482	0	./AudioMNIST/data/14/0_14_9.wav
3483	3	./AudioMNIST/data/08/3_08_16.wav
3484	0	./AudioMNIST/data/57/0_57_1.wav
3485	3	./AudioMNIST/data/59/3_59_20.wav
3486	2	./AudioMNIST/data/09/2_09_7.wav
3487	8	./AudioMNIST/data/37/8_37_4.wav
3488	5	./AudioMNIST/data/51/5_51_9.wav
3489	3	./AudioMNIST/data/13/3_13_33.wav
3490	2	./AudioMNIST/data/14/2_14_3.wav
3491	6	./AudioMNIST/data/26/6_26_12.wav
3492	2	./AudioMNIST/data/42/2_42_45.wav
3493	7	./AudioMNIST/data/07/7_07_40.wav
3494	7	./AudioMNIST/data/22/7_22_6.wav
3495	0	./AudioMNIST/data/35/0_35_33.wav
3496	2	./AudioMNIST/data/48/2_48_16.wav
3497	8	./AudioMNIST/data/10/8_10_10.wav
3498	4	./AudioMNIST/data/07/4_07_1.wav
3499	0	./AudioMNIST/data/45/0_45_39.wav
3500	1	./AudioMNIST/data/04/1_04_2.wav
3501	9	./AudioMNIST/data/60/9_60_3.wav
3502	9	./AudioMNIST/data/47/9_47_19.wav
3503	3	./AudioMNIST/data/10/3_10_2.wav
3504	0	./AudioMNIST/data/47/0_47_2.wav
3505	3	./AudioMNIST/data/30/3_30_38.wav
3506	2	./AudioMNIST/data/36/2_36_23.wav
3507	2	./AudioMNIST/data/42/2_42_19.wav
3508	2	./AudioMNIST/data/03/2_03_12.wav
3509	5	./AudioMNIST/data/03/5_03_26.wav
3510	2	./AudioMNIST/data/51/2_51_29.wav
3511	3	./AudioMNIST/data/34/3_34_34.wav
3512	2	./AudioMNIST/data/21/2_21_32.wav
3513	9	./AudioMNIST/data/58/9_58_9.wav
3514	4	./AudioMNIST/data/59/4_59_39.wav
3515	5	./AudioMNIST/data/36/5_36_16.wav
3516	8	./AudioMNIST/data/39/8_39_28.wav
3517	5	./AudioMNIST/data/58/5_58_48.wav
3518	2	./AudioMNIST/data/16/2_16_26.wav
3519	3	./AudioMNIST/data/10/3_10_39.wav
3520	1	./AudioMNIST/data/32/1_32_45.wav
3521	2	./AudioMNIST/data/54/2_54_1.wav
3522	6	./AudioMNIST/data/49/6_49_23.wav
3523	6	./AudioMNIST/data/23/6_23_17.wav
3524	6	./AudioMNIST/data/29/6_29_10.wav
3525	5	./AudioMNIST/data/11/5_11_37.wav
3526	7	./AudioMNIST/data/34/7_34_15.wav
3527	7	./AudioMNIST/data/05/7_05_5.wav
3528	3	./AudioMNIST/data/12/3_12_5.wav
3529	4	./AudioMNIST/data/34/4_34_36.wav
3530	5	./AudioMNIST/data/39/5_39_2.wav
3531	0	./AudioMNIST/data/30/0_30_15.wav
3532	9	./AudioMNIST/data/33/9_33_33.wav
3533	9	./AudioMNIST/data/47/9_47_37.wav
3534	3	./AudioMNIST/data/26/3_26_38.wav
3535	6	./AudioMNIST/data/54/6_54_29.wav
3536	2	./AudioMNIST/data/07/2_07_19.wav
3537	9	./AudioMNIST/data/10/9_10_14.wav
3538	6	./AudioMNIST/data/39/6_39_20.wav
3539	9	./AudioMNIST/data/44/9_44_7.wav
3540	9	./AudioMNIST/data/19/9_19_39.wav
3541	4	./AudioMNIST/data/31/4_31_10.wav
3542	9	./AudioMNIST/data/21/9_21_19.wav
3543	2	./AudioMNIST/data/06/2_06_2.wav
3544	6	./AudioMNIST/data/26/6_26_4.wav
3545	0	./AudioMNIST/data/51/0_51_15.wav
3546	9	./AudioMNIST/data/42/9_42_2.wav
3547	7	./AudioMNIST/data/10/7_10_36.wav
3548	0	./AudioMNIST/data/10/0_10_17.wav
3549	2	./AudioMNIST/data/60/2_60_37.wav
3550	5	./AudioMNIST/data/22/5_22_26.wav
3551	8	./AudioMNIST/data/07/8_07_43.wav
3552	1	./AudioMNIST/data/38/1_38_15.wav
3553	9	./AudioMNIST/data/46/9_46_12.wav
3554	5	./AudioMNIST/data/52/5_52_25.wav
3555	8	./AudioMNIST/data/21/8_21_12.wav
3556	0	./AudioMNIST/data/01/0_01_15.wav
3557	5	./AudioMNIST/data/60/5_60_34.wav
3558	3	./AudioMNIST/data/40/3_40_42.wav
3559	0	./AudioMNIST/data/48/0_48_16.wav
3560	8	./AudioMNIST/data/55/8_55_46.wav
3561	9	./AudioMNIST/data/15/9_15_14.wav
3562	0	./AudioMNIST/data/53/0_53_27.wav
3563	9	./AudioMNIST/data/53/9_53_21.wav
3564	9	./AudioMNIST/data/06/9_06_39.wav
3565	0	./AudioMNIST/data/16/0_16_26.wav
3566	5	./AudioMNIST/data/59/5_59_3.wav
3567	9	./AudioMNIST/data/08/9_08_21.wav
3568	6	./AudioMNIST/data/09/6_09_8.wav
3569	9	./AudioMNIST/data/59/9_59_27.wav
3570	5	./AudioMNIST/data/10/5_10_15.wav
3571	5	./AudioMNIST/data/44/5_44_36.wav
3572	9	./AudioMNIST/data/08/9_08_46.wav
3573	7	./AudioMNIST/data/36/7_36_13.wav
3574	3	./AudioMNIST/data/06/3_06_40.wav
3575	9	./AudioMNIST/data/23/9_23_48.wav
3576	9	./AudioMNIST/data/27/9_27_14.wav
3577	8	./AudioMNIST/data/32/8_32_40.wav
3578	6	./AudioMNIST/data/23/6_23_13.wav
3579	4	./AudioMNIST/data/37/4_37_18.wav
3580	2	./AudioMNIST/data/13/2_13_27.wav
3581	6	./AudioMNIST/data/30/6_30_0.wav
3582	1	./AudioMNIST/data/58/1_58_38.wav
3583	5	./AudioMNIST/data/58/5_58_21.wav
3584	7	./AudioMNIST/data/09/7_09_3.wav
3585	4	./AudioMNIST/data/34/4_34_0.wav
3586	4	./AudioMNIST/data/26/4_26_3.wav
3587	1	./AudioMNIST/data/13/1_13_4.wav
3588	5	./AudioMNIST/data/25/5_25_17.wav
3589	3	./AudioMNIST/data/34/3_34_17.wav
3590	5	./AudioMNIST/data/60/5_60_22.wav
3591	8	./AudioMNIST/data/04/8_04_24.wav
3592	8	./AudioMNIST/data/49/8_49_25.wav
3593	7	./AudioMNIST/data/28/7_28_11.wav
3594	4	./AudioMNIST/data/11/4_11_10.wav
3595	3	./AudioMNIST/data/46/3_46_31.wav
3596	6	./AudioMNIST/data/53/6_53_44.wav
3597	9	./AudioMNIST/data/30/9_30_15.wav
3598	1	./AudioMNIST/data/22/1_22_15.wav
3599	4	./AudioMNIST/data/02/4_02_0.wav
3600	6	./AudioMNIST/data/60/6_60_22.wav
3601	5	./AudioMNIST/data/41/5_41_29.wav
3602	5	./AudioMNIST/data/28/5_28_33.wav
3603	8	./AudioMNIST/data/16/8_16_41.wav
3604	0	./AudioMNIST/data/52/0_52_0.wav
3605	3	./AudioMNIST/data/05/3_05_26.wav
3606	1	./AudioMNIST/data/36/1_36_47.wav
3607	4	./AudioMNIST/data/55/4_55_37.wav
3608	3	./AudioMNIST/data/51/3_51_33.wav
3609	6	./AudioMNIST/data/22/6_22_6.wav
3610	5	./AudioMNIST/data/21/5_21_13.wav
3611	6	./AudioMNIST/data/45/6_45_48.wav
3612	7	./AudioMNIST/data/48/7_48_21.wav
3613	2	./AudioMNIST/data/15/2_15_11.wav
3614	9	./AudioMNIST/data/14/9_14_14.wav
3615	8	./AudioMNIST/data/28/8_28_28.wav
3616	3	./AudioMNIST/data/33/3_33_28.wav
3617	5	./AudioMNIST/data/42/5_42_37.wav
3618	9	./AudioMNIST/data/18/9_18_1.wav
3619	4	./AudioMNIST/data/43/4_43_48.wav
3620	8	./AudioMNIST/data/46/8_46_28.wav
3621	5	./AudioMNIST/data/19/5_19_0.wav
3622	3	./AudioMNIST/data/56/3_56_8.wav
3623	2	./AudioMNIST/data/53/2_53_41.wav
3624	7	./AudioMNIST/data/13/7_13_32.wav
3625	5	./AudioMNIST/data/16/5_16_31.wav
3626	3	./AudioMNIST/data/35/3_35_14.wav
3627	7	./AudioMNIST/data/51/7_51_30.wav
3628	2	./AudioMNIST/data/11/2_11_29.wav
3629	9	./AudioMNIST/data/23/9_23_32.wav
3630	1	./AudioMNIST/data/27/1_27_3.wav
3631	1	./AudioMNIST/data/02/1_02_7.wav
3632	4	./AudioMNIST/data/54/4_54_46.wav
3633	0	./AudioMNIST/data/29/0_29_1.wav
3634	3	./AudioMNIST/data/37/3_37_7.wav
3635	2	./AudioMNIST/data/38/2_38_17.wav
3636	7	./AudioMNIST/data/12/7_12_47.wav
3637	7	./AudioMNIST/data/59/7_59_11.wav
3638	6	./AudioMNIST/data/60/6_60_41.wav
3639	6	./AudioMNIST/data/03/6_03_27.wav
3640	8	./AudioMNIST/data/32/8_32_35.wav
3641	4	./AudioMNIST/data/05/4_05_1.wav
3642	8	./AudioMNIST/data/21/8_21_22.wav
3643	5	./AudioMNIST/data/50/5_50_32.wav
3644	2	./AudioMNIST/data/32/2_32_24.wav
3645	3	./AudioMNIST/data/05/3_05_6.wav
3646	4	./AudioMNIST/data/52/4_52_18.wav
3647	8	./AudioMNIST/data/09/8_09_13.wav
3648	3	./AudioMNIST/data/53/3_53_25.wav
3649	8	./AudioMNIST/data/50/8_50_0.wav
3650	3	./AudioMNIST/data/49/3_49_37.wav
3651	3	./AudioMNIST/data/05/3_05_19.wav
3652	2	./AudioMNIST/data/03/2_03_35.wav
3653	0	./AudioMNIST/data/03/0_03_9.wav
3654	5	./AudioMNIST/data/56/5_56_0.wav
3655	9	./AudioMNIST/data/28/9_28_7.wav
3656	4	./AudioMNIST/data/27/4_27_26.wav
3657	6	./AudioMNIST/data/31/6_31_21.wav
3658	5	./AudioMNIST/data/47/5_47_21.wav
3659	5	./AudioMNIST/data/32/5_32_45.wav
3660	0	./AudioMNIST/data/03/0_03_41.wav
3661	6	./AudioMNIST/data/49/6_49_16.wav
3662	3	./AudioMNIST/data/42/3_42_46.wav
3663	8	./AudioMNIST/data/12/8_12_29.wav
3664	4	./AudioMNIST/data/59/4_59_7.wav
3665	2	./AudioMNIST/data/08/2_08_25.wav
3666	0	./AudioMNIST/data/38/0_38_34.wav
3667	7	./AudioMNIST/data/21/7_21_14.wav
3668	8	./AudioMNIST/data/32/8_32_25.wav
3669	0	./AudioMNIST/data/46/0_46_26.wav
3670	4	./AudioMNIST/data/06/4_06_48.wav
3671	3	./AudioMNIST/data/05/3_05_43.wav
3672	8	./AudioMNIST/data/22/8_22_19.wav
3673	8	./AudioMNIST/data/41/8_41_4.wav
3674	7	./AudioMNIST/data/27/7_27_25.wav
3675	3	./AudioMNIST/data/53/3_53_42.wav
3676	4	./AudioMNIST/data/31/4_31_4.wav
3677	8	./AudioMNIST/data/59/8_59_2.wav
3678	3	./AudioMNIST/data/45/3_45_48.wav
3679	3	./AudioMNIST/data/36/3_36_25.wav
3680	4	./AudioMNIST/data/28/4_28_47.wav
3681	6	./AudioMNIST/data/34/6_34_16.wav
3682	9	./AudioMNIST/data/58/9_58_38.wav
3683	1	./AudioMNIST/data/28/1_28_38.wav
3684	1	./AudioMNIST/data/57/1_57_10.wav
3685	0	./AudioMNIST/data/41/0_41_28.wav
3686	3	./AudioMNIST/data/51/3_51_39.wav
3687	8	./AudioMNIST/data/14/8_14_2.wav
3688	2	./AudioMNIST/data/04/2_04_9.wav
3689	7	./AudioMNIST/data/14/7_14_46.wav
3690	6	./AudioMNIST/data/41/6_41_13.wav
3691	7	./AudioMNIST/data/20/7_20_33.wav
3692	0	./AudioMNIST/data/55/0_55_12.wav
3693	8	./AudioMNIST/data/11/8_11_18.wav
3694	8	./AudioMNIST/data/13/8_13_8.wav
3695	8	./AudioMNIST/data/28/8_28_46.wav
3696	0	./AudioMNIST/data/55/0_55_5.wav
3697	2	./AudioMNIST/data/07/2_07_21.wav
3698	6	./AudioMNIST/data/39/6_39_8.wav
3699	9	./AudioMNIST/data/45/9_45_16.wav
3700	3	./AudioMNIST/data/60/3_60_2.wav
3701	4	./AudioMNIST/data/37/4_37_13.wav
3702	6	./AudioMNIST/data/31/6_31_27.wav
3703	3	./AudioMNIST/data/60/3_60_28.wav
3704	9	./AudioMNIST/data/23/9_23_25.wav
3705	3	./AudioMNIST/data/28/3_28_18.wav
3706	2	./AudioMNIST/data/07/2_07_31.wav
3707	9	./AudioMNIST/data/40/9_40_40.wav
3708	9	./AudioMNIST/data/17/9_17_33.wav
3709	4	./AudioMNIST/data/22/4_22_4.wav
3710	5	./AudioMNIST/data/36/5_36_39.wav
3711	5	./AudioMNIST/data/07/5_07_11.wav
3712	8	./AudioMNIST/data/41/8_41_26.wav
3713	7	./AudioMNIST/data/55/7_55_45.wav
3714	3	./AudioMNIST/data/29/3_29_42.wav
3715	2	./AudioMNIST/data/60/2_60_28.wav
3716	4	./AudioMNIST/data/30/4_30_7.wav
3717	1	./AudioMNIST/data/57/1_57_46.wav
3718	8	./AudioMNIST/data/31/8_31_3.wav
3719	1	./AudioMNIST/data/12/1_12_30.wav
3720	8	./AudioMNIST/data/11/8_11_39.wav
3721	4	./AudioMNIST/data/45/4_45_21.wav
3722	3	./AudioMNIST/data/55/3_55_17.wav
3723	5	./AudioMNIST/data/49/5_49_10.wav
3724	1	./AudioMNIST/data/59/1_59_35.wav
3725	0	./AudioMNIST/data/19/0_19_41.wav
3726	5	./AudioMNIST/data/04/5_04_32.wav
3727	0	./AudioMNIST/data/44/0_44_38.wav
3728	3	./AudioMNIST/data/13/3_13_18.wav
3729	8	./AudioMNIST/data/35/8_35_2.wav
3730	6	./AudioMNIST/data/49/6_49_8.wav
3731	9	./AudioMNIST/data/52/9_52_26.wav
3732	3	./AudioMNIST/data/21/3_21_12.wav
3733	7	./AudioMNIST/data/56/7_56_21.wav
3734	1	./AudioMNIST/data/20/1_20_17.wav
3735	5	./AudioMNIST/data/23/5_23_17.wav
3736	9	./AudioMNIST/data/24/9_24_17.wav
3737	2	./AudioMNIST/data/18/2_18_29.wav
3738	2	./AudioMNIST/data/16/2_16_38.wav
3739	1	./AudioMNIST/data/54/1_54_43.wav
3740	3	./AudioMNIST/data/24/3_24_7.wav
3741	8	./AudioMNIST/data/48/8_48_46.wav
3742	4	./AudioMNIST/data/21/4_21_4.wav
3743	8	./AudioMNIST/data/18/8_18_3.wav
3744	4	./AudioMNIST/data/44/4_44_46.wav
3745	8	./AudioMNIST/data/34/8_34_22.wav
3746	4	./AudioMNIST/data/27/4_27_1.wav
3747	9	./AudioMNIST/data/41/9_41_5.wav
3748	0	./AudioMNIST/data/55/0_55_10.wav
3749	1	./AudioMNIST/data/04/1_04_21.wav
3750	3	./AudioMNIST/data/12/3_12_42.wav
3751	5	./AudioMNIST/data/56/5_56_9.wav
3752	4	./AudioMNIST/data/14/4_14_43.wav
3753	1	./AudioMNIST/data/47/1_47_9.wav
3754	5	./AudioMNIST/data/38/5_38_24.wav
3755	9	./AudioMNIST/data/12/9_12_2.wav
3756	7	./AudioMNIST/data/47/7_47_26.wav
3757	3	./AudioMNIST/data/26/3_26_21.wav
3758	9	./AudioMNIST/data/34/9_34_26.wav
3759	8	./AudioMNIST/data/34/8_34_6.wav
3760	7	./AudioMNIST/data/11/7_11_26.wav
3761	4	./AudioMNIST/data/49/4_49_1.wav
3762	8	./AudioMNIST/data/50/8_50_37.wav
3763	6	./AudioMNIST/data/34/6_34_26.wav
3764	9	./AudioMNIST/data/20/9_20_4.wav
3765	9	./AudioMNIST/data/14/9_14_45.wav
3766	0	./AudioMNIST/data/36/0_36_35.wav
3767	7	./AudioMNIST/data/20/7_20_8.wav
3768	9	./AudioMNIST/data/15/9_15_40.wav
3769	2	./AudioMNIST/data/01/2_01_8.wav
3770	8	./AudioMNIST/data/59/8_59_23.wav
3771	8	./AudioMNIST/data/32/8_32_13.wav
3772	0	./AudioMNIST/data/28/0_28_9.wav
3773	1	./AudioMNIST/data/23/1_23_43.wav
3774	3	./AudioMNIST/data/37/3_37_32.wav
3775	8	./AudioMNIST/data/59/8_59_31.wav
3776	4	./AudioMNIST/data/59/4_59_0.wav
3777	8	./AudioMNIST/data/39/8_39_42.wav
3778	8	./AudioMNIST/data/06/8_06_3.wav
3779	0	./AudioMNIST/data/58/0_58_3.wav
3780	2	./AudioMNIST/data/53/2_53_32.wav
3781	7	./AudioMNIST/data/37/7_37_13.wav
3782	7	./AudioMNIST/data/24/7_24_38.wav
3783	0	./AudioMNIST/data/39/0_39_16.wav
3784	6	./AudioMNIST/data/20/6_20_16.wav
3785	4	./AudioMNIST/data/58/4_58_1.wav
3786	5	./AudioMNIST/data/11/5_11_0.wav
3787	2	./AudioMNIST/data/56/2_56_3.wav
3788	7	./AudioMNIST/data/08/7_08_17.wav
3789	6	./AudioMNIST/data/41/6_41_12.wav
3790	1	./AudioMNIST/data/59/1_59_2.wav
3791	3	./AudioMNIST/data/49/3_49_16.wav
3792	9	./AudioMNIST/data/32/9_32_36.wav
3793	7	./AudioMNIST/data/59/7_59_7.wav
3794	1	./AudioMNIST/data/27/1_27_17.wav
3795	0	./AudioMNIST/data/07/0_07_25.wav
3796	0	./AudioMNIST/data/02/0_02_30.wav
3797	1	./AudioMNIST/data/28/1_28_20.wav
3798	8	./AudioMNIST/data/48/8_48_41.wav
3799	3	./AudioMNIST/data/39/3_39_3.wav
3800	6	./AudioMNIST/data/13/6_13_16.wav
3801	8	./AudioMNIST/data/05/8_05_17.wav
3802	5	./AudioMNIST/data/59/5_59_2.wav
3803	5	./AudioMNIST/data/57/5_57_12.wav
3804	9	./AudioMNIST/data/11/9_11_24.wav
3805	6	./AudioMNIST/data/01/6_01_35.wav
3806	5	./AudioMNIST/data/30/5_30_46.wav
3807	0	./AudioMNIST/data/57/0_57_47.wav
3808	3	./AudioMNIST/data/55/3_55_18.wav
3809	2	./AudioMNIST/data/19/2_19_6.wav
3810	2	./AudioMNIST/data/34/2_34_47.wav
3811	2	./AudioMNIST/data/06/2_06_11.wav
3812	6	./AudioMNIST/data/53/6_53_0.wav
3813	2	./AudioMNIST/data/49/2_49_34.wav
3814	5	./AudioMNIST/data/50/5_50_13.wav
3815	1	./AudioMNIST/data/11/1_11_47.wav
3816	5	./AudioMNIST/data/38/5_38_10.wav
3817	9	./AudioMNIST/data/50/9_50_10.wav
3818	2	./AudioMNIST/data/46/2_46_14.wav
3819	3	./AudioMNIST/data/20/3_20_31.wav
3820	7	./AudioMNIST/data/36/7_36_7.wav
3821	4	./AudioMNIST/data/33/4_33_12.wav
3822	5	./AudioMNIST/data/12/5_12_19.wav
3823	8	./AudioMNIST/data/25/8_25_27.wav
3824	8	./AudioMNIST/data/28/8_28_23.wav
3825	0	./AudioMNIST/data/53/0_53_10.wav
3826	9	./AudioMNIST/data/33/9_33_49.wav
3827	1	./AudioMNIST/data/17/1_17_3.wav
3828	2	./AudioMNIST/data/01/2_01_7.wav
3829	3	./AudioMNIST/data/42/3_42_24.wav
3830	2	./AudioMNIST/data/39/2_39_28.wav
3831	2	./AudioMNIST/data/52/2_52_2.wav
3832	0	./AudioMNIST/data/43/0_43_25.wav
3833	9	./AudioMNIST/data/28/9_28_45.wav
3834	9	./AudioMNIST/data/40/9_40_11.wav
3835	7	./AudioMNIST/data/23/7_23_30.wav
3836	2	./AudioMNIST/data/45/2_45_3.wav
3837	8	./AudioMNIST/data/32/8_32_44.wav
3838	9	./AudioMNIST/data/16/9_16_42.wav
3839	0	./AudioMNIST/data/17/0_17_44.wav
3840	9	./AudioMNIST/data/35/9_35_36.wav
3841	3	./AudioMNIST/data/11/3_11_42.wav
3842	6	./AudioMNIST/data/26/6_26_3.wav
3843	6	./AudioMNIST/data/27/6_27_15.wav
3844	8	./AudioMNIST/data/38/8_38_1.wav
3845	9	./AudioMNIST/data/23/9_23_18.wav
3846	2	./AudioMNIST/data/42/2_42_32.wav
3847	6	./AudioMNIST/data/50/6_50_43.wav
3848	3	./AudioMNIST/data/03/3_03_26.wav
3849	1	./AudioMNIST/data/09/1_09_15.wav
3850	5	./AudioMNIST/data/51/5_51_8.wav
3851	5	./AudioMNIST/data/15/5_15_11.wav
3852	9	./AudioMNIST/data/53/9_53_13.wav
3853	6	./AudioMNIST/data/46/6_46_49.wav
3854	6	./AudioMNIST/data/29/6_29_49.wav
3855	9	./AudioMNIST/data/37/9_37_37.wav
3856	1	./AudioMNIST/data/44/1_44_32.wav
3857	6	./AudioMNIST/data/31/6_31_5.wav
3858	5	./AudioMNIST/data/50/5_50_26.wav
3859	3	./AudioMNIST/data/16/3_16_30.wav
3860	0	./AudioMNIST/data/57/0_57_9.wav
3861	5	./AudioMNIST/data/52/5_52_46.wav
3862	4	./AudioMNIST/data/06/4_06_0.wav
3863	0	./AudioMNIST/data/04/0_04_49.wav
3864	0	./AudioMNIST/data/55/0_55_31.wav
3865	2	./AudioMNIST/data/25/2_25_15.wav
3866	8	./AudioMNIST/data/41/8_41_34.wav
3867	9	./AudioMNIST/data/46/9_46_20.wav
3868	7	./AudioMNIST/data/28/7_28_8.wav
3869	7	./AudioMNIST/data/50/7_50_23.wav
3870	1	./AudioMNIST/data/33/1_33_38.wav
3871	8	./AudioMNIST/data/40/8_40_12.wav
3872	0	./AudioMNIST/data/33/0_33_36.wav
3873	8	./AudioMNIST/data/56/8_56_31.wav
3874	5	./AudioMNIST/data/52/5_52_22.wav
3875	0	./AudioMNIST/data/41/0_41_25.wav
3876	6	./AudioMNIST/data/30/6_30_20.wav
3877	7	./AudioMNIST/data/45/7_45_44.wav
3878	0	./AudioMNIST/data/14/0_14_16.wav
3879	0	./AudioMNIST/data/10/0_10_5.wav
3880	1	./AudioMNIST/data/57/1_57_43.wav
3881	6	./AudioMNIST/data/32/6_32_35.wav
3882	3	./AudioMNIST/data/41/3_41_17.wav
3883	7	./AudioMNIST/data/06/7_06_34.wav
3884	2	./AudioMNIST/data/54/2_54_20.wav
3885	5	./AudioMNIST/data/54/5_54_17.wav
3886	5	./AudioMNIST/data/30/5_30_13.wav
3887	2	./AudioMNIST/data/60/2_60_26.wav
3888	9	./AudioMNIST/data/34/9_34_8.wav
3889	8	./AudioMNIST/data/34/8_34_15.wav
3890	6	./AudioMNIST/data/36/6_36_8.wav
3891	0	./AudioMNIST/data/09/0_09_44.wav
3892	8	./AudioMNIST/data/44/8_44_4.wav
3893	1	./AudioMNIST/data/05/1_05_23.wav
3894	1	./AudioMNIST/data/50/1_50_19.wav
3895	2	./AudioMNIST/data/59/2_59_40.wav
3896	8	./AudioMNIST/data/33/8_33_30.wav
3897	8	./AudioMNIST/data/11/8_11_17.wav
3898	9	./AudioMNIST/data/14/9_14_22.wav
3899	2	./AudioMNIST/data/31/2_31_35.wav
3900	2	./AudioMNIST/data/01/2_01_5.wav
3901	8	./AudioMNIST/data/57/8_57_11.wav
3902	3	./AudioMNIST/data/06/3_06_13.wav
3903	3	./AudioMNIST/data/59/3_59_33.wav
3904	7	./AudioMNIST/data/49/7_49_29.wav
3905	8	./AudioMNIST/data/14/8_14_15.wav
3906	7	./AudioMNIST/data/47/7_47_2.wav
3907	8	./AudioMNIST/data/52/8_52_6.wav
3908	8	./AudioMNIST/data/30/8_30_16.wav
3909	5	./AudioMNIST/data/16/5_16_16.wav
3910	8	./AudioMNIST/data/48/8_48_9.wav
3911	2	./AudioMNIST/data/04/2_04_22.wav
3912	7	./AudioMNIST/data/38/7_38_33.wav
3913	1	./AudioMNIST/data/50/1_50_17.wav
3914	9	./AudioMNIST/data/36/9_36_4.wav
3915	5	./AudioMNIST/data/34/5_34_15.wav
3916	8	./AudioMNIST/data/50/8_50_9.wav
3917	6	./AudioMNIST/data/60/6_60_2.wav
3918	3	./AudioMNIST/data/38/3_38_41.wav
3919	6	./AudioMNIST/data/54/6_54_9.wav
3920	9	./AudioMNIST/data/17/9_17_15.wav
3921	7	./AudioMNIST/data/42/7_42_2.wav
3922	8	./AudioMNIST/data/20/8_20_3.wav
3923	2	./AudioMNIST/data/59/2_59_35.wav
3924	7	./AudioMNIST/data/24/7_24_21.wav
3925	9	./AudioMNIST/data/50/9_50_11.wav
3926	2	./AudioMNIST/data/13/2_13_40.wav
3927	5	./AudioMNIST/data/01/5_01_42.wav
3928	7	./AudioMNIST/data/27/7_27_31.wav
3929	3	./AudioMNIST/data/17/3_17_30.wav
3930	2	./AudioMNIST/data/58/2_58_46.wav
3931	3	./AudioMNIST/data/42/3_42_35.wav
3932	5	./AudioMNIST/data/33/5_33_7.wav
3933	4	./AudioMNIST/data/33/4_33_2.wav
3934	2	./AudioMNIST/data/11/2_11_8.wav
3935	6	./AudioMNIST/data/53/6_53_45.wav
3936	3	./AudioMNIST/data/37/3_37_21.wav
3937	5	./AudioMNIST/data/42/5_42_27.wav
3938	8	./AudioMNIST/data/14/8_14_25.wav
3939	0	./AudioMNIST/data/06/0_06_41.wav
3940	5	./AudioMNIST/data/59/5_59_4.wav
3941	6	./AudioMNIST/data/52/6_52_27.wav
3942	9	./AudioMNIST/data/58/9_58_24.wav
3943	2	./AudioMNIST/data/25/2_25_9.wav
3944	3	./AudioMNIST/data/06/3_06_25.wav
3945	4	./AudioMNIST/data/58/4_58_33.wav
3946	2	./AudioMNIST/data/18/2_18_32.wav
3947	9	./AudioMNIST/data/21/9_21_37.wav
3948	8	./AudioMNIST/data/27/8_27_6.wav
3949	8	./AudioMNIST/data/42/8_42_23.wav
3950	8	./AudioMNIST/data/41/8_41_45.wav
3951	7	./AudioMNIST/data/40/7_40_20.wav
3952	0	./AudioMNIST/data/29/0_29_19.wav
3953	4	./AudioMNIST/data/27/4_27_47.wav
3954	3	./AudioMNIST/data/28/3_28_20.wav
3955	4	./AudioMNIST/data/35/4_35_44.wav
3956	5	./AudioMNIST/data/17/5_17_30.wav
3957	4	./AudioMNIST/data/28/4_28_41.wav
3958	3	./AudioMNIST/data/03/3_03_37.wav
3959	2	./AudioMNIST/data/29/2_29_13.wav
3960	3	./AudioMNIST/data/43/3_43_35.wav
3961	9	./AudioMNIST/data/13/9_13_16.wav
3962	8	./AudioMNIST/data/57/8_57_1.wav
3963	5	./AudioMNIST/data/05/5_05_43.wav
3964	9	./AudioMNIST/data/34/9_34_17.wav
3965	4	./AudioMNIST/data/48/4_48_16.wav
3966	7	./AudioMNIST/data/56/7_56_2.wav
3967	1	./AudioMNIST/data/41/1_41_20.wav
3968	2	./AudioMNIST/data/07/2_07_26.wav
3969	7	./AudioMNIST/data/35/7_35_49.wav
3970	2	./AudioMNIST/data/52/2_52_41.wav
3971	6	./AudioMNIST/data/09/6_09_41.wav
3972	4	./AudioMNIST/data/58/4_58_16.wav
3973	1	./AudioMNIST/data/25/1_25_17.wav
3974	0	./AudioMNIST/data/06/0_06_22.wav
3975	6	./AudioMNIST/data/05/6_05_34.wav
3976	1	./AudioMNIST/data/21/1_21_48.wav
3977	0	./AudioMNIST/data/24/0_24_5.wav
3978	7	./AudioMNIST/data/03/7_03_17.wav
3979	1	./AudioMNIST/data/49/1_49_39.wav
3980	3	./AudioMNIST/data/53/3_53_28.wav
3981	7	./AudioMNIST/data/37/7_37_28.wav
3982	0	./AudioMNIST/data/41/0_41_32.wav
3983	8	./AudioMNIST/data/60/8_60_41.wav
3984	0	./AudioMNIST/data/09/0_09_8.wav
3985	6	./AudioMNIST/data/57/6_57_45.wav
3986	6	./AudioMNIST/data/13/6_13_49.wav
3987	8	./AudioMNIST/data/14/8_14_48.wav
3988	1	./AudioMNIST/data/11/1_11_25.wav
3989	6	./AudioMNIST/data/36/6_36_14.wav
3990	5	./AudioMNIST/data/28/5_28_19.wav
3991	5	./AudioMNIST/data/25/5_25_7.wav
3992	5	./AudioMNIST/data/56/5_56_17.wav
3993	8	./AudioMNIST/data/28/8_28_3.wav
3994	4	./AudioMNIST/data/50/4_50_8.wav
3995	4	./AudioMNIST/data/44/4_44_5.wav
3996	3	./AudioMNIST/data/47/3_47_45.wav
3997	0	./AudioMNIST/data/01/0_01_48.wav
3998	3	./AudioMNIST/data/35/3_35_28.wav
3999	7	./AudioMNIST/data/46/7_46_8.wav
4000	3	./AudioMNIST/data/26/3_26_15.wav
4001	0	./AudioMNIST/data/12/0_12_23.wav
4002	1	./AudioMNIST/data/17/1_17_23.wav
4003	1	./AudioMNIST/data/08/1_08_35.wav
4004	1	./AudioMNIST/data/01/1_01_48.wav
4005	1	./AudioMNIST/data/49/1_49_1.wav
4006	1	./AudioMNIST/data/39/1_39_4.wav
4007	0	./AudioMNIST/data/28/0_28_12.wav
4008	4	./AudioMNIST/data/08/4_08_13.wav
4009	5	./AudioMNIST/data/59/5_59_14.wav
4010	9	./AudioMNIST/data/13/9_13_48.wav
4011	8	./AudioMNIST/data/43/8_43_18.wav
4012	6	./AudioMNIST/data/21/6_21_1.wav
4013	1	./AudioMNIST/data/13/1_13_41.wav
4014	8	./AudioMNIST/data/09/8_09_11.wav
4015	1	./AudioMNIST/data/39/1_39_14.wav
4016	3	./AudioMNIST/data/01/3_01_1.wav
4017	8	./AudioMNIST/data/59/8_59_28.wav
4018	0	./AudioMNIST/data/12/0_12_37.wav
4019	3	./AudioMNIST/data/15/3_15_36.wav
4020	6	./AudioMNIST/data/53/6_53_39.wav
4021	0	./AudioMNIST/data/07/0_07_5.wav
4022	6	./AudioMNIST/data/58/6_58_12.wav
4023	7	./AudioMNIST/data/13/7_13_19.wav
4024	2	./AudioMNIST/data/60/2_60_0.wav
4025	1	./AudioMNIST/data/05/1_05_31.wav
4026	6	./AudioMNIST/data/54/6_54_11.wav
4027	1	./AudioMNIST/data/31/1_31_4.wav
4028	9	./AudioMNIST/data/45/9_45_35.wav
4029	6	./AudioMNIST/data/06/6_06_26.wav
4030	5	./AudioMNIST/data/44/5_44_46.wav
4031	9	./AudioMNIST/data/19/9_19_2.wav
4032	8	./AudioMNIST/data/50/8_50_8.wav
4033	5	./AudioMNIST/data/02/5_02_3.wav
4034	3	./AudioMNIST/data/25/3_25_22.wav
4035	7	./AudioMNIST/data/41/7_41_14.wav
4036	1	./AudioMNIST/data/39/1_39_3.wav
4037	6	./AudioMNIST/data/54/6_54_23.wav
4038	9	./AudioMNIST/data/09/9_09_33.wav
4039	2	./AudioMNIST/data/48/2_48_0.wav
4040	4	./AudioMNIST/data/25/4_25_23.wav
4041	1	./AudioMNIST/data/18/1_18_12.wav
4042	4	./AudioMNIST/data/38/4_38_40.wav
4043	0	./AudioMNIST/data/31/0_31_44.wav
4044	2	./AudioMNIST/data/49/2_49_25.wav
4045	4	./AudioMNIST/data/09/4_09_9.wav
4046	6	./AudioMNIST/data/59/6_59_45.wav
4047	5	./AudioMNIST/data/49/5_49_11.wav
4048	5	./AudioMNIST/data/40/5_40_26.wav
4049	4	./AudioMNIST/data/17/4_17_47.wav
4050	9	./AudioMNIST/data/57/9_57_45.wav
4051	5	./AudioMNIST/data/41/5_41_38.wav
4052	0	./AudioMNIST/data/36/0_36_47.wav
4053	7	./AudioMNIST/data/46/7_46_42.wav
4054	0	./AudioMNIST/data/03/0_03_36.wav
4055	4	./AudioMNIST/data/46/4_46_22.wav
4056	2	./AudioMNIST/data/03/2_03_16.wav
4057	4	./AudioMNIST/data/49/4_49_27.wav
4058	0	./AudioMNIST/data/56/0_56_6.wav
4059	6	./AudioMNIST/data/37/6_37_13.wav
4060	7	./AudioMNIST/data/50/7_50_28.wav
4061	7	./AudioMNIST/data/15/7_15_6.wav
4062	6	./AudioMNIST/data/27/6_27_1.wav
4063	6	./AudioMNIST/data/12/6_12_0.wav
4064	9	./AudioMNIST/data/15/9_15_11.wav
4065	4	./AudioMNIST/data/54/4_54_9.wav
4066	9	./AudioMNIST/data/57/9_57_6.wav
4067	3	./AudioMNIST/data/43/3_43_0.wav
4068	3	./AudioMNIST/data/19/3_19_6.wav
4069	3	./AudioMNIST/data/08/3_08_43.wav
4070	4	./AudioMNIST/data/38/4_38_26.wav
4071	6	./AudioMNIST/data/55/6_55_14.wav
4072	0	./AudioMNIST/data/20/0_20_23.wav
4073	7	./AudioMNIST/data/13/7_13_12.wav
4074	2	./AudioMNIST/data/44/2_44_42.wav
4075	7	./AudioMNIST/data/32/7_32_31.wav
4076	3	./AudioMNIST/data/59/3_59_37.wav
4077	5	./AudioMNIST/data/18/5_18_48.wav
4078	8	./AudioMNIST/data/27/8_27_9.wav
4079	2	./AudioMNIST/data/10/2_10_48.wav
4080	3	./AudioMNIST/data/04/3_04_16.wav
4081	5	./AudioMNIST/data/02/5_02_39.wav
4082	1	./AudioMNIST/data/31/1_31_33.wav
4083	6	./AudioMNIST/data/11/6_11_17.wav
4084	4	./AudioMNIST/data/48/4_48_21.wav
4085	2	./AudioMNIST/data/10/2_10_33.wav
4086	4	./AudioMNIST/data/45/4_45_42.wav
4087	4	./AudioMNIST/data/60/4_60_3.wav
4088	8	./AudioMNIST/data/41/8_41_12.wav
4089	0	./AudioMNIST/data/09/0_09_37.wav
4090	6	./AudioMNIST/data/24/6_24_3.wav
4091	9	./AudioMNIST/data/33/9_33_5.wav
4092	3	./AudioMNIST/data/44/3_44_3.wav
4093	5	./AudioMNIST/data/34/5_34_44.wav
4094	6	./AudioMNIST/data/34/6_34_45.wav
4095	6	./AudioMNIST/data/33/6_33_39.wav
4096	7	./AudioMNIST/data/14/7_14_47.wav
4097	5	./AudioMNIST/data/32/5_32_19.wav
4098	6	./AudioMNIST/data/37/6_37_7.wav
4099	9	./AudioMNIST/data/49/9_49_39.wav
4100	4	./AudioMNIST/data/46/4_46_16.wav
4101	2	./AudioMNIST/data/12/2_12_8.wav
4102	9	./AudioMNIST/data/27/9_27_39.wav
4103	6	./AudioMNIST/data/37/6_37_46.wav
4104	4	./AudioMNIST/data/08/4_08_48.wav
4105	2	./AudioMNIST/data/20/2_20_11.wav
4106	9	./AudioMNIST/data/16/9_16_0.wav
4107	2	./AudioMNIST/data/54/2_54_24.wav
4108	4	./AudioMNIST/data/19/4_19_19.wav
4109	0	./AudioMNIST/data/20/0_20_8.wav
4110	2	./AudioMNIST/data/24/2_24_17.wav
4111	5	./AudioMNIST/data/37/5_37_8.wav
4112	5	./AudioMNIST/data/42/5_42_33.wav
4113	1	./AudioMNIST/data/54/1_54_17.wav
4114	1	./AudioMNIST/data/39/1_39_1.wav
4115	3	./AudioMNIST/data/47/3_47_27.wav
4116	3	./AudioMNIST/data/49/3_49_22.wav
4117	5	./AudioMNIST/data/43/5_43_5.wav
4118	6	./AudioMNIST/data/51/6_51_44.wav
4119	0	./AudioMNIST/data/01/0_01_32.wav
4120	7	./AudioMNIST/data/01/7_01_7.wav
4121	1	./AudioMNIST/data/03/1_03_7.wav
4122	9	./AudioMNIST/data/18/9_18_9.wav
4123	2	./AudioMNIST/data/28/2_28_18.wav
4124	5	./AudioMNIST/data/39/5_39_42.wav
4125	2	./AudioMNIST/data/45/2_45_45.wav
4126	6	./AudioMNIST/data/16/6_16_19.wav
4127	0	./AudioMNIST/data/24/0_24_38.wav
4128	4	./AudioMNIST/data/14/4_14_45.wav
4129	8	./AudioMNIST/data/35/8_35_29.wav
4130	5	./AudioMNIST/data/40/5_40_11.wav
4131	6	./AudioMNIST/data/06/6_06_41.wav
4132	0	./AudioMNIST/data/37/0_37_20.wav
4133	1	./AudioMNIST/data/02/1_02_22.wav
4134	3	./AudioMNIST/data/05/3_05_8.wav
4135	3	./AudioMNIST/data/60/3_60_5.wav
4136	7	./AudioMNIST/data/47/7_47_32.wav
4137	2	./AudioMNIST/data/40/2_40_45.wav
4138	0	./AudioMNIST/data/30/0_30_7.wav
4139	2	./AudioMNIST/data/37/2_37_19.wav
4140	6	./AudioMNIST/data/57/6_57_49.wav
4141	6	./AudioMNIST/data/52/6_52_34.wav
4142	3	./AudioMNIST/data/59/3_59_9.wav
4143	5	./AudioMNIST/data/16/5_16_47.wav
4144	0	./AudioMNIST/data/15/0_15_0.wav
4145	3	./AudioMNIST/data/29/3_29_36.wav
4146	8	./AudioMNIST/data/56/8_56_35.wav
4147	1	./AudioMNIST/data/24/1_24_17.wav
4148	1	./AudioMNIST/data/05/1_05_16.wav
4149	7	./AudioMNIST/data/21/7_21_45.wav
4150	2	./AudioMNIST/data/08/2_08_0.wav
4151	0	./AudioMNIST/data/33/0_33_10.wav
4152	0	./AudioMNIST/data/58/0_58_33.wav
4153	3	./AudioMNIST/data/06/3_06_2.wav
4154	2	./AudioMNIST/data/29/2_29_1.wav
4155	4	./AudioMNIST/data/17/4_17_13.wav
4156	0	./AudioMNIST/data/22/0_22_37.wav
4157	0	./AudioMNIST/data/37/0_37_5.wav
4158	3	./AudioMNIST/data/53/3_53_30.wav
4159	0	./AudioMNIST/data/55/0_55_42.wav
4160	1	./AudioMNIST/data/28/1_28_30.wav
4161	5	./AudioMNIST/data/08/5_08_43.wav
4162	0	./AudioMNIST/data/23/0_23_28.wav
4163	3	./AudioMNIST/data/15/3_15_20.wav
4164	8	./AudioMNIST/data/18/8_18_30.wav
4165	8	./AudioMNIST/data/58/8_58_36.wav
4166	6	./AudioMNIST/data/41/6_41_7.wav
4167	7	./AudioMNIST/data/07/7_07_21.wav
4168	3	./AudioMNIST/data/54/3_54_48.wav
4169	1	./AudioMNIST/data/51/1_51_33.wav
4170	4	./AudioMNIST/data/16/4_16_14.wav
4171	4	./AudioMNIST/data/11/4_11_13.wav
4172	0	./AudioMNIST/data/55/0_55_1.wav
4173	9	./AudioMNIST/data/49/9_49_46.wav
4174	2	./AudioMNIST/data/30/2_30_22.wav
4175	4	./AudioMNIST/data/26/4_26_34.wav
4176	6	./AudioMNIST/data/13/6_13_19.wav
4177	6	./AudioMNIST/data/59/6_59_38.wav
4178	5	./AudioMNIST/data/50/5_50_29.wav
4179	9	./AudioMNIST/data/39/9_39_29.wav
4180	6	./AudioMNIST/data/05/6_05_35.wav
4181	5	./AudioMNIST/data/13/5_13_0.wav
4182	4	./AudioMNIST/data/03/4_03_27.wav
4183	2	./AudioMNIST/data/36/2_36_11.wav
4184	0	./AudioMNIST/data/19/0_19_1.wav
4185	2	./AudioMNIST/data/17/2_17_8.wav
4186	2	./AudioMNIST/data/32/2_32_38.wav
4187	1	./AudioMNIST/data/12/1_12_25.wav
4188	8	./AudioMNIST/data/44/8_44_11.wav
4189	7	./AudioMNIST/data/02/7_02_9.wav
4190	0	./AudioMNIST/data/56/0_56_26.wav
4191	9	./AudioMNIST/data/59/9_59_43.wav
4192	9	./AudioMNIST/data/50/9_50_27.wav
4193	9	./AudioMNIST/data/03/9_03_2.wav
4194	9	./AudioMNIST/data/35/9_35_33.wav
4195	5	./AudioMNIST/data/53/5_53_43.wav
4196	2	./AudioMNIST/data/07/2_07_0.wav
4197	9	./AudioMNIST/data/11/9_11_16.wav
4198	3	./AudioMNIST/data/10/3_10_25.wav
4199	2	./AudioMNIST/data/49/2_49_30.wav
4200	6	./AudioMNIST/data/05/6_05_22.wav
4201	9	./AudioMNIST/data/28/9_28_27.wav
4202	0	./AudioMNIST/data/46/0_46_19.wav
4203	1	./AudioMNIST/data/09/1_09_28.wav
4204	7	./AudioMNIST/data/56/7_56_44.wav
4205	8	./AudioMNIST/data/04/8_04_40.wav
4206	6	./AudioMNIST/data/50/6_50_24.wav
4207	5	./AudioMNIST/data/09/5_09_35.wav
4208	6	./AudioMNIST/data/37/6_37_23.wav
4209	6	./AudioMNIST/data/53/6_53_34.wav
4210	0	./AudioMNIST/data/38/0_38_31.wav
4211	0	./AudioMNIST/data/13/0_13_5.wav
4212	9	./AudioMNIST/data/60/9_60_17.wav
4213	0	./AudioMNIST/data/30/0_30_23.wav
4214	5	./AudioMNIST/data/43/5_43_49.wav
4215	8	./AudioMNIST/data/15/8_15_10.wav
4216	2	./AudioMNIST/data/34/2_34_39.wav
4217	2	./AudioMNIST/data/15/2_15_28.wav
4218	4	./AudioMNIST/data/54/4_54_34.wav
4219	7	./AudioMNIST/data/58/7_58_15.wav
4220	7	./AudioMNIST/data/06/7_06_4.wav
4221	3	./AudioMNIST/data/13/3_13_12.wav
4222	8	./AudioMNIST/data/60/8_60_36.wav
4223	1	./AudioMNIST/data/08/1_08_11.wav
4224	8	./AudioMNIST/data/09/8_09_16.wav
4225	2	./AudioMNIST/data/06/2_06_17.wav
4226	1	./AudioMNIST/data/17/1_17_18.wav
4227	2	./AudioMNIST/data/05/2_05_46.wav
4228	0	./AudioMNIST/data/49/0_49_47.wav
4229	1	./AudioMNIST/data/40/1_40_41.wav
4230	5	./AudioMNIST/data/10/5_10_27.wav
4231	6	./AudioMNIST/data/36/6_36_25.wav
4232	3	./AudioMNIST/data/53/3_53_2.wav
4233	8	./AudioMNIST/data/23/8_23_8.wav
4234	3	./AudioMNIST/data/45/3_45_43.wav
4235	4	./AudioMNIST/data/42/4_42_30.wav
4236	7	./AudioMNIST/data/28/7_28_14.wav
4237	8	./AudioMNIST/data/06/8_06_14.wav
4238	1	./AudioMNIST/data/18/1_18_13.wav
4239	7	./AudioMNIST/data/48/7_48_5.wav
4240	1	./AudioMNIST/data/02/1_02_13.wav
4241	4	./AudioMNIST/data/45/4_45_27.wav
4242	8	./AudioMNIST/data/44/8_44_29.wav
4243	8	./AudioMNIST/data/45/8_45_44.wav
4244	3	./AudioMNIST/data/31/3_31_23.wav
4245	6	./AudioMNIST/data/31/6_31_2.wav
4246	1	./AudioMNIST/data/26/1_26_21.wav
4247	9	./AudioMNIST/data/10/9_10_46.wav
4248	9	./AudioMNIST/data/31/9_31_23.wav
4249	0	./AudioMNIST/data/43/0_43_18.wav
4250	0	./AudioMNIST/data/23/0_23_22.wav
4251	2	./AudioMNIST/data/01/2_01_13.wav
4252	2	./AudioMNIST/data/56/2_56_23.wav
4253	0	./AudioMNIST/data/29/0_29_15.wav
4254	4	./AudioMNIST/data/42/4_42_2.wav
4255	6	./AudioMNIST/data/12/6_12_9.wav
4256	8	./AudioMNIST/data/28/8_28_43.wav
4257	7	./AudioMNIST/data/58/7_58_19.wav
4258	3	./AudioMNIST/data/10/3_10_49.wav
4259	2	./AudioMNIST/data/24/2_24_45.wav
4260	5	./AudioMNIST/data/51/5_51_18.wav
4261	7	./AudioMNIST/data/10/7_10_32.wav
4262	0	./AudioMNIST/data/51/0_51_3.wav
4263	4	./AudioMNIST/data/27/4_27_12.wav
4264	6	./AudioMNIST/data/10/6_10_26.wav
4265	6	./AudioMNIST/data/59/6_59_26.wav
4266	6	./AudioMNIST/data/52/6_52_16.wav
4267	3	./AudioMNIST/data/33/3_33_43.wav
4268	8	./AudioMNIST/data/36/8_36_48.wav
4269	8	./AudioMNIST/data/43/8_43_11.wav
4270	5	./AudioMNIST/data/57/5_57_2.wav
4271	8	./AudioMNIST/data/12/8_12_44.wav
4272	8	./AudioMNIST/data/02/8_02_45.wav
4273	4	./AudioMNIST/data/32/4_32_42.wav
4274	7	./AudioMNIST/data/34/7_34_3.wav
4275	6	./AudioMNIST/data/12/6_12_1.wav
4276	7	./AudioMNIST/data/21/7_21_35.wav
4277	3	./AudioMNIST/data/17/3_17_43.wav
4278	6	./AudioMNIST/data/25/6_25_34.wav
4279	2	./AudioMNIST/data/51/2_51_1.wav
4280	1	./AudioMNIST/data/13/1_13_37.wav
4281	3	./AudioMNIST/data/29/3_29_25.wav
4282	1	./AudioMNIST/data/24/1_24_1.wav
4283	5	./AudioMNIST/data/14/5_14_16.wav
4284	6	./AudioMNIST/data/25/6_25_48.wav
4285	8	./AudioMNIST/data/50/8_50_47.wav
4286	3	./AudioMNIST/data/50/3_50_23.wav
4287	2	./AudioMNIST/data/35/2_35_13.wav
4288	7	./AudioMNIST/data/04/7_04_33.wav
4289	0	./AudioMNIST/data/51/0_51_2.wav
4290	5	./AudioMNIST/data/55/5_55_4.wav
4291	2	./AudioMNIST/data/13/2_13_7.wav
4292	3	./AudioMNIST/data/37/3_37_0.wav
4293	2	./AudioMNIST/data/26/2_26_15.wav
4294	8	./AudioMNIST/data/56/8_56_1.wav
4295	2	./AudioMNIST/data/39/2_39_13.wav
4296	8	./AudioMNIST/data/31/8_31_0.wav
4297	4	./AudioMNIST/data/08/4_08_49.wav
4298	9	./AudioMNIST/data/52/9_52_10.wav
4299	1	./AudioMNIST/data/59/1_59_40.wav
4300	5	./AudioMNIST/data/04/5_04_28.wav
4301	8	./AudioMNIST/data/29/8_29_22.wav
4302	2	./AudioMNIST/data/47/2_47_1.wav
4303	4	./AudioMNIST/data/54/4_54_43.wav
4304	8	./AudioMNIST/data/11/8_11_3.wav
4305	5	./AudioMNIST/data/19/5_19_31.wav
4306	1	./AudioMNIST/data/36/1_36_25.wav
4307	2	./AudioMNIST/data/19/2_19_12.wav
4308	4	./AudioMNIST/data/09/4_09_23.wav
4309	7	./AudioMNIST/data/44/7_44_23.wav
4310	9	./AudioMNIST/data/09/9_09_48.wav
4311	8	./AudioMNIST/data/04/8_04_9.wav
4312	6	./AudioMNIST/data/50/6_50_1.wav
4313	3	./AudioMNIST/data/34/3_34_48.wav
4314	3	./AudioMNIST/data/38/3_38_0.wav
4315	3	./AudioMNIST/data/02/3_02_8.wav
4316	6	./AudioMNIST/data/11/6_11_42.wav
4317	7	./AudioMNIST/data/35/7_35_24.wav
4318	5	./AudioMNIST/data/55/5_55_29.wav
4319	2	./AudioMNIST/data/60/2_60_46.wav
4320	6	./AudioMNIST/data/25/6_25_19.wav
4321	5	./AudioMNIST/data/32/5_32_3.wav
4322	5	./AudioMNIST/data/20/5_20_31.wav
4323	8	./AudioMNIST/data/02/8_02_13.wav
4324	1	./AudioMNIST/data/52/1_52_23.wav
4325	3	./AudioMNIST/data/24/3_24_9.wav
4326	3	./AudioMNIST/data/44/3_44_46.wav
4327	8	./AudioMNIST/data/35/8_35_1.wav
4328	4	./AudioMNIST/data/44/4_44_23.wav
4329	8	./AudioMNIST/data/15/8_15_44.wav
4330	4	./AudioMNIST/data/49/4_49_39.wav
4331	8	./AudioMNIST/data/38/8_38_33.wav
4332	1	./AudioMNIST/data/41/1_41_12.wav
4333	4	./AudioMNIST/data/24/4_24_26.wav
4334	6	./AudioMNIST/data/47/6_47_25.wav
4335	7	./AudioMNIST/data/20/7_20_37.wav
4336	1	./AudioMNIST/data/01/1_01_31.wav
4337	3	./AudioMNIST/data/43/3_43_26.wav
4338	4	./AudioMNIST/data/31/4_31_40.wav
4339	0	./AudioMNIST/data/42/0_42_34.wav
4340	6	./AudioMNIST/data/58/6_58_18.wav
4341	7	./AudioMNIST/data/49/7_49_3.wav
4342	0	./AudioMNIST/data/40/0_40_27.wav
4343	0	./AudioMNIST/data/39/0_39_45.wav
4344	2	./AudioMNIST/data/41/2_41_14.wav
4345	7	./AudioMNIST/data/22/7_22_32.wav
4346	7	./AudioMNIST/data/33/7_33_23.wav
4347	2	./AudioMNIST/data/40/2_40_46.wav
4348	8	./AudioMNIST/data/19/8_19_38.wav
4349	1	./AudioMNIST/data/37/1_37_44.wav
4350	7	./AudioMNIST/data/12/7_12_21.wav
4351	1	./AudioMNIST/data/26/1_26_18.wav
4352	0	./AudioMNIST/data/11/0_11_44.wav
4353	1	./AudioMNIST/data/25/1_25_24.wav
4354	9	./AudioMNIST/data/35/9_35_24.wav
4355	8	./AudioMNIST/data/02/8_02_49.wav
4356	9	./AudioMNIST/data/59/9_59_21.wav
4357	7	./AudioMNIST/data/26/7_26_35.wav
4358	4	./AudioMNIST/data/54/4_54_48.wav
4359	7	./AudioMNIST/data/10/7_10_39.wav
4360	2	./AudioMNIST/data/23/2_23_44.wav
4361	1	./AudioMNIST/data/29/1_29_37.wav
4362	2	./AudioMNIST/data/24/2_24_27.wav
4363	5	./AudioMNIST/data/41/5_41_35.wav
4364	4	./AudioMNIST/data/12/4_12_16.wav
4365	8	./AudioMNIST/data/10/8_10_34.wav
4366	7	./AudioMNIST/data/55/7_55_6.wav
4367	9	./AudioMNIST/data/59/9_59_10.wav
4368	2	./AudioMNIST/data/40/2_40_37.wav
4369	1	./AudioMNIST/data/53/1_53_38.wav
4370	0	./AudioMNIST/data/44/0_44_49.wav
4371	2	./AudioMNIST/data/40/2_40_14.wav
4372	3	./AudioMNIST/data/10/3_10_4.wav
4373	9	./AudioMNIST/data/42/9_42_19.wav
4374	8	./AudioMNIST/data/44/8_44_36.wav
4375	4	./AudioMNIST/data/20/4_20_17.wav
4376	4	./AudioMNIST/data/36/4_36_47.wav
4377	4	./AudioMNIST/data/47/4_47_41.wav
4378	7	./AudioMNIST/data/20/7_20_44.wav
4379	1	./AudioMNIST/data/27/1_27_10.wav
4380	0	./AudioMNIST/data/14/0_14_49.wav
4381	8	./AudioMNIST/data/25/8_25_13.wav
4382	5	./AudioMNIST/data/50/5_50_19.wav
4383	5	./AudioMNIST/data/22/5_22_22.wav
4384	9	./AudioMNIST/data/41/9_41_45.wav
4385	9	./AudioMNIST/data/36/9_36_32.wav
4386	1	./AudioMNIST/data/17/1_17_28.wav
4387	0	./AudioMNIST/data/02/0_02_15.wav
4388	1	./AudioMNIST/data/03/1_03_35.wav
4389	2	./AudioMNIST/data/46/2_46_19.wav
4390	0	./AudioMNIST/data/26/0_26_37.wav
4391	8	./AudioMNIST/data/15/8_15_37.wav
4392	8	./AudioMNIST/data/38/8_38_5.wav
4393	6	./AudioMNIST/data/14/6_14_40.wav
4394	3	./AudioMNIST/data/29/3_29_28.wav
4395	5	./AudioMNIST/data/08/5_08_2.wav
4396	9	./AudioMNIST/data/57/9_57_7.wav
4397	4	./AudioMNIST/data/25/4_25_8.wav
4398	7	./AudioMNIST/data/59/7_59_30.wav
4399	9	./AudioMNIST/data/30/9_30_41.wav
4400	1	./AudioMNIST/data/42/1_42_18.wav
4401	6	./AudioMNIST/data/41/6_41_33.wav
4402	5	./AudioMNIST/data/15/5_15_0.wav
4403	4	./AudioMNIST/data/54/4_54_42.wav
4404	8	./AudioMNIST/data/10/8_10_35.wav
4405	1	./AudioMNIST/data/07/1_07_48.wav
4406	4	./AudioMNIST/data/39/4_39_34.wav
4407	8	./AudioMNIST/data/38/8_38_29.wav
4408	9	./AudioMNIST/data/30/9_30_3.wav
4409	6	./AudioMNIST/data/17/6_17_44.wav
4410	1	./AudioMNIST/data/15/1_15_8.wav
4411	6	./AudioMNIST/data/05/6_05_47.wav
4412	3	./AudioMNIST/data/23/3_23_47.wav
4413	0	./AudioMNIST/data/10/0_10_44.wav
4414	0	./AudioMNIST/data/41/0_41_43.wav
4415	2	./AudioMNIST/data/44/2_44_39.wav
4416	6	./AudioMNIST/data/29/6_29_22.wav
4417	1	./AudioMNIST/data/50/1_50_33.wav
4418	0	./AudioMNIST/data/28/0_28_21.wav
4419	1	./AudioMNIST/data/39/1_39_33.wav
4420	5	./AudioMNIST/data/10/5_10_25.wav
4421	3	./AudioMNIST/data/60/3_60_48.wav
4422	8	./AudioMNIST/data/08/8_08_35.wav
4423	1	./AudioMNIST/data/25/1_25_6.wav
4424	5	./AudioMNIST/data/13/5_13_25.wav
4425	3	./AudioMNIST/data/10/3_10_21.wav
4426	8	./AudioMNIST/data/54/8_54_7.wav
4427	5	./AudioMNIST/data/17/5_17_48.wav
4428	7	./AudioMNIST/data/49/7_49_34.wav
4429	2	./AudioMNIST/data/53/2_53_7.wav
4430	8	./AudioMNIST/data/38/8_38_10.wav
4431	5	./AudioMNIST/data/53/5_53_34.wav
4432	4	./AudioMNIST/data/17/4_17_19.wav
4433	4	./AudioMNIST/data/04/4_04_46.wav
4434	9	./AudioMNIST/data/33/9_33_48.wav
4435	1	./AudioMNIST/data/31/1_31_36.wav
4436	2	./AudioMNIST/data/54/2_54_7.wav
4437	6	./AudioMNIST/data/18/6_18_22.wav
4438	5	./AudioMNIST/data/20/5_20_46.wav
4439	1	./AudioMNIST/data/37/1_37_8.wav
4440	1	./AudioMNIST/data/51/1_51_1.wav
4441	9	./AudioMNIST/data/54/9_54_37.wav
4442	9	./AudioMNIST/data/26/9_26_18.wav
4443	7	./AudioMNIST/data/58/7_58_23.wav
4444	7	./AudioMNIST/data/32/7_32_43.wav
4445	1	./AudioMNIST/data/57/1_57_16.wav
4446	8	./AudioMNIST/data/20/8_20_23.wav
4447	8	./AudioMNIST/data/26/8_26_47.wav
4448	7	./AudioMNIST/data/52/7_52_44.wav
4449	1	./AudioMNIST/data/45/1_45_8.wav
4450	6	./AudioMNIST/data/55/6_55_48.wav
4451	0	./AudioMNIST/data/53/0_53_26.wav
4452	5	./AudioMNIST/data/15/5_15_23.wav
4453	8	./AudioMNIST/data/35/8_35_14.wav
4454	9	./AudioMNIST/data/38/9_38_30.wav
4455	6	./AudioMNIST/data/46/6_46_1.wav
4456	7	./AudioMNIST/data/31/7_31_47.wav
4457	2	./AudioMNIST/data/11/2_11_45.wav
4458	3	./AudioMNIST/data/21/3_21_16.wav
4459	4	./AudioMNIST/data/58/4_58_8.wav
4460	9	./AudioMNIST/data/22/9_22_3.wav
4461	2	./AudioMNIST/data/54/2_54_29.wav
4462	0	./AudioMNIST/data/46/0_46_40.wav
4463	0	./AudioMNIST/data/44/0_44_15.wav
4464	0	./AudioMNIST/data/29/0_29_27.wav
4465	4	./AudioMNIST/data/41/4_41_3.wav
4466	1	./AudioMNIST/data/02/1_02_12.wav
4467	4	./AudioMNIST/data/55/4_55_33.wav
4468	1	./AudioMNIST/data/24/1_24_23.wav
4469	7	./AudioMNIST/data/29/7_29_12.wav
4470	6	./AudioMNIST/data/14/6_14_26.wav
4471	0	./AudioMNIST/data/48/0_48_0.wav
4472	8	./AudioMNIST/data/11/8_11_22.wav
4473	4	./AudioMNIST/data/40/4_40_44.wav
4474	0	./AudioMNIST/data/03/0_03_29.wav
4475	4	./AudioMNIST/data/45/4_45_38.wav
4476	4	./AudioMNIST/data/32/4_32_30.wav
4477	8	./AudioMNIST/data/27/8_27_47.wav
4478	2	./AudioMNIST/data/31/2_31_21.wav
4479	0	./AudioMNIST/data/52/0_52_36.wav
4480	0	./AudioMNIST/data/13/0_13_9.wav
4481	9	./AudioMNIST/data/45/9_45_18.wav
4482	1	./AudioMNIST/data/01/1_01_30.wav
4483	1	./AudioMNIST/data/12/1_12_49.wav
4484	6	./AudioMNIST/data/13/6_13_30.wav
4485	5	./AudioMNIST/data/25/5_25_12.wav
4486	9	./AudioMNIST/data/57/9_57_2.wav
4487	2	./AudioMNIST/data/01/2_01_48.wav
4488	6	./AudioMNIST/data/28/6_28_13.wav
4489	3	./AudioMNIST/data/31/3_31_9.wav
4490	6	./AudioMNIST/data/37/6_37_15.wav
4491	8	./AudioMNIST/data/47/8_47_26.wav
4492	7	./AudioMNIST/data/11/7_11_4.wav
4493	6	./AudioMNIST/data/21/6_21_43.wav
4494	5	./AudioMNIST/data/40/5_40_19.wav
4495	5	./AudioMNIST/data/28/5_28_39.wav
4496	8	./AudioMNIST/data/59/8_59_29.wav
4497	2	./AudioMNIST/data/17/2_17_6.wav
4498	8	./AudioMNIST/data/48/8_48_42.wav
4499	8	./AudioMNIST/data/46/8_46_8.wav
4500	9	./AudioMNIST/data/25/9_25_30.wav
4501	8	./AudioMNIST/data/15/8_15_0.wav
4502	8	./AudioMNIST/data/41/8_41_10.wav
4503	4	./AudioMNIST/data/56/4_56_33.wav
4504	7	./AudioMNIST/data/54/7_54_3.wav
4505	5	./AudioMNIST/data/58/5_58_41.wav
4506	7	./AudioMNIST/data/33/7_33_30.wav
4507	2	./AudioMNIST/data/44/2_44_25.wav
4508	6	./AudioMNIST/data/07/6_07_10.wav
4509	8	./AudioMNIST/data/60/8_60_5.wav
4510	9	./AudioMNIST/data/60/9_60_38.wav
4511	4	./AudioMNIST/data/56/4_56_25.wav
4512	2	./AudioMNIST/data/57/2_57_4.wav
4513	7	./AudioMNIST/data/34/7_34_38.wav
4514	2	./AudioMNIST/data/09/2_09_17.wav
4515	5	./AudioMNIST/data/02/5_02_45.wav
4516	8	./AudioMNIST/data/23/8_23_12.wav
4517	2	./AudioMNIST/data/58/2_58_38.wav
4518	6	./AudioMNIST/data/17/6_17_41.wav
4519	1	./AudioMNIST/data/54/1_54_34.wav
4520	2	./AudioMNIST/data/09/2_09_31.wav
4521	3	./AudioMNIST/data/46/3_46_38.wav
4522	1	./AudioMNIST/data/09/1_09_6.wav
4523	9	./AudioMNIST/data/07/9_07_38.wav
4524	0	./AudioMNIST/data/33/0_33_21.wav
4525	5	./AudioMNIST/data/04/5_04_30.wav
4526	2	./AudioMNIST/data/13/2_13_5.wav
4527	1	./AudioMNIST/data/09/1_09_25.wav
4528	3	./AudioMNIST/data/33/3_33_27.wav
4529	7	./AudioMNIST/data/05/7_05_1.wav
4530	2	./AudioMNIST/data/29/2_29_15.wav
4531	9	./AudioMNIST/data/25/9_25_4.wav
4532	1	./AudioMNIST/data/49/1_49_17.wav
4533	9	./AudioMNIST/data/10/9_10_15.wav
4534	3	./AudioMNIST/data/41/3_41_2.wav
4535	0	./AudioMNIST/data/60/0_60_47.wav
4536	5	./AudioMNIST/data/29/5_29_19.wav
4537	5	./AudioMNIST/data/38/5_38_6.wav
4538	7	./AudioMNIST/data/15/7_15_24.wav
4539	3	./AudioMNIST/data/28/3_28_3.wav
4540	9	./AudioMNIST/data/32/9_32_15.wav
4541	0	./AudioMNIST/data/28/0_28_30.wav
4542	8	./AudioMNIST/data/18/8_18_4.wav
4543	7	./AudioMNIST/data/28/7_28_25.wav
4544	2	./AudioMNIST/data/03/2_03_29.wav
4545	0	./AudioMNIST/data/25/0_25_12.wav
4546	2	./AudioMNIST/data/40/2_40_1.wav
4547	6	./AudioMNIST/data/21/6_21_17.wav
4548	4	./AudioMNIST/data/25/4_25_32.wav
4549	7	./AudioMNIST/data/54/7_54_31.wav
4550	5	./AudioMNIST/data/07/5_07_36.wav
4551	0	./AudioMNIST/data/52/0_52_7.wav
4552	3	./AudioMNIST/data/04/3_04_43.wav
4553	2	./AudioMNIST/data/23/2_23_26.wav
4554	2	./AudioMNIST/data/38/2_38_39.wav
4555	8	./AudioMNIST/data/33/8_33_36.wav
4556	4	./AudioMNIST/data/45/4_45_17.wav
4557	7	./AudioMNIST/data/32/7_32_46.wav
4558	2	./AudioMNIST/data/39/2_39_12.wav
4559	2	./AudioMNIST/data/31/2_31_27.wav
4560	1	./AudioMNIST/data/03/1_03_14.wav
4561	3	./AudioMNIST/data/50/3_50_0.wav
4562	9	./AudioMNIST/data/25/9_25_14.wav
4563	8	./AudioMNIST/data/03/8_03_32.wav
4564	3	./AudioMNIST/data/10/3_10_35.wav
4565	8	./AudioMNIST/data/18/8_18_29.wav
4566	1	./AudioMNIST/data/10/1_10_27.wav
4567	8	./AudioMNIST/data/57/8_57_28.wav
4568	3	./AudioMNIST/data/54/3_54_38.wav
4569	0	./AudioMNIST/data/25/0_25_26.wav
4570	3	./AudioMNIST/data/03/3_03_28.wav
4571	1	./AudioMNIST/data/11/1_11_43.wav
4572	8	./AudioMNIST/data/02/8_02_1.wav
4573	9	./AudioMNIST/data/50/9_50_9.wav
4574	6	./AudioMNIST/data/40/6_40_11.wav
4575	8	./AudioMNIST/data/59/8_59_33.wav
4576	2	./AudioMNIST/data/50/2_50_17.wav
4577	3	./AudioMNIST/data/22/3_22_2.wav
4578	7	./AudioMNIST/data/41/7_41_19.wav
4579	4	./AudioMNIST/data/38/4_38_29.wav
4580	6	./AudioMNIST/data/41/6_41_22.wav
4581	2	./AudioMNIST/data/13/2_13_8.wav
4582	5	./AudioMNIST/data/06/5_06_36.wav
4583	7	./AudioMNIST/data/58/7_58_7.wav
4584	2	./AudioMNIST/data/47/2_47_2.wav
4585	4	./AudioMNIST/data/48/4_48_40.wav
4586	2	./AudioMNIST/data/36/2_36_42.wav
4587	0	./AudioMNIST/data/35/0_35_28.wav
4588	6	./AudioMNIST/data/12/6_12_17.wav
4589	7	./AudioMNIST/data/53/7_53_28.wav
4590	0	./AudioMNIST/data/01/0_01_5.wav
4591	4	./AudioMNIST/data/28/4_28_45.wav
4592	2	./AudioMNIST/data/46/2_46_40.wav
4593	4	./AudioMNIST/data/35/4_35_24.wav
4594	3	./AudioMNIST/data/28/3_28_39.wav
4595	2	./AudioMNIST/data/23/2_23_3.wav
4596	6	./AudioMNIST/data/33/6_33_46.wav
4597	7	./AudioMNIST/data/52/7_52_22.wav
4598	9	./AudioMNIST/data/38/9_38_25.wav
4599	9	./AudioMNIST/data/02/9_02_46.wav
4600	2	./AudioMNIST/data/33/2_33_33.wav
4601	5	./AudioMNIST/data/20/5_20_30.wav
4602	1	./AudioMNIST/data/12/1_12_40.wav
4603	1	./AudioMNIST/data/38/1_38_0.wav
4604	1	./AudioMNIST/data/13/1_13_1.wav
4605	6	./AudioMNIST/data/47/6_47_33.wav
4606	1	./AudioMNIST/data/53/1_53_31.wav
4607	3	./AudioMNIST/data/47/3_47_36.wav
4608	8	./AudioMNIST/data/12/8_12_7.wav
4609	3	./AudioMNIST/data/16/3_16_25.wav
4610	1	./AudioMNIST/data/10/1_10_9.wav
4611	6	./AudioMNIST/data/35/6_35_33.wav
4612	5	./AudioMNIST/data/53/5_53_18.wav
4613	6	./AudioMNIST/data/32/6_32_25.wav
4614	6	./AudioMNIST/data/27/6_27_12.wav
4615	2	./AudioMNIST/data/59/2_59_7.wav
4616	8	./AudioMNIST/data/01/8_01_18.wav
4617	7	./AudioMNIST/data/45/7_45_17.wav
4618	7	./AudioMNIST/data/35/7_35_21.wav
4619	9	./AudioMNIST/data/37/9_37_35.wav
4620	8	./AudioMNIST/data/42/8_42_5.wav
4621	7	./AudioMNIST/data/04/7_04_18.wav
4622	2	./AudioMNIST/data/17/2_17_16.wav
4623	0	./AudioMNIST/data/05/0_05_42.wav
4624	2	./AudioMNIST/data/52/2_52_14.wav
4625	4	./AudioMNIST/data/34/4_34_9.wav
4626	2	./AudioMNIST/data/21/2_21_29.wav
4627	5	./AudioMNIST/data/51/5_51_45.wav
4628	6	./AudioMNIST/data/45/6_45_44.wav
4629	7	./AudioMNIST/data/19/7_19_4.wav
4630	9	./AudioMNIST/data/15/9_15_45.wav
4631	4	./AudioMNIST/data/30/4_30_16.wav
4632	8	./AudioMNIST/data/41/8_41_46.wav
4633	7	./AudioMNIST/data/21/7_21_29.wav
4634	8	./AudioMNIST/data/23/8_23_48.wav
4635	9	./AudioMNIST/data/15/9_15_27.wav
4636	9	./AudioMNIST/data/02/9_02_16.wav
4637	5	./AudioMNIST/data/03/5_03_38.wav
4638	5	./AudioMNIST/data/05/5_05_17.wav
4639	4	./AudioMNIST/data/33/4_33_35.wav
4640	3	./AudioMNIST/data/02/3_02_39.wav
4641	0	./AudioMNIST/data/21/0_21_39.wav
4642	3	./AudioMNIST/data/50/3_50_12.wav
4643	9	./AudioMNIST/data/43/9_43_18.wav
4644	2	./AudioMNIST/data/60/2_60_3.wav
4645	7	./AudioMNIST/data/21/7_21_28.wav
4646	5	./AudioMNIST/data/60/5_60_2.wav
4647	6	./AudioMNIST/data/04/6_04_47.wav
4648	2	./AudioMNIST/data/14/2_14_1.wav
4649	3	./AudioMNIST/data/29/3_29_6.wav
4650	2	./AudioMNIST/data/17/2_17_23.wav
4651	1	./AudioMNIST/data/01/1_01_11.wav
4652	9	./AudioMNIST/data/30/9_30_10.wav
4653	2	./AudioMNIST/data/20/2_20_23.wav
4654	6	./AudioMNIST/data/18/6_18_36.wav
4655	4	./AudioMNIST/data/20/4_20_31.wav
4656	4	./AudioMNIST/data/07/4_07_45.wav
4657	1	./AudioMNIST/data/47/1_47_38.wav
4658	7	./AudioMNIST/data/31/7_31_12.wav
4659	5	./AudioMNIST/data/44/5_44_49.wav
4660	5	./AudioMNIST/data/04/5_04_5.wav
4661	1	./AudioMNIST/data/18/1_18_21.wav
4662	4	./AudioMNIST/data/43/4_43_34.wav
4663	4	./AudioMNIST/data/09/4_09_31.wav
4664	8	./AudioMNIST/data/58/8_58_41.wav
4665	4	./AudioMNIST/data/50/4_50_22.wav
4666	0	./AudioMNIST/data/51/0_51_14.wav
4667	3	./AudioMNIST/data/34/3_34_40.wav
4668	1	./AudioMNIST/data/44/1_44_18.wav
4669	9	./AudioMNIST/data/34/9_34_7.wav
4670	9	./AudioMNIST/data/34/9_34_19.wav
4671	9	./AudioMNIST/data/52/9_52_22.wav
4672	4	./AudioMNIST/data/34/4_34_16.wav
4673	8	./AudioMNIST/data/04/8_04_17.wav
4674	6	./AudioMNIST/data/11/6_11_26.wav
4675	1	./AudioMNIST/data/30/1_30_24.wav
4676	3	./AudioMNIST/data/10/3_10_47.wav
4677	0	./AudioMNIST/data/59/0_59_4.wav
4678	5	./AudioMNIST/data/45/5_45_49.wav
4679	6	./AudioMNIST/data/41/6_41_49.wav
4680	3	./AudioMNIST/data/44/3_44_20.wav
4681	0	./AudioMNIST/data/18/0_18_34.wav
4682	9	./AudioMNIST/data/27/9_27_48.wav
4683	8	./AudioMNIST/data/25/8_25_12.wav
4684	7	./AudioMNIST/data/58/7_58_46.wav
4685	2	./AudioMNIST/data/06/2_06_10.wav
4686	4	./AudioMNIST/data/35/4_35_31.wav
4687	7	./AudioMNIST/data/56/7_56_35.wav
4688	3	./AudioMNIST/data/01/3_01_47.wav
4689	1	./AudioMNIST/data/03/1_03_0.wav
4690	0	./AudioMNIST/data/53/0_53_8.wav
4691	8	./AudioMNIST/data/25/8_25_45.wav
4692	8	./AudioMNIST/data/35/8_35_16.wav
4693	6	./AudioMNIST/data/44/6_44_25.wav
4694	0	./AudioMNIST/data/29/0_29_21.wav
4695	5	./AudioMNIST/data/25/5_25_2.wav
4696	4	./AudioMNIST/data/42/4_42_24.wav
4697	9	./AudioMNIST/data/50/9_50_43.wav
4698	6	./AudioMNIST/data/30/6_30_31.wav
4699	1	./AudioMNIST/data/54/1_54_36.wav
4700	7	./AudioMNIST/data/40/7_40_28.wav
4701	1	./AudioMNIST/data/53/1_53_6.wav
4702	8	./AudioMNIST/data/25/8_25_22.wav
4703	2	./AudioMNIST/data/24/2_24_47.wav
4704	1	./AudioMNIST/data/28/1_28_10.wav
4705	9	./AudioMNIST/data/49/9_49_29.wav
4706	9	./AudioMNIST/data/42/9_42_20.wav
4707	9	./AudioMNIST/data/46/9_46_3.wav
4708	5	./AudioMNIST/data/38/5_38_13.wav
4709	6	./AudioMNIST/data/35/6_35_39.wav
4710	2	./AudioMNIST/data/50/2_50_4.wav
4711	0	./AudioMNIST/data/54/0_54_32.wav
4712	5	./AudioMNIST/data/25/5_25_20.wav
4713	2	./AudioMNIST/data/51/2_51_5.wav
4714	4	./AudioMNIST/data/15/4_15_10.wav
4715	6	./AudioMNIST/data/10/6_10_25.wav
4716	7	./AudioMNIST/data/60/7_60_31.wav
4717	3	./AudioMNIST/data/34/3_34_36.wav
4718	3	./AudioMNIST/data/15/3_15_23.wav
4719	5	./AudioMNIST/data/42/5_42_18.wav
4720	9	./AudioMNIST/data/36/9_36_35.wav
4721	1	./AudioMNIST/data/24/1_24_3.wav
4722	8	./AudioMNIST/data/34/8_34_24.wav
4723	9	./AudioMNIST/data/43/9_43_31.wav
4724	5	./AudioMNIST/data/25/5_25_16.wav
4725	7	./AudioMNIST/data/47/7_47_17.wav
4726	6	./AudioMNIST/data/54/6_54_14.wav
4727	5	./AudioMNIST/data/48/5_48_17.wav
4728	7	./AudioMNIST/data/12/7_12_25.wav
4729	3	./AudioMNIST/data/32/3_32_42.wav
4730	1	./AudioMNIST/data/19/1_19_31.wav
4731	1	./AudioMNIST/data/60/1_60_39.wav
4732	7	./AudioMNIST/data/49/7_49_0.wav
4733	6	./AudioMNIST/data/18/6_18_33.wav
4734	2	./AudioMNIST/data/51/2_51_11.wav
4735	1	./AudioMNIST/data/25/1_25_1.wav
4736	9	./AudioMNIST/data/26/9_26_4.wav
4737	4	./AudioMNIST/data/13/4_13_48.wav
4738	6	./AudioMNIST/data/51/6_51_36.wav
4739	8	./AudioMNIST/data/21/8_21_46.wav
4740	3	./AudioMNIST/data/04/3_04_38.wav
4741	3	./AudioMNIST/data/06/3_06_24.wav
4742	0	./AudioMNIST/data/25/0_25_2.wav
4743	6	./AudioMNIST/data/55/6_55_30.wav
4744	4	./AudioMNIST/data/11/4_11_32.wav
4745	9	./AudioMNIST/data/31/9_31_0.wav
4746	7	./AudioMNIST/data/20/7_20_14.wav
4747	1	./AudioMNIST/data/04/1_04_26.wav
4748	6	./AudioMNIST/data/33/6_33_7.wav
4749	2	./AudioMNIST/data/23/2_23_31.wav
4750	5	./AudioMNIST/data/36/5_36_34.wav
4751	2	./AudioMNIST/data/36/2_36_18.wav
4752	6	./AudioMNIST/data/23/6_23_43.wav
4753	4	./AudioMNIST/data/04/4_04_17.wav
4754	2	./AudioMNIST/data/25/2_25_14.wav
4755	6	./AudioMNIST/data/14/6_14_22.wav
4756	6	./AudioMNIST/data/15/6_15_36.wav
4757	3	./AudioMNIST/data/06/3_06_16.wav
4758	6	./AudioMNIST/data/06/6_06_22.wav
4759	1	./AudioMNIST/data/45/1_45_27.wav
4760	1	./AudioMNIST/data/47/1_47_23.wav
4761	5	./AudioMNIST/data/59/5_59_17.wav
4762	3	./AudioMNIST/data/33/3_33_26.wav
4763	7	./AudioMNIST/data/02/7_02_32.wav
4764	7	./AudioMNIST/data/15/7_15_32.wav
4765	3	./AudioMNIST/data/29/3_29_37.wav
4766	5	./AudioMNIST/data/37/5_37_12.wav
4767	5	./AudioMNIST/data/26/5_26_2.wav
4768	8	./AudioMNIST/data/50/8_50_23.wav
4769	2	./AudioMNIST/data/24/2_24_32.wav
4770	9	./AudioMNIST/data/17/9_17_6.wav
4771	8	./AudioMNIST/data/07/8_07_42.wav
4772	9	./AudioMNIST/data/42/9_42_16.wav
4773	7	./AudioMNIST/data/50/7_50_22.wav
4774	9	./AudioMNIST/data/28/9_28_47.wav
4775	5	./AudioMNIST/data/13/5_13_29.wav
4776	7	./AudioMNIST/data/39/7_39_48.wav
4777	9	./AudioMNIST/data/47/9_47_35.wav
4778	9	./AudioMNIST/data/05/9_05_44.wav
4779	0	./AudioMNIST/data/56/0_56_38.wav
4780	6	./AudioMNIST/data/41/6_41_6.wav
4781	4	./AudioMNIST/data/55/4_55_0.wav
4782	5	./AudioMNIST/data/05/5_05_44.wav
4783	1	./AudioMNIST/data/46/1_46_29.wav
4784	5	./AudioMNIST/data/49/5_49_20.wav
4785	5	./AudioMNIST/data/25/5_25_46.wav
4786	5	./AudioMNIST/data/40/5_40_27.wav
4787	2	./AudioMNIST/data/13/2_13_0.wav
4788	0	./AudioMNIST/data/04/0_04_39.wav
4789	7	./AudioMNIST/data/28/7_28_1.wav
4790	8	./AudioMNIST/data/23/8_23_37.wav
4791	0	./AudioMNIST/data/45/0_45_32.wav
4792	0	./AudioMNIST/data/60/0_60_15.wav
4793	6	./AudioMNIST/data/12/6_12_7.wav
4794	8	./AudioMNIST/data/45/8_45_6.wav
4795	2	./AudioMNIST/data/29/2_29_6.wav
4796	1	./AudioMNIST/data/53/1_53_29.wav
4797	0	./AudioMNIST/data/05/0_05_17.wav
4798	7	./AudioMNIST/data/44/7_44_38.wav
4799	1	./AudioMNIST/data/31/1_31_37.wav
4800	1	./AudioMNIST/data/30/1_30_4.wav
4801	7	./AudioMNIST/data/52/7_52_41.wav
4802	0	./AudioMNIST/data/18/0_18_2.wav
4803	8	./AudioMNIST/data/17/8_17_0.wav
4804	1	./AudioMNIST/data/45/1_45_16.wav
4805	8	./AudioMNIST/data/40/8_40_33.wav
4806	8	./AudioMNIST/data/19/8_19_5.wav
4807	8	./AudioMNIST/data/24/8_24_5.wav
4808	2	./AudioMNIST/data/34/2_34_44.wav
4809	3	./AudioMNIST/data/49/3_49_7.wav
4810	3	./AudioMNIST/data/32/3_32_47.wav
4811	1	./AudioMNIST/data/29/1_29_13.wav
4812	7	./AudioMNIST/data/52/7_52_19.wav
4813	8	./AudioMNIST/data/31/8_31_33.wav
4814	5	./AudioMNIST/data/07/5_07_49.wav
4815	2	./AudioMNIST/data/20/2_20_16.wav
4816	8	./AudioMNIST/data/33/8_33_42.wav
4817	6	./AudioMNIST/data/53/6_53_28.wav
4818	1	./AudioMNIST/data/58/1_58_24.wav
4819	8	./AudioMNIST/data/40/8_40_38.wav
4820	5	./AudioMNIST/data/25/5_25_23.wav
4821	9	./AudioMNIST/data/28/9_28_2.wav
4822	6	./AudioMNIST/data/23/6_23_42.wav
4823	6	./AudioMNIST/data/50/6_50_5.wav
4824	8	./AudioMNIST/data/21/8_21_17.wav
4825	1	./AudioMNIST/data/22/1_22_49.wav
4826	5	./AudioMNIST/data/27/5_27_17.wav
4827	0	./AudioMNIST/data/11/0_11_40.wav
4828	4	./AudioMNIST/data/36/4_36_32.wav
4829	9	./AudioMNIST/data/01/9_01_8.wav
4830	5	./AudioMNIST/data/05/5_05_29.wav
4831	1	./AudioMNIST/data/28/1_28_43.wav
4832	0	./AudioMNIST/data/57/0_57_20.wav
4833	9	./AudioMNIST/data/34/9_34_2.wav
4834	7	./AudioMNIST/data/40/7_40_31.wav
4835	2	./AudioMNIST/data/40/2_40_47.wav
4836	5	./AudioMNIST/data/22/5_22_16.wav
4837	4	./AudioMNIST/data/01/4_01_4.wav
4838	8	./AudioMNIST/data/08/8_08_33.wav
4839	6	./AudioMNIST/data/17/6_17_19.wav
4840	8	./AudioMNIST/data/11/8_11_0.wav
4841	2	./AudioMNIST/data/15/2_15_10.wav
4842	9	./AudioMNIST/data/36/9_36_33.wav
4843	9	./AudioMNIST/data/34/9_34_23.wav
4844	7	./AudioMNIST/data/34/7_34_27.wav
4845	8	./AudioMNIST/data/40/8_40_5.wav
4846	0	./AudioMNIST/data/15/0_15_6.wav
4847	8	./AudioMNIST/data/32/8_32_31.wav
4848	3	./AudioMNIST/data/09/3_09_18.wav
4849	4	./AudioMNIST/data/17/4_17_39.wav
4850	0	./AudioMNIST/data/22/0_22_28.wav
4851	9	./AudioMNIST/data/32/9_32_48.wav
4852	1	./AudioMNIST/data/35/1_35_20.wav
4853	6	./AudioMNIST/data/59/6_59_5.wav
4854	4	./AudioMNIST/data/05/4_05_19.wav
4855	4	./AudioMNIST/data/50/4_50_12.wav
4856	8	./AudioMNIST/data/29/8_29_40.wav
4857	7	./AudioMNIST/data/55/7_55_29.wav
4858	8	./AudioMNIST/data/40/8_40_29.wav
4859	0	./AudioMNIST/data/18/0_18_47.wav
4860	0	./AudioMNIST/data/14/0_14_25.wav
4861	4	./AudioMNIST/data/40/4_40_25.wav
4862	0	./AudioMNIST/data/31/0_31_3.wav
4863	2	./AudioMNIST/data/27/2_27_8.wav
4864	8	./AudioMNIST/data/49/8_49_15.wav
4865	0	./AudioMNIST/data/17/0_17_19.wav
4866	8	./AudioMNIST/data/37/8_37_38.wav
4867	9	./AudioMNIST/data/44/9_44_29.wav
4868	6	./AudioMNIST/data/47/6_47_11.wav
4869	1	./AudioMNIST/data/18/1_18_24.wav
4870	3	./AudioMNIST/data/48/3_48_35.wav
4871	7	./AudioMNIST/data/16/7_16_2.wav
4872	6	./AudioMNIST/data/11/6_11_41.wav
4873	5	./AudioMNIST/data/21/5_21_48.wav
4874	8	./AudioMNIST/data/11/8_11_23.wav
4875	1	./AudioMNIST/data/55/1_55_42.wav
4876	8	./AudioMNIST/data/48/8_48_27.wav
4877	0	./AudioMNIST/data/09/0_09_38.wav
4878	5	./AudioMNIST/data/15/5_15_8.wav
4879	0	./AudioMNIST/data/36/0_36_3.wav
4880	9	./AudioMNIST/data/40/9_40_26.wav
4881	9	./AudioMNIST/data/20/9_20_22.wav
4882	3	./AudioMNIST/data/29/3_29_9.wav
4883	2	./AudioMNIST/data/46/2_46_1.wav
4884	3	./AudioMNIST/data/35/3_35_24.wav
4885	5	./AudioMNIST/data/52/5_52_20.wav
4886	4	./AudioMNIST/data/32/4_32_38.wav
4887	4	./AudioMNIST/data/06/4_06_40.wav
4888	2	./AudioMNIST/data/24/2_24_2.wav
4889	5	./AudioMNIST/data/15/5_15_26.wav
4890	0	./AudioMNIST/data/23/0_23_48.wav
4891	8	./AudioMNIST/data/12/8_12_22.wav
4892	8	./AudioMNIST/data/10/8_10_31.wav
4893	1	./AudioMNIST/data/14/1_14_1.wav
4894	6	./AudioMNIST/data/14/6_14_42.wav
4895	3	./AudioMNIST/data/28/3_28_43.wav
4896	0	./AudioMNIST/data/39/0_39_32.wav
4897	1	./AudioMNIST/data/60/1_60_31.wav
4898	8	./AudioMNIST/data/26/8_26_3.wav
4899	9	./AudioMNIST/data/03/9_03_4.wav
4900	2	./AudioMNIST/data/29/2_29_44.wav
4901	0	./AudioMNIST/data/10/0_10_29.wav
4902	2	./AudioMNIST/data/12/2_12_29.wav
4903	2	./AudioMNIST/data/15/2_15_34.wav
4904	4	./AudioMNIST/data/02/4_02_45.wav
4905	8	./AudioMNIST/data/25/8_25_39.wav
4906	0	./AudioMNIST/data/46/0_46_4.wav
4907	3	./AudioMNIST/data/28/3_28_7.wav
4908	7	./AudioMNIST/data/05/7_05_10.wav
4909	3	./AudioMNIST/data/11/3_11_41.wav
4910	3	./AudioMNIST/data/15/3_15_21.wav
4911	0	./AudioMNIST/data/43/0_43_4.wav
4912	9	./AudioMNIST/data/19/9_19_8.wav
4913	9	./AudioMNIST/data/22/9_22_45.wav
4914	7	./AudioMNIST/data/13/7_13_47.wav
4915	0	./AudioMNIST/data/38/0_38_7.wav
4916	4	./AudioMNIST/data/12/4_12_2.wav
4917	4	./AudioMNIST/data/38/4_38_17.wav
4918	8	./AudioMNIST/data/14/8_14_1.wav
4919	4	./AudioMNIST/data/16/4_16_18.wav
4920	1	./AudioMNIST/data/54/1_54_1.wav
4921	1	./AudioMNIST/data/39/1_39_17.wav
4922	7	./AudioMNIST/data/57/7_57_22.wav
4923	3	./AudioMNIST/data/24/3_24_40.wav
4924	2	./AudioMNIST/data/48/2_48_13.wav
4925	3	./AudioMNIST/data/59/3_59_43.wav
4926	2	./AudioMNIST/data/42/2_42_30.wav
4927	4	./AudioMNIST/data/12/4_12_35.wav
4928	3	./AudioMNIST/data/58/3_58_23.wav
4929	8	./AudioMNIST/data/17/8_17_20.wav
4930	8	./AudioMNIST/data/51/8_51_49.wav
4931	3	./AudioMNIST/data/31/3_31_18.wav
4932	4	./AudioMNIST/data/33/4_33_36.wav
4933	2	./AudioMNIST/data/15/2_15_16.wav
4934	5	./AudioMNIST/data/09/5_09_45.wav
4935	2	./AudioMNIST/data/18/2_18_14.wav
4936	3	./AudioMNIST/data/27/3_27_33.wav
4937	2	./AudioMNIST/data/49/2_49_1.wav
4938	5	./AudioMNIST/data/08/5_08_36.wav
4939	3	./AudioMNIST/data/31/3_31_29.wav
4940	2	./AudioMNIST/data/03/2_03_14.wav
4941	4	./AudioMNIST/data/27/4_27_49.wav
4942	6	./AudioMNIST/data/35/6_35_14.wav
4943	0	./AudioMNIST/data/04/0_04_31.wav
4944	2	./AudioMNIST/data/60/2_60_16.wav
4945	2	./AudioMNIST/data/03/2_03_6.wav
4946	9	./AudioMNIST/data/30/9_30_23.wav
4947	6	./AudioMNIST/data/47/6_47_37.wav
4948	3	./AudioMNIST/data/13/3_13_10.wav
4949	7	./AudioMNIST/data/52/7_52_28.wav
4950	3	./AudioMNIST/data/38/3_38_31.wav
4951	0	./AudioMNIST/data/01/0_01_19.wav
4952	4	./AudioMNIST/data/01/4_01_20.wav
4953	9	./AudioMNIST/data/32/9_32_30.wav
4954	0	./AudioMNIST/data/23/0_23_9.wav
4955	3	./AudioMNIST/data/27/3_27_18.wav
4956	2	./AudioMNIST/data/55/2_55_2.wav
4957	8	./AudioMNIST/data/08/8_08_24.wav
4958	8	./AudioMNIST/data/14/8_14_16.wav
4959	2	./AudioMNIST/data/47/2_47_6.wav
4960	1	./AudioMNIST/data/38/1_38_32.wav
4961	2	./AudioMNIST/data/54/2_54_8.wav
4962	4	./AudioMNIST/data/16/4_16_8.wav
4963	6	./AudioMNIST/data/23/6_23_32.wav
4964	3	./AudioMNIST/data/57/3_57_8.wav
4965	3	./AudioMNIST/data/26/3_26_17.wav
4966	7	./AudioMNIST/data/35/7_35_47.wav
4967	8	./AudioMNIST/data/60/8_60_26.wav
4968	1	./AudioMNIST/data/17/1_17_30.wav
4969	6	./AudioMNIST/data/17/6_17_16.wav
4970	5	./AudioMNIST/data/26/5_26_11.wav
4971	8	./AudioMNIST/data/24/8_24_12.wav
4972	2	./AudioMNIST/data/13/2_13_16.wav
4973	4	./AudioMNIST/data/21/4_21_19.wav
4974	1	./AudioMNIST/data/24/1_24_26.wav
4975	2	./AudioMNIST/data/43/2_43_15.wav
4976	0	./AudioMNIST/data/03/0_03_35.wav
4977	2	./AudioMNIST/data/49/2_49_22.wav
4978	6	./AudioMNIST/data/30/6_30_36.wav
4979	8	./AudioMNIST/data/33/8_33_23.wav
4980	6	./AudioMNIST/data/30/6_30_14.wav
4981	0	./AudioMNIST/data/46/0_46_20.wav
4982	6	./AudioMNIST/data/37/6_37_9.wav
4983	7	./AudioMNIST/data/25/7_25_29.wav
4984	5	./AudioMNIST/data/30/5_30_32.wav
4985	4	./AudioMNIST/data/32/4_32_49.wav
4986	3	./AudioMNIST/data/27/3_27_3.wav
4987	3	./AudioMNIST/data/58/3_58_29.wav
4988	4	./AudioMNIST/data/35/4_35_11.wav
4989	5	./AudioMNIST/data/11/5_11_1.wav
4990	9	./AudioMNIST/data/17/9_17_47.wav
4991	9	./AudioMNIST/data/58/9_58_15.wav
4992	3	./AudioMNIST/data/46/3_46_44.wav
4993	3	./AudioMNIST/data/24/3_24_41.wav
4994	6	./AudioMNIST/data/16/6_16_28.wav
4995	4	./AudioMNIST/data/35/4_35_47.wav
4996	6	./AudioMNIST/data/45/6_45_18.wav
4997	5	./AudioMNIST/data/14/5_14_42.wav
4998	6	./AudioMNIST/data/05/6_05_7.wav
4999	8	./AudioMNIST/data/15/8_15_34.wav
5000	9	./AudioMNIST/data/36/9_36_17.wav
5001	2	./AudioMNIST/data/03/2_03_17.wav
5002	2	./AudioMNIST/data/20/2_20_40.wav
5003	0	./AudioMNIST/data/17/0_17_26.wav
5004	0	./AudioMNIST/data/37/0_37_34.wav
5005	3	./AudioMNIST/data/25/3_25_7.wav
5006	9	./AudioMNIST/data/29/9_29_29.wav
5007	4	./AudioMNIST/data/56/4_56_3.wav
5008	7	./AudioMNIST/data/07/7_07_46.wav
5009	8	./AudioMNIST/data/59/8_59_24.wav
5010	6	./AudioMNIST/data/08/6_08_15.wav
5011	7	./AudioMNIST/data/60/7_60_4.wav
5012	3	./AudioMNIST/data/59/3_59_46.wav
5013	2	./AudioMNIST/data/16/2_16_9.wav
5014	7	./AudioMNIST/data/07/7_07_25.wav
5015	7	./AudioMNIST/data/22/7_22_8.wav
5016	7	./AudioMNIST/data/51/7_51_43.wav
5017	5	./AudioMNIST/data/37/5_37_48.wav
5018	4	./AudioMNIST/data/20/4_20_21.wav
5019	4	./AudioMNIST/data/38/4_38_10.wav
5020	9	./AudioMNIST/data/21/9_21_11.wav
5021	5	./AudioMNIST/data/52/5_52_11.wav
5022	5	./AudioMNIST/data/16/5_16_18.wav
5023	6	./AudioMNIST/data/27/6_27_32.wav
5024	1	./AudioMNIST/data/47/1_47_32.wav
5025	1	./AudioMNIST/data/49/1_49_8.wav
5026	4	./AudioMNIST/data/11/4_11_29.wav
5027	9	./AudioMNIST/data/16/9_16_4.wav
5028	1	./AudioMNIST/data/52/1_52_16.wav
5029	4	./AudioMNIST/data/47/4_47_9.wav
5030	6	./AudioMNIST/data/50/6_50_20.wav
5031	1	./AudioMNIST/data/54/1_54_15.wav
5032	7	./AudioMNIST/data/31/7_31_20.wav
5033	9	./AudioMNIST/data/08/9_08_48.wav
5034	9	./AudioMNIST/data/34/9_34_22.wav
5035	6	./AudioMNIST/data/39/6_39_30.wav
5036	0	./AudioMNIST/data/45/0_45_6.wav
5037	5	./AudioMNIST/data/57/5_57_31.wav
5038	0	./AudioMNIST/data/34/0_34_32.wav
5039	4	./AudioMNIST/data/12/4_12_18.wav
5040	2	./AudioMNIST/data/10/2_10_10.wav
5041	5	./AudioMNIST/data/48/5_48_33.wav
5042	4	./AudioMNIST/data/59/4_59_9.wav
5043	6	./AudioMNIST/data/30/6_30_26.wav
5044	2	./AudioMNIST/data/31/2_31_43.wav
5045	2	./AudioMNIST/data/44/2_44_48.wav
5046	3	./AudioMNIST/data/06/3_06_21.wav
5047	8	./AudioMNIST/data/59/8_59_4.wav
5048	9	./AudioMNIST/data/29/9_29_42.wav
5049	8	./AudioMNIST/data/06/8_06_44.wav
5050	6	./AudioMNIST/data/10/6_10_9.wav
5051	9	./AudioMNIST/data/53/9_53_0.wav
5052	2	./AudioMNIST/data/11/2_11_19.wav
5053	7	./AudioMNIST/data/19/7_19_35.wav
5054	9	./AudioMNIST/data/34/9_34_30.wav
5055	0	./AudioMNIST/data/53/0_53_41.wav
5056	5	./AudioMNIST/data/31/5_31_37.wav
5057	1	./AudioMNIST/data/24/1_24_43.wav
5058	5	./AudioMNIST/data/49/5_49_48.wav
5059	2	./AudioMNIST/data/29/2_29_46.wav
5060	2	./AudioMNIST/data/53/2_53_22.wav
5061	7	./AudioMNIST/data/24/7_24_33.wav
5062	6	./AudioMNIST/data/12/6_12_22.wav
5063	3	./AudioMNIST/data/18/3_18_0.wav
5064	5	./AudioMNIST/data/31/5_31_14.wav
5065	5	./AudioMNIST/data/12/5_12_34.wav
5066	5	./AudioMNIST/data/51/5_51_19.wav
5067	6	./AudioMNIST/data/17/6_17_1.wav
5068	1	./AudioMNIST/data/30/1_30_26.wav
5069	0	./AudioMNIST/data/50/0_50_49.wav
5070	8	./AudioMNIST/data/35/8_35_23.wav
5071	5	./AudioMNIST/data/34/5_34_22.wav
5072	0	./AudioMNIST/data/02/0_02_41.wav
5073	7	./AudioMNIST/data/36/7_36_2.wav
5074	8	./AudioMNIST/data/50/8_50_26.wav
5075	0	./AudioMNIST/data/25/0_25_37.wav
5076	3	./AudioMNIST/data/44/3_44_26.wav
5077	6	./AudioMNIST/data/46/6_46_19.wav
5078	5	./AudioMNIST/data/07/5_07_30.wav
5079	0	./AudioMNIST/data/28/0_28_23.wav
5080	5	./AudioMNIST/data/56/5_56_45.wav
5081	2	./AudioMNIST/data/19/2_19_3.wav
5082	9	./AudioMNIST/data/07/9_07_8.wav
5083	3	./AudioMNIST/data/35/3_35_41.wav
5084	8	./AudioMNIST/data/20/8_20_4.wav
5085	6	./AudioMNIST/data/02/6_02_38.wav
5086	5	./AudioMNIST/data/58/5_58_33.wav
5087	6	./AudioMNIST/data/47/6_47_4.wav
5088	2	./AudioMNIST/data/27/2_27_0.wav
5089	8	./AudioMNIST/data/34/8_34_30.wav
5090	8	./AudioMNIST/data/04/8_04_30.wav
5091	5	./AudioMNIST/data/50/5_50_45.wav
5092	6	./AudioMNIST/data/32/6_32_4.wav
5093	7	./AudioMNIST/data/27/7_27_13.wav
5094	3	./AudioMNIST/data/06/3_06_23.wav
5095	8	./AudioMNIST/data/11/8_11_6.wav
5096	5	./AudioMNIST/data/10/5_10_17.wav
5097	5	./AudioMNIST/data/23/5_23_36.wav
5098	1	./AudioMNIST/data/40/1_40_5.wav
5099	5	./AudioMNIST/data/16/5_16_46.wav
5100	0	./AudioMNIST/data/08/0_08_22.wav
5101	4	./AudioMNIST/data/18/4_18_24.wav
5102	4	./AudioMNIST/data/08/4_08_11.wav
5103	6	./AudioMNIST/data/54/6_54_46.wav
5104	5	./AudioMNIST/data/48/5_48_22.wav
5105	4	./AudioMNIST/data/35/4_35_37.wav
5106	7	./AudioMNIST/data/21/7_21_6.wav
5107	8	./AudioMNIST/data/39/8_39_34.wav
5108	8	./AudioMNIST/data/48/8_48_1.wav
5109	3	./AudioMNIST/data/41/3_41_32.wav
5110	3	./AudioMNIST/data/15/3_15_1.wav
5111	4	./AudioMNIST/data/47/4_47_24.wav
5112	3	./AudioMNIST/data/05/3_05_24.wav
5113	9	./AudioMNIST/data/42/9_42_35.wav
5114	0	./AudioMNIST/data/15/0_15_1.wav
5115	7	./AudioMNIST/data/37/7_37_33.wav
5116	5	./AudioMNIST/data/22/5_22_39.wav
5117	2	./AudioMNIST/data/19/2_19_13.wav
5118	2	./AudioMNIST/data/35/2_35_36.wav
5119	8	./AudioMNIST/data/28/8_28_45.wav
5120	6	./AudioMNIST/data/28/6_28_3.wav
5121	1	./AudioMNIST/data/54/1_54_27.wav
5122	1	./AudioMNIST/data/58/1_58_23.wav
5123	3	./AudioMNIST/data/01/3_01_3.wav
5124	7	./AudioMNIST/data/09/7_09_43.wav
5125	1	./AudioMNIST/data/21/1_21_21.wav
5126	5	./AudioMNIST/data/40/5_40_21.wav
5127	5	./AudioMNIST/data/57/5_57_43.wav
5128	2	./AudioMNIST/data/21/2_21_7.wav
5129	3	./AudioMNIST/data/05/3_05_23.wav
5130	8	./AudioMNIST/data/49/8_49_45.wav
5131	3	./AudioMNIST/data/40/3_40_4.wav
5132	8	./AudioMNIST/data/23/8_23_40.wav
5133	9	./AudioMNIST/data/44/9_44_12.wav
5134	3	./AudioMNIST/data/16/3_16_48.wav
5135	2	./AudioMNIST/data/06/2_06_32.wav
5136	4	./AudioMNIST/data/47/4_47_28.wav
5137	9	./AudioMNIST/data/22/9_22_18.wav
5138	5	./AudioMNIST/data/22/5_22_45.wav
5139	9	./AudioMNIST/data/31/9_31_17.wav
5140	8	./AudioMNIST/data/39/8_39_26.wav
5141	6	./AudioMNIST/data/41/6_41_11.wav
5142	8	./AudioMNIST/data/33/8_33_9.wav
5143	0	./AudioMNIST/data/51/0_51_44.wav
5144	4	./AudioMNIST/data/25/4_25_27.wav
5145	9	./AudioMNIST/data/45/9_45_33.wav
5146	6	./AudioMNIST/data/54/6_54_34.wav
5147	9	./AudioMNIST/data/53/9_53_33.wav
5148	8	./AudioMNIST/data/42/8_42_6.wav
5149	8	./AudioMNIST/data/27/8_27_11.wav
5150	8	./AudioMNIST/data/59/8_59_49.wav
5151	2	./AudioMNIST/data/37/2_37_32.wav
5152	9	./AudioMNIST/data/08/9_08_24.wav
5153	4	./AudioMNIST/data/17/4_17_0.wav
5154	2	./AudioMNIST/data/04/2_04_43.wav
5155	0	./AudioMNIST/data/41/0_41_5.wav
5156	7	./AudioMNIST/data/39/7_39_13.wav
5157	7	./AudioMNIST/data/21/7_21_7.wav
5158	5	./AudioMNIST/data/20/5_20_10.wav
5159	4	./AudioMNIST/data/22/4_22_15.wav
5160	1	./AudioMNIST/data/12/1_12_37.wav
5161	0	./AudioMNIST/data/53/0_53_30.wav
5162	9	./AudioMNIST/data/48/9_48_16.wav
5163	2	./AudioMNIST/data/41/2_41_10.wav
5164	2	./AudioMNIST/data/13/2_13_44.wav
5165	0	./AudioMNIST/data/60/0_60_41.wav
5166	0	./AudioMNIST/data/18/0_18_35.wav
5167	0	./AudioMNIST/data/11/0_11_17.wav
5168	6	./AudioMNIST/data/33/6_33_40.wav
5169	0	./AudioMNIST/data/39/0_39_42.wav
5170	2	./AudioMNIST/data/14/2_14_6.wav
5171	8	./AudioMNIST/data/13/8_13_46.wav
5172	1	./AudioMNIST/data/19/1_19_35.wav
5173	6	./AudioMNIST/data/53/6_53_8.wav
5174	5	./AudioMNIST/data/47/5_47_13.wav
5175	1	./AudioMNIST/data/24/1_24_42.wav
5176	3	./AudioMNIST/data/31/3_31_13.wav
5177	7	./AudioMNIST/data/02/7_02_28.wav
5178	4	./AudioMNIST/data/56/4_56_8.wav
5179	3	./AudioMNIST/data/31/3_31_41.wav
5180	0	./AudioMNIST/data/52/0_52_4.wav
5181	5	./AudioMNIST/data/01/5_01_30.wav
5182	0	./AudioMNIST/data/04/0_04_30.wav
5183	4	./AudioMNIST/data/55/4_55_4.wav
5184	7	./AudioMNIST/data/13/7_13_31.wav
5185	7	./AudioMNIST/data/41/7_41_38.wav
5186	7	./AudioMNIST/data/44/7_44_9.wav
5187	5	./AudioMNIST/data/45/5_45_31.wav
5188	4	./AudioMNIST/data/52/4_52_41.wav
5189	2	./AudioMNIST/data/17/2_17_40.wav
5190	5	./AudioMNIST/data/38/5_38_20.wav
5191	2	./AudioMNIST/data/59/2_59_20.wav
5192	4	./AudioMNIST/data/49/4_49_14.wav
5193	6	./AudioMNIST/data/25/6_25_2.wav
5194	4	./AudioMNIST/data/10/4_10_15.wav
5195	4	./AudioMNIST/data/21/4_21_30.wav
5196	0	./AudioMNIST/data/18/0_18_48.wav
5197	9	./AudioMNIST/data/31/9_31_19.wav
5198	6	./AudioMNIST/data/06/6_06_42.wav
5199	0	./AudioMNIST/data/32/0_32_32.wav
5200	8	./AudioMNIST/data/41/8_41_8.wav
5201	7	./AudioMNIST/data/55/7_55_1.wav
5202	5	./AudioMNIST/data/14/5_14_48.wav
5203	6	./AudioMNIST/data/05/6_05_13.wav
5204	8	./AudioMNIST/data/21/8_21_15.wav
5205	5	./AudioMNIST/data/40/5_40_31.wav
5206	2	./AudioMNIST/data/22/2_22_15.wav
5207	5	./AudioMNIST/data/14/5_14_7.wav
5208	9	./AudioMNIST/data/51/9_51_30.wav
5209	2	./AudioMNIST/data/18/2_18_31.wav
5210	9	./AudioMNIST/data/05/9_05_43.wav
5211	5	./AudioMNIST/data/46/5_46_10.wav
5212	9	./AudioMNIST/data/26/9_26_40.wav
5213	5	./AudioMNIST/data/08/5_08_1.wav
5214	3	./AudioMNIST/data/05/3_05_36.wav
5215	8	./AudioMNIST/data/55/8_55_32.wav
5216	5	./AudioMNIST/data/26/5_26_22.wav
5217	3	./AudioMNIST/data/19/3_19_45.wav
5218	0	./AudioMNIST/data/13/0_13_0.wav
5219	4	./AudioMNIST/data/34/4_34_42.wav
5220	6	./AudioMNIST/data/31/6_31_23.wav
5221	3	./AudioMNIST/data/09/3_09_32.wav
5222	5	./AudioMNIST/data/26/5_26_47.wav
5223	9	./AudioMNIST/data/34/9_34_25.wav
5224	8	./AudioMNIST/data/42/8_42_10.wav
5225	0	./AudioMNIST/data/40/0_40_20.wav
5226	3	./AudioMNIST/data/36/3_36_41.wav
5227	9	./AudioMNIST/data/31/9_31_10.wav
5228	1	./AudioMNIST/data/02/1_02_37.wav
5229	6	./AudioMNIST/data/47/6_47_14.wav
5230	6	./AudioMNIST/data/43/6_43_12.wav
5231	9	./AudioMNIST/data/47/9_47_12.wav
5232	2	./AudioMNIST/data/52/2_52_37.wav
5233	6	./AudioMNIST/data/10/6_10_35.wav
5234	8	./AudioMNIST/data/32/8_32_46.wav
5235	1	./AudioMNIST/data/05/1_05_46.wav
5236	8	./AudioMNIST/data/41/8_41_0.wav
5237	3	./AudioMNIST/data/57/3_57_7.wav
5238	8	./AudioMNIST/data/30/8_30_22.wav
5239	9	./AudioMNIST/data/49/9_49_34.wav
5240	5	./AudioMNIST/data/46/5_46_6.wav
5241	0	./AudioMNIST/data/12/0_12_41.wav
5242	5	./AudioMNIST/data/44/5_44_43.wav
5243	9	./AudioMNIST/data/60/9_60_42.wav
5244	6	./AudioMNIST/data/54/6_54_17.wav
5245	7	./AudioMNIST/data/42/7_42_24.wav
5246	3	./AudioMNIST/data/56/3_56_24.wav
5247	7	./AudioMNIST/data/29/7_29_1.wav
5248	6	./AudioMNIST/data/33/6_33_28.wav
5249	9	./AudioMNIST/data/15/9_15_37.wav
5250	3	./AudioMNIST/data/51/3_51_3.wav
5251	5	./AudioMNIST/data/38/5_38_45.wav
5252	3	./AudioMNIST/data/42/3_42_0.wav
5253	0	./AudioMNIST/data/28/0_28_37.wav
5254	1	./AudioMNIST/data/08/1_08_1.wav
5255	8	./AudioMNIST/data/20/8_20_26.wav
5256	9	./AudioMNIST/data/25/9_25_44.wav
5257	2	./AudioMNIST/data/10/2_10_21.wav
5258	4	./AudioMNIST/data/48/4_48_35.wav
5259	0	./AudioMNIST/data/13/0_13_32.wav
5260	6	./AudioMNIST/data/16/6_16_21.wav
5261	8	./AudioMNIST/data/11/8_11_47.wav
5262	8	./AudioMNIST/data/08/8_08_14.wav
5263	8	./AudioMNIST/data/13/8_13_43.wav
5264	4	./AudioMNIST/data/29/4_29_17.wav
5265	9	./AudioMNIST/data/09/9_09_2.wav
5266	1	./AudioMNIST/data/09/1_09_35.wav
5267	2	./AudioMNIST/data/08/2_08_19.wav
5268	9	./AudioMNIST/data/13/9_13_3.wav
5269	0	./AudioMNIST/data/45/0_45_38.wav
5270	5	./AudioMNIST/data/33/5_33_16.wav
5271	0	./AudioMNIST/data/42/0_42_11.wav
5272	4	./AudioMNIST/data/04/4_04_16.wav
5273	6	./AudioMNIST/data/30/6_30_6.wav
5274	1	./AudioMNIST/data/50/1_50_8.wav
5275	1	./AudioMNIST/data/40/1_40_19.wav
5276	4	./AudioMNIST/data/28/4_28_10.wav
5277	4	./AudioMNIST/data/38/4_38_49.wav
5278	6	./AudioMNIST/data/32/6_32_1.wav
5279	0	./AudioMNIST/data/46/0_46_12.wav
5280	6	./AudioMNIST/data/45/6_45_34.wav
5281	4	./AudioMNIST/data/37/4_37_22.wav
5282	1	./AudioMNIST/data/16/1_16_42.wav
5283	3	./AudioMNIST/data/03/3_03_43.wav
5284	0	./AudioMNIST/data/56/0_56_13.wav
5285	3	./AudioMNIST/data/44/3_44_34.wav
5286	5	./AudioMNIST/data/51/5_51_27.wav
5287	7	./AudioMNIST/data/55/7_55_42.wav
5288	3	./AudioMNIST/data/29/3_29_27.wav
5289	9	./AudioMNIST/data/01/9_01_46.wav
5290	9	./AudioMNIST/data/30/9_30_43.wav
5291	4	./AudioMNIST/data/57/4_57_43.wav
5292	7	./AudioMNIST/data/52/7_52_34.wav
5293	4	./AudioMNIST/data/35/4_35_45.wav
5294	1	./AudioMNIST/data/54/1_54_44.wav
5295	4	./AudioMNIST/data/58/4_58_14.wav
5296	5	./AudioMNIST/data/38/5_38_8.wav
5297	0	./AudioMNIST/data/34/0_34_36.wav
5298	9	./AudioMNIST/data/46/9_46_37.wav
5299	8	./AudioMNIST/data/56/8_56_22.wav
5300	3	./AudioMNIST/data/12/3_12_6.wav
5301	3	./AudioMNIST/data/45/3_45_27.wav
5302	6	./AudioMNIST/data/20/6_20_40.wav
5303	8	./AudioMNIST/data/04/8_04_27.wav
5304	7	./AudioMNIST/data/31/7_31_34.wav
5305	7	./AudioMNIST/data/52/7_52_45.wav
5306	8	./AudioMNIST/data/35/8_35_35.wav
5307	6	./AudioMNIST/data/51/6_51_24.wav
5308	7	./AudioMNIST/data/16/7_16_15.wav
5309	0	./AudioMNIST/data/55/0_55_17.wav
5310	0	./AudioMNIST/data/31/0_31_27.wav
5311	4	./AudioMNIST/data/02/4_02_14.wav
5312	4	./AudioMNIST/data/46/4_46_10.wav
5313	5	./AudioMNIST/data/15/5_15_29.wav
5314	9	./AudioMNIST/data/47/9_47_9.wav
5315	0	./AudioMNIST/data/35/0_35_46.wav
5316	2	./AudioMNIST/data/34/2_34_34.wav
5317	9	./AudioMNIST/data/60/9_60_4.wav
5318	5	./AudioMNIST/data/09/5_09_38.wav
5319	9	./AudioMNIST/data/41/9_41_11.wav
5320	0	./AudioMNIST/data/45/0_45_33.wav
5321	9	./AudioMNIST/data/21/9_21_8.wav
5322	4	./AudioMNIST/data/02/4_02_11.wav
5323	0	./AudioMNIST/data/23/0_23_45.wav
5324	0	./AudioMNIST/data/11/0_11_25.wav
5325	9	./AudioMNIST/data/32/9_32_20.wav
5326	1	./AudioMNIST/data/01/1_01_9.wav
5327	2	./AudioMNIST/data/09/2_09_14.wav
5328	0	./AudioMNIST/data/31/0_31_43.wav
5329	7	./AudioMNIST/data/33/7_33_29.wav
5330	0	./AudioMNIST/data/44/0_44_47.wav
5331	0	./AudioMNIST/data/06/0_06_37.wav
5332	1	./AudioMNIST/data/06/1_06_14.wav
5333	3	./AudioMNIST/data/44/3_44_21.wav
5334	8	./AudioMNIST/data/36/8_36_18.wav
5335	8	./AudioMNIST/data/56/8_56_32.wav
5336	3	./AudioMNIST/data/33/3_33_11.wav
5337	8	./AudioMNIST/data/07/8_07_5.wav
5338	9	./AudioMNIST/data/57/9_57_41.wav
5339	5	./AudioMNIST/data/29/5_29_11.wav
5340	1	./AudioMNIST/data/46/1_46_40.wav
5341	1	./AudioMNIST/data/04/1_04_39.wav
5342	1	./AudioMNIST/data/57/1_57_25.wav
5343	4	./AudioMNIST/data/58/4_58_21.wav
5344	5	./AudioMNIST/data/55/5_55_16.wav
5345	1	./AudioMNIST/data/09/1_09_1.wav
5346	2	./AudioMNIST/data/36/2_36_20.wav
5347	0	./AudioMNIST/data/14/0_14_17.wav
5348	1	./AudioMNIST/data/08/1_08_21.wav
5349	9	./AudioMNIST/data/38/9_38_0.wav
5350	1	./AudioMNIST/data/25/1_25_45.wav
5351	0	./AudioMNIST/data/01/0_01_41.wav
5352	9	./AudioMNIST/data/15/9_15_12.wav
5353	1	./AudioMNIST/data/25/1_25_13.wav
5354	1	./AudioMNIST/data/43/1_43_13.wav
5355	9	./AudioMNIST/data/04/9_04_38.wav
5356	1	./AudioMNIST/data/36/1_36_9.wav
5357	1	./AudioMNIST/data/30/1_30_47.wav
5358	7	./AudioMNIST/data/25/7_25_32.wav
5359	4	./AudioMNIST/data/43/4_43_2.wav
5360	6	./AudioMNIST/data/10/6_10_20.wav
5361	7	./AudioMNIST/data/39/7_39_3.wav
5362	0	./AudioMNIST/data/38/0_38_19.wav
5363	2	./AudioMNIST/data/51/2_51_30.wav
5364	5	./AudioMNIST/data/06/5_06_14.wav
5365	3	./AudioMNIST/data/49/3_49_34.wav
5366	7	./AudioMNIST/data/07/7_07_45.wav
5367	2	./AudioMNIST/data/52/2_52_28.wav
5368	6	./AudioMNIST/data/59/6_59_11.wav
5369	0	./AudioMNIST/data/60/0_60_5.wav
5370	0	./AudioMNIST/data/32/0_32_28.wav
5371	9	./AudioMNIST/data/55/9_55_30.wav
5372	9	./AudioMNIST/data/29/9_29_44.wav
5373	6	./AudioMNIST/data/22/6_22_33.wav
5374	6	./AudioMNIST/data/49/6_49_40.wav
5375	6	./AudioMNIST/data/56/6_56_23.wav
5376	6	./AudioMNIST/data/47/6_47_18.wav
5377	9	./AudioMNIST/data/37/9_37_1.wav
5378	5	./AudioMNIST/data/08/5_08_13.wav
5379	3	./AudioMNIST/data/26/3_26_25.wav
5380	8	./AudioMNIST/data/40/8_40_21.wav
5381	5	./AudioMNIST/data/28/5_28_47.wav
5382	3	./AudioMNIST/data/36/3_36_29.wav
5383	1	./AudioMNIST/data/35/1_35_37.wav
5384	5	./AudioMNIST/data/20/5_20_42.wav
5385	7	./AudioMNIST/data/57/7_57_39.wav
5386	3	./AudioMNIST/data/50/3_50_1.wav
5387	3	./AudioMNIST/data/58/3_58_8.wav
5388	0	./AudioMNIST/data/11/0_11_4.wav
5389	4	./AudioMNIST/data/21/4_21_16.wav
5390	3	./AudioMNIST/data/50/3_50_44.wav
5391	8	./AudioMNIST/data/08/8_08_43.wav
5392	0	./AudioMNIST/data/56/0_56_0.wav
5393	6	./AudioMNIST/data/44/6_44_5.wav
5394	0	./AudioMNIST/data/50/0_50_12.wav
5395	1	./AudioMNIST/data/47/1_47_2.wav
5396	0	./AudioMNIST/data/04/0_04_9.wav
5397	6	./AudioMNIST/data/51/6_51_33.wav
5398	2	./AudioMNIST/data/15/2_15_36.wav
5399	1	./AudioMNIST/data/03/1_03_41.wav
5400	6	./AudioMNIST/data/28/6_28_20.wav
5401	7	./AudioMNIST/data/36/7_36_38.wav
5402	9	./AudioMNIST/data/09/9_09_16.wav
5403	7	./AudioMNIST/data/17/7_17_35.wav
5404	6	./AudioMNIST/data/30/6_30_47.wav
5405	3	./AudioMNIST/data/31/3_31_26.wav
5406	3	./AudioMNIST/data/41/3_41_26.wav
5407	0	./AudioMNIST/data/08/0_08_11.wav
5408	8	./AudioMNIST/data/47/8_47_28.wav
5409	1	./AudioMNIST/data/35/1_35_30.wav
5410	2	./AudioMNIST/data/43/2_43_17.wav
5411	5	./AudioMNIST/data/52/5_52_38.wav
5412	0	./AudioMNIST/data/15/0_15_47.wav
5413	1	./AudioMNIST/data/41/1_41_14.wav
5414	0	./AudioMNIST/data/13/0_13_43.wav
5415	3	./AudioMNIST/data/44/3_44_5.wav
5416	7	./AudioMNIST/data/58/7_58_35.wav
5417	5	./AudioMNIST/data/25/5_25_37.wav
5418	2	./AudioMNIST/data/09/2_09_6.wav
5419	4	./AudioMNIST/data/39/4_39_21.wav
5420	7	./AudioMNIST/data/37/7_37_32.wav
5421	6	./AudioMNIST/data/56/6_56_20.wav
5422	9	./AudioMNIST/data/17/9_17_12.wav
5423	6	./AudioMNIST/data/44/6_44_32.wav
5424	7	./AudioMNIST/data/54/7_54_29.wav
5425	4	./AudioMNIST/data/30/4_30_3.wav
5426	0	./AudioMNIST/data/12/0_12_22.wav
5427	9	./AudioMNIST/data/58/9_58_37.wav
5428	9	./AudioMNIST/data/09/9_09_10.wav
5429	6	./AudioMNIST/data/33/6_33_43.wav
5430	5	./AudioMNIST/data/25/5_25_31.wav
5431	5	./AudioMNIST/data/37/5_37_37.wav
5432	5	./AudioMNIST/data/30/5_30_15.wav
5433	9	./AudioMNIST/data/58/9_58_42.wav
5434	7	./AudioMNIST/data/20/7_20_45.wav
5435	0	./AudioMNIST/data/47/0_47_25.wav
5436	0	./AudioMNIST/data/53/0_53_39.wav
5437	7	./AudioMNIST/data/04/7_04_22.wav
5438	7	./AudioMNIST/data/15/7_15_28.wav
5439	5	./AudioMNIST/data/39/5_39_6.wav
5440	8	./AudioMNIST/data/08/8_08_26.wav
5441	6	./AudioMNIST/data/22/6_22_45.wav
5442	9	./AudioMNIST/data/51/9_51_15.wav
5443	2	./AudioMNIST/data/02/2_02_22.wav
5444	9	./AudioMNIST/data/16/9_16_24.wav
5445	0	./AudioMNIST/data/13/0_13_24.wav
5446	2	./AudioMNIST/data/16/2_16_21.wav
5447	6	./AudioMNIST/data/19/6_19_4.wav
5448	8	./AudioMNIST/data/57/8_57_36.wav
5449	2	./AudioMNIST/data/20/2_20_5.wav
5450	8	./AudioMNIST/data/03/8_03_49.wav
5451	8	./AudioMNIST/data/03/8_03_41.wav
5452	3	./AudioMNIST/data/03/3_03_15.wav
5453	2	./AudioMNIST/data/02/2_02_34.wav
5454	8	./AudioMNIST/data/30/8_30_41.wav
5455	2	./AudioMNIST/data/14/2_14_26.wav
5456	8	./AudioMNIST/data/55/8_55_9.wav
5457	8	./AudioMNIST/data/02/8_02_7.wav
5458	5	./AudioMNIST/data/05/5_05_24.wav
5459	7	./AudioMNIST/data/34/7_34_1.wav
5460	3	./AudioMNIST/data/01/3_01_17.wav
5461	3	./AudioMNIST/data/22/3_22_4.wav
5462	7	./AudioMNIST/data/04/7_04_32.wav
5463	5	./AudioMNIST/data/43/5_43_48.wav
5464	3	./AudioMNIST/data/20/3_20_0.wav
5465	7	./AudioMNIST/data/20/7_20_29.wav
5466	8	./AudioMNIST/data/40/8_40_7.wav
5467	2	./AudioMNIST/data/23/2_23_43.wav
5468	0	./AudioMNIST/data/24/0_24_43.wav
5469	3	./AudioMNIST/data/42/3_42_42.wav
5470	8	./AudioMNIST/data/47/8_47_18.wav
5471	2	./AudioMNIST/data/12/2_12_49.wav
5472	9	./AudioMNIST/data/04/9_04_6.wav
5473	9	./AudioMNIST/data/32/9_32_31.wav
5474	3	./AudioMNIST/data/10/3_10_11.wav
5475	4	./AudioMNIST/data/06/4_06_24.wav
5476	4	./AudioMNIST/data/54/4_54_15.wav
5477	4	./AudioMNIST/data/12/4_12_49.wav
5478	5	./AudioMNIST/data/39/5_39_16.wav
5479	9	./AudioMNIST/data/36/9_36_47.wav
5480	5	./AudioMNIST/data/26/5_26_3.wav
5481	1	./AudioMNIST/data/15/1_15_6.wav
5482	5	./AudioMNIST/data/09/5_09_49.wav
5483	6	./AudioMNIST/data/22/6_22_8.wav
5484	7	./AudioMNIST/data/39/7_39_28.wav
5485	5	./AudioMNIST/data/06/5_06_30.wav
5486	0	./AudioMNIST/data/16/0_16_37.wav
5487	7	./AudioMNIST/data/57/7_57_3.wav
5488	9	./AudioMNIST/data/40/9_40_3.wav
5489	3	./AudioMNIST/data/53/3_53_39.wav
5490	7	./AudioMNIST/data/56/7_56_32.wav
5491	2	./AudioMNIST/data/25/2_25_38.wav
5492	2	./AudioMNIST/data/39/2_39_33.wav
5493	4	./AudioMNIST/data/60/4_60_24.wav
5494	5	./AudioMNIST/data/58/5_58_6.wav
5495	5	./AudioMNIST/data/57/5_57_20.wav
5496	3	./AudioMNIST/data/47/3_47_44.wav
5497	8	./AudioMNIST/data/02/8_02_26.wav
5498	0	./AudioMNIST/data/02/0_02_3.wav
5499	4	./AudioMNIST/data/35/4_35_6.wav
5500	7	./AudioMNIST/data/15/7_15_39.wav
5501	5	./AudioMNIST/data/33/5_33_26.wav
5502	8	./AudioMNIST/data/06/8_06_48.wav
5503	8	./AudioMNIST/data/41/8_41_35.wav
5504	1	./AudioMNIST/data/07/1_07_30.wav
5505	8	./AudioMNIST/data/05/8_05_23.wav
5506	3	./AudioMNIST/data/20/3_20_20.wav
5507	7	./AudioMNIST/data/18/7_18_33.wav
5508	6	./AudioMNIST/data/56/6_56_13.wav
5509	5	./AudioMNIST/data/57/5_57_44.wav
5510	6	./AudioMNIST/data/41/6_41_40.wav
5511	7	./AudioMNIST/data/59/7_59_35.wav
5512	8	./AudioMNIST/data/26/8_26_40.wav
5513	5	./AudioMNIST/data/34/5_34_24.wav
5514	1	./AudioMNIST/data/12/1_12_26.wav
5515	9	./AudioMNIST/data/49/9_49_12.wav
5516	0	./AudioMNIST/data/21/0_21_45.wav
5517	3	./AudioMNIST/data/48/3_48_32.wav
5518	5	./AudioMNIST/data/13/5_13_35.wav
5519	7	./AudioMNIST/data/31/7_31_30.wav
5520	3	./AudioMNIST/data/23/3_23_15.wav
5521	0	./AudioMNIST/data/17/0_17_15.wav
5522	3	./AudioMNIST/data/13/3_13_47.wav
5523	7	./AudioMNIST/data/16/7_16_3.wav
5524	8	./AudioMNIST/data/26/8_26_18.wav
5525	9	./AudioMNIST/data/42/9_42_7.wav
5526	9	./AudioMNIST/data/25/9_25_28.wav
5527	6	./AudioMNIST/data/24/6_24_25.wav
5528	9	./AudioMNIST/data/43/9_43_27.wav
5529	5	./AudioMNIST/data/30/5_30_36.wav
5530	2	./AudioMNIST/data/20/2_20_49.wav
5531	0	./AudioMNIST/data/23/0_23_26.wav
5532	1	./AudioMNIST/data/26/1_26_19.wav
5533	9	./AudioMNIST/data/13/9_13_11.wav
5534	7	./AudioMNIST/data/04/7_04_23.wav
5535	7	./AudioMNIST/data/27/7_27_44.wav
5536	3	./AudioMNIST/data/03/3_03_38.wav
5537	2	./AudioMNIST/data/47/2_47_17.wav
5538	9	./AudioMNIST/data/23/9_23_40.wav
5539	3	./AudioMNIST/data/08/3_08_48.wav
5540	7	./AudioMNIST/data/35/7_35_30.wav
5541	2	./AudioMNIST/data/54/2_54_45.wav
5542	6	./AudioMNIST/data/06/6_06_27.wav
5543	4	./AudioMNIST/data/14/4_14_16.wav
5544	2	./AudioMNIST/data/15/2_15_22.wav
5545	1	./AudioMNIST/data/57/1_57_2.wav
5546	4	./AudioMNIST/data/25/4_25_1.wav
5547	4	./AudioMNIST/data/46/4_46_27.wav
5548	8	./AudioMNIST/data/15/8_15_5.wav
5549	4	./AudioMNIST/data/26/4_26_28.wav
5550	8	./AudioMNIST/data/27/8_27_46.wav
5551	4	./AudioMNIST/data/47/4_47_10.wav
5552	8	./AudioMNIST/data/17/8_17_24.wav
5553	6	./AudioMNIST/data/14/6_14_25.wav
5554	2	./AudioMNIST/data/02/2_02_48.wav
5555	7	./AudioMNIST/data/58/7_58_30.wav
5556	2	./AudioMNIST/data/51/2_51_42.wav
5557	0	./AudioMNIST/data/45/0_45_2.wav
5558	5	./AudioMNIST/data/18/5_18_40.wav
5559	5	./AudioMNIST/data/49/5_49_28.wav
5560	4	./AudioMNIST/data/10/4_10_22.wav
5561	0	./AudioMNIST/data/42/0_42_44.wav
5562	1	./AudioMNIST/data/37/1_37_47.wav
5563	7	./AudioMNIST/data/53/7_53_34.wav
5564	4	./AudioMNIST/data/40/4_40_10.wav
5565	6	./AudioMNIST/data/06/6_06_10.wav
5566	1	./AudioMNIST/data/43/1_43_30.wav
5567	7	./AudioMNIST/data/21/7_21_10.wav
5568	3	./AudioMNIST/data/11/3_11_34.wav
5569	7	./AudioMNIST/data/38/7_38_20.wav
5570	9	./AudioMNIST/data/24/9_24_9.wav
5571	0	./AudioMNIST/data/01/0_01_42.wav
5572	3	./AudioMNIST/data/54/3_54_40.wav
5573	0	./AudioMNIST/data/23/0_23_15.wav
5574	2	./AudioMNIST/data/56/2_56_38.wav
5575	5	./AudioMNIST/data/14/5_14_38.wav
5576	6	./AudioMNIST/data/38/6_38_4.wav
5577	6	./AudioMNIST/data/09/6_09_28.wav
5578	3	./AudioMNIST/data/42/3_42_39.wav
5579	5	./AudioMNIST/data/19/5_19_49.wav
5580	5	./AudioMNIST/data/34/5_34_2.wav
5581	2	./AudioMNIST/data/10/2_10_49.wav
5582	3	./AudioMNIST/data/19/3_19_13.wav
5583	3	./AudioMNIST/data/43/3_43_36.wav
5584	3	./AudioMNIST/data/55/3_55_38.wav
5585	0	./AudioMNIST/data/01/0_01_12.wav
5586	7	./AudioMNIST/data/21/7_21_21.wav
5587	2	./AudioMNIST/data/32/2_32_3.wav
5588	1	./AudioMNIST/data/14/1_14_31.wav
5589	3	./AudioMNIST/data/33/3_33_10.wav
5590	0	./AudioMNIST/data/55/0_55_21.wav
5591	7	./AudioMNIST/data/41/7_41_20.wav
5592	2	./AudioMNIST/data/40/2_40_40.wav
5593	2	./AudioMNIST/data/45/2_45_17.wav
5594	7	./AudioMNIST/data/09/7_09_39.wav
5595	1	./AudioMNIST/data/26/1_26_40.wav
5596	0	./AudioMNIST/data/59/0_59_33.wav
5597	3	./AudioMNIST/data/44/3_44_45.wav
5598	8	./AudioMNIST/data/56/8_56_25.wav
5599	4	./AudioMNIST/data/21/4_21_34.wav
5600	9	./AudioMNIST/data/25/9_25_9.wav
5601	7	./AudioMNIST/data/17/7_17_46.wav
5602	6	./AudioMNIST/data/50/6_50_28.wav
5603	7	./AudioMNIST/data/01/7_01_19.wav
5604	5	./AudioMNIST/data/01/5_01_45.wav
5605	6	./AudioMNIST/data/01/6_01_27.wav
5606	5	./AudioMNIST/data/31/5_31_41.wav
5607	8	./AudioMNIST/data/04/8_04_28.wav
5608	0	./AudioMNIST/data/45/0_45_30.wav
5609	5	./AudioMNIST/data/05/5_05_34.wav
5610	0	./AudioMNIST/data/26/0_26_1.wav
5611	4	./AudioMNIST/data/29/4_29_6.wav
5612	8	./AudioMNIST/data/30/8_30_9.wav
5613	4	./AudioMNIST/data/40/4_40_22.wav
5614	3	./AudioMNIST/data/12/3_12_19.wav
5615	3	./AudioMNIST/data/06/3_06_15.wav
5616	7	./AudioMNIST/data/46/7_46_34.wav
5617	5	./AudioMNIST/data/35/5_35_26.wav
5618	4	./AudioMNIST/data/58/4_58_45.wav
5619	3	./AudioMNIST/data/02/3_02_40.wav
5620	7	./AudioMNIST/data/13/7_13_0.wav
5621	8	./AudioMNIST/data/50/8_50_4.wav
5622	9	./AudioMNIST/data/07/9_07_31.wav
5623	4	./AudioMNIST/data/45/4_45_29.wav
5624	3	./AudioMNIST/data/42/3_42_15.wav
5625	1	./AudioMNIST/data/26/1_26_6.wav
5626	5	./AudioMNIST/data/51/5_51_20.wav
5627	3	./AudioMNIST/data/36/3_36_45.wav
5628	7	./AudioMNIST/data/44/7_44_24.wav
5629	4	./AudioMNIST/data/10/4_10_28.wav
5630	0	./AudioMNIST/data/35/0_35_10.wav
5631	1	./AudioMNIST/data/25/1_25_40.wav
5632	7	./AudioMNIST/data/15/7_15_20.wav
5633	1	./AudioMNIST/data/03/1_03_12.wav
5634	4	./AudioMNIST/data/29/4_29_32.wav
5635	4	./AudioMNIST/data/60/4_60_30.wav
5636	0	./AudioMNIST/data/19/0_19_24.wav
5637	7	./AudioMNIST/data/26/7_26_40.wav
5638	0	./AudioMNIST/data/21/0_21_15.wav
5639	2	./AudioMNIST/data/49/2_49_40.wav
5640	4	./AudioMNIST/data/19/4_19_4.wav
5641	2	./AudioMNIST/data/40/2_40_39.wav
5642	3	./AudioMNIST/data/12/3_12_15.wav
5643	0	./AudioMNIST/data/46/0_46_13.wav
5644	7	./AudioMNIST/data/14/7_14_32.wav
5645	2	./AudioMNIST/data/14/2_14_47.wav
5646	9	./AudioMNIST/data/14/9_14_2.wav
5647	6	./AudioMNIST/data/01/6_01_25.wav
5648	9	./AudioMNIST/data/47/9_47_2.wav
5649	6	./AudioMNIST/data/53/6_53_2.wav
5650	3	./AudioMNIST/data/16/3_16_28.wav
5651	7	./AudioMNIST/data/42/7_42_9.wav
5652	4	./AudioMNIST/data/53/4_53_34.wav
5653	6	./AudioMNIST/data/58/6_58_40.wav
5654	6	./AudioMNIST/data/17/6_17_25.wav
5655	4	./AudioMNIST/data/33/4_33_49.wav
5656	1	./AudioMNIST/data/59/1_59_23.wav
5657	9	./AudioMNIST/data/01/9_01_26.wav
5658	8	./AudioMNIST/data/06/8_06_28.wav
5659	0	./AudioMNIST/data/20/0_20_29.wav
5660	1	./AudioMNIST/data/32/1_32_6.wav
5661	7	./AudioMNIST/data/17/7_17_33.wav
5662	9	./AudioMNIST/data/57/9_57_35.wav
5663	8	./AudioMNIST/data/46/8_46_20.wav
5664	5	./AudioMNIST/data/21/5_21_6.wav
5665	9	./AudioMNIST/data/58/9_58_8.wav
5666	8	./AudioMNIST/data/56/8_56_6.wav
5667	3	./AudioMNIST/data/28/3_28_0.wav
5668	3	./AudioMNIST/data/48/3_48_5.wav
5669	2	./AudioMNIST/data/51/2_51_10.wav
5670	7	./AudioMNIST/data/31/7_31_23.wav
5671	9	./AudioMNIST/data/02/9_02_24.wav
5672	5	./AudioMNIST/data/43/5_43_29.wav
5673	9	./AudioMNIST/data/41/9_41_28.wav
5674	9	./AudioMNIST/data/42/9_42_28.wav
5675	8	./AudioMNIST/data/24/8_24_31.wav
5676	8	./AudioMNIST/data/39/8_39_16.wav
5677	0	./AudioMNIST/data/07/0_07_24.wav
5678	2	./AudioMNIST/data/40/2_40_20.wav
5679	1	./AudioMNIST/data/25/1_25_25.wav
5680	6	./AudioMNIST/data/10/6_10_11.wav
5681	5	./AudioMNIST/data/24/5_24_2.wav
5682	6	./AudioMNIST/data/25/6_25_46.wav
5683	4	./AudioMNIST/data/53/4_53_8.wav
5684	2	./AudioMNIST/data/15/2_15_45.wav
5685	1	./AudioMNIST/data/38/1_38_12.wav
5686	1	./AudioMNIST/data/48/1_48_20.wav
5687	2	./AudioMNIST/data/50/2_50_18.wav
5688	6	./AudioMNIST/data/41/6_41_42.wav
5689	6	./AudioMNIST/data/40/6_40_1.wav
5690	3	./AudioMNIST/data/58/3_58_10.wav
5691	1	./AudioMNIST/data/31/1_31_21.wav
5692	7	./AudioMNIST/data/21/7_21_33.wav
5693	2	./AudioMNIST/data/37/2_37_31.wav
5694	1	./AudioMNIST/data/31/1_31_19.wav
5695	5	./AudioMNIST/data/38/5_38_25.wav
5696	0	./AudioMNIST/data/29/0_29_17.wav
5697	4	./AudioMNIST/data/45/4_45_12.wav
5698	6	./AudioMNIST/data/24/6_24_46.wav
5699	2	./AudioMNIST/data/34/2_34_48.wav
5700	6	./AudioMNIST/data/19/6_19_49.wav
5701	8	./AudioMNIST/data/55/8_55_49.wav
5702	6	./AudioMNIST/data/18/6_18_10.wav
5703	4	./AudioMNIST/data/58/4_58_37.wav
5704	0	./AudioMNIST/data/59/0_59_49.wav
5705	4	./AudioMNIST/data/27/4_27_39.wav
5706	1	./AudioMNIST/data/04/1_04_42.wav
5707	3	./AudioMNIST/data/53/3_53_7.wav
5708	4	./AudioMNIST/data/55/4_55_39.wav
5709	2	./AudioMNIST/data/47/2_47_24.wav
5710	9	./AudioMNIST/data/14/9_14_15.wav
5711	2	./AudioMNIST/data/24/2_24_31.wav
5712	8	./AudioMNIST/data/11/8_11_38.wav
5713	4	./AudioMNIST/data/21/4_21_39.wav
5714	8	./AudioMNIST/data/49/8_49_16.wav
5715	1	./AudioMNIST/data/35/1_35_18.wav
5716	3	./AudioMNIST/data/07/3_07_29.wav
5717	2	./AudioMNIST/data/53/2_53_6.wav
5718	3	./AudioMNIST/data/56/3_56_16.wav
5719	5	./AudioMNIST/data/45/5_45_44.wav
5720	2	./AudioMNIST/data/24/2_24_13.wav
5721	8	./AudioMNIST/data/32/8_32_38.wav
5722	8	./AudioMNIST/data/03/8_03_3.wav
5723	6	./AudioMNIST/data/06/6_06_3.wav
5724	1	./AudioMNIST/data/58/1_58_0.wav
5725	0	./AudioMNIST/data/07/0_07_39.wav
5726	6	./AudioMNIST/data/20/6_20_41.wav
5727	3	./AudioMNIST/data/29/3_29_43.wav
5728	4	./AudioMNIST/data/50/4_50_28.wav
5729	8	./AudioMNIST/data/09/8_09_6.wav
5730	9	./AudioMNIST/data/57/9_57_48.wav
5731	7	./AudioMNIST/data/17/7_17_24.wav
5732	2	./AudioMNIST/data/32/2_32_42.wav
5733	8	./AudioMNIST/data/29/8_29_47.wav
5734	2	./AudioMNIST/data/51/2_51_21.wav
5735	9	./AudioMNIST/data/30/9_30_5.wav
5736	7	./AudioMNIST/data/02/7_02_14.wav
5737	1	./AudioMNIST/data/47/1_47_13.wav
5738	9	./AudioMNIST/data/25/9_25_29.wav
5739	5	./AudioMNIST/data/22/5_22_1.wav
5740	2	./AudioMNIST/data/59/2_59_3.wav
5741	7	./AudioMNIST/data/10/7_10_24.wav
5742	3	./AudioMNIST/data/28/3_28_28.wav
5743	6	./AudioMNIST/data/32/6_32_33.wav
5744	7	./AudioMNIST/data/46/7_46_31.wav
5745	7	./AudioMNIST/data/11/7_11_32.wav
5746	9	./AudioMNIST/data/23/9_23_31.wav
5747	7	./AudioMNIST/data/38/7_38_2.wav
5748	9	./AudioMNIST/data/49/9_49_24.wav
5749	3	./AudioMNIST/data/32/3_32_39.wav
5750	1	./AudioMNIST/data/48/1_48_3.wav
5751	0	./AudioMNIST/data/29/0_29_25.wav
5752	9	./AudioMNIST/data/04/9_04_36.wav
5753	7	./AudioMNIST/data/13/7_13_28.wav
5754	6	./AudioMNIST/data/43/6_43_24.wav
5755	3	./AudioMNIST/data/13/3_13_8.wav
5756	6	./AudioMNIST/data/29/6_29_42.wav
5757	6	./AudioMNIST/data/10/6_10_13.wav
5758	7	./AudioMNIST/data/50/7_50_17.wav
5759	5	./AudioMNIST/data/60/5_60_41.wav
5760	2	./AudioMNIST/data/43/2_43_29.wav
5761	7	./AudioMNIST/data/39/7_39_37.wav
5762	1	./AudioMNIST/data/41/1_41_4.wav
5763	5	./AudioMNIST/data/59/5_59_33.wav
5764	0	./AudioMNIST/data/31/0_31_4.wav
5765	8	./AudioMNIST/data/22/8_22_34.wav
5766	3	./AudioMNIST/data/04/3_04_32.wav
5767	3	./AudioMNIST/data/21/3_21_30.wav
5768	5	./AudioMNIST/data/03/5_03_30.wav
5769	3	./AudioMNIST/data/27/3_27_45.wav
5770	7	./AudioMNIST/data/08/7_08_35.wav
5771	9	./AudioMNIST/data/46/9_46_9.wav
5772	1	./AudioMNIST/data/04/1_04_25.wav
5773	3	./AudioMNIST/data/51/3_51_46.wav
5774	7	./AudioMNIST/data/31/7_31_46.wav
5775	0	./AudioMNIST/data/34/0_34_30.wav
5776	5	./AudioMNIST/data/12/5_12_45.wav
5777	2	./AudioMNIST/data/23/2_23_32.wav
5778	2	./AudioMNIST/data/32/2_32_25.wav
5779	0	./AudioMNIST/data/31/0_31_45.wav
5780	1	./AudioMNIST/data/52/1_52_4.wav
5781	0	./AudioMNIST/data/57/0_57_8.wav
5782	9	./AudioMNIST/data/22/9_22_46.wav
5783	6	./AudioMNIST/data/13/6_13_14.wav
5784	2	./AudioMNIST/data/60/2_60_31.wav
5785	7	./AudioMNIST/data/14/7_14_40.wav
5786	7	./AudioMNIST/data/20/7_20_20.wav
5787	3	./AudioMNIST/data/37/3_37_24.wav
5788	2	./AudioMNIST/data/52/2_52_11.wav
5789	7	./AudioMNIST/data/30/7_30_33.wav
5790	7	./AudioMNIST/data/48/7_48_11.wav
5791	2	./AudioMNIST/data/11/2_11_44.wav
5792	1	./AudioMNIST/data/19/1_19_1.wav
5793	6	./AudioMNIST/data/43/6_43_16.wav
5794	4	./AudioMNIST/data/21/4_21_42.wav
5795	1	./AudioMNIST/data/26/1_26_9.wav
5796	0	./AudioMNIST/data/47/0_47_43.wav
5797	8	./AudioMNIST/data/42/8_42_28.wav
5798	3	./AudioMNIST/data/38/3_38_4.wav
5799	5	./AudioMNIST/data/58/5_58_29.wav
5800	5	./AudioMNIST/data/33/5_33_11.wav
5801	8	./AudioMNIST/data/26/8_26_21.wav
5802	3	./AudioMNIST/data/39/3_39_16.wav
5803	2	./AudioMNIST/data/30/2_30_45.wav
5804	9	./AudioMNIST/data/46/9_46_19.wav
5805	6	./AudioMNIST/data/51/6_51_11.wav
5806	6	./AudioMNIST/data/59/6_59_34.wav
5807	9	./AudioMNIST/data/30/9_30_28.wav
5808	0	./AudioMNIST/data/01/0_01_0.wav
5809	4	./AudioMNIST/data/11/4_11_12.wav
5810	0	./AudioMNIST/data/05/0_05_22.wav
5811	4	./AudioMNIST/data/41/4_41_19.wav
5812	0	./AudioMNIST/data/10/0_10_23.wav
5813	8	./AudioMNIST/data/38/8_38_38.wav
5814	0	./AudioMNIST/data/59/0_59_16.wav
5815	0	./AudioMNIST/data/06/0_06_27.wav
5816	8	./AudioMNIST/data/04/8_04_46.wav
5817	9	./AudioMNIST/data/32/9_32_22.wav
5818	2	./AudioMNIST/data/53/2_53_11.wav
5819	6	./AudioMNIST/data/34/6_34_0.wav
5820	0	./AudioMNIST/data/55/0_55_27.wav
5821	5	./AudioMNIST/data/11/5_11_14.wav
5822	5	./AudioMNIST/data/27/5_27_28.wav
5823	6	./AudioMNIST/data/05/6_05_40.wav
5824	2	./AudioMNIST/data/14/2_14_34.wav
5825	9	./AudioMNIST/data/41/9_41_3.wav
5826	8	./AudioMNIST/data/05/8_05_16.wav
5827	1	./AudioMNIST/data/48/1_48_21.wav
5828	1	./AudioMNIST/data/45/1_45_28.wav
5829	3	./AudioMNIST/data/24/3_24_38.wav
5830	9	./AudioMNIST/data/41/9_41_25.wav
5831	9	./AudioMNIST/data/12/9_12_33.wav
5832	3	./AudioMNIST/data/23/3_23_22.wav
5833	6	./AudioMNIST/data/11/6_11_11.wav
5834	9	./AudioMNIST/data/52/9_52_14.wav
5835	4	./AudioMNIST/data/51/4_51_43.wav
5836	9	./AudioMNIST/data/29/9_29_27.wav
5837	4	./AudioMNIST/data/44/4_44_4.wav
5838	0	./AudioMNIST/data/48/0_48_19.wav
5839	8	./AudioMNIST/data/11/8_11_2.wav
5840	0	./AudioMNIST/data/55/0_55_11.wav
5841	1	./AudioMNIST/data/15/1_15_44.wav
5842	8	./AudioMNIST/data/17/8_17_2.wav
5843	2	./AudioMNIST/data/39/2_39_34.wav
5844	4	./AudioMNIST/data/13/4_13_8.wav
5845	4	./AudioMNIST/data/03/4_03_13.wav
5846	1	./AudioMNIST/data/45/1_45_41.wav
5847	9	./AudioMNIST/data/51/9_51_41.wav
5848	3	./AudioMNIST/data/05/3_05_13.wav
5849	3	./AudioMNIST/data/34/3_34_10.wav
5850	9	./AudioMNIST/data/39/9_39_41.wav
5851	2	./AudioMNIST/data/19/2_19_21.wav
5852	3	./AudioMNIST/data/20/3_20_12.wav
5853	1	./AudioMNIST/data/22/1_22_33.wav
5854	4	./AudioMNIST/data/58/4_58_42.wav
5855	6	./AudioMNIST/data/26/6_26_32.wav
5856	8	./AudioMNIST/data/07/8_07_17.wav
5857	0	./AudioMNIST/data/04/0_04_34.wav
5858	7	./AudioMNIST/data/21/7_21_47.wav
5859	4	./AudioMNIST/data/41/4_41_36.wav
5860	8	./AudioMNIST/data/02/8_02_19.wav
5861	0	./AudioMNIST/data/48/0_48_5.wav
5862	7	./AudioMNIST/data/42/7_42_12.wav
5863	1	./AudioMNIST/data/25/1_25_30.wav
5864	6	./AudioMNIST/data/31/6_31_31.wav
5865	7	./AudioMNIST/data/21/7_21_31.wav
5866	5	./AudioMNIST/data/41/5_41_16.wav
5867	1	./AudioMNIST/data/23/1_23_23.wav
5868	5	./AudioMNIST/data/01/5_01_29.wav
5869	9	./AudioMNIST/data/41/9_41_19.wav
5870	3	./AudioMNIST/data/57/3_57_11.wav
5871	8	./AudioMNIST/data/06/8_06_33.wav
5872	9	./AudioMNIST/data/03/9_03_38.wav
5873	6	./AudioMNIST/data/45/6_45_36.wav
5874	8	./AudioMNIST/data/11/8_11_14.wav
5875	6	./AudioMNIST/data/55/6_55_45.wav
5876	6	./AudioMNIST/data/60/6_60_17.wav
5877	3	./AudioMNIST/data/17/3_17_29.wav
5878	2	./AudioMNIST/data/51/2_51_36.wav
5879	4	./AudioMNIST/data/01/4_01_9.wav
5880	3	./AudioMNIST/data/43/3_43_21.wav
5881	6	./AudioMNIST/data/35/6_35_28.wav
5882	3	./AudioMNIST/data/24/3_24_49.wav
5883	0	./AudioMNIST/data/40/0_40_24.wav
5884	5	./AudioMNIST/data/33/5_33_3.wav
5885	9	./AudioMNIST/data/48/9_48_45.wav
5886	8	./AudioMNIST/data/10/8_10_23.wav
5887	1	./AudioMNIST/data/27/1_27_15.wav
5888	0	./AudioMNIST/data/44/0_44_2.wav
5889	2	./AudioMNIST/data/29/2_29_33.wav
5890	1	./AudioMNIST/data/20/1_20_21.wav
5891	1	./AudioMNIST/data/51/1_51_2.wav
5892	8	./AudioMNIST/data/53/8_53_5.wav
5893	0	./AudioMNIST/data/51/0_51_6.wav
5894	9	./AudioMNIST/data/54/9_54_16.wav
5895	2	./AudioMNIST/data/53/2_53_9.wav
5896	4	./AudioMNIST/data/06/4_06_18.wav
5897	3	./AudioMNIST/data/22/3_22_10.wav
5898	6	./AudioMNIST/data/44/6_44_6.wav
5899	5	./AudioMNIST/data/53/5_53_21.wav
5900	6	./AudioMNIST/data/22/6_22_16.wav
5901	5	./AudioMNIST/data/02/5_02_17.wav
5902	5	./AudioMNIST/data/01/5_01_31.wav
5903	5	./AudioMNIST/data/24/5_24_46.wav
5904	0	./AudioMNIST/data/17/0_17_36.wav
5905	3	./AudioMNIST/data/24/3_24_42.wav
5906	5	./AudioMNIST/data/03/5_03_18.wav
5907	3	./AudioMNIST/data/21/3_21_48.wav
5908	8	./AudioMNIST/data/25/8_25_19.wav
5909	8	./AudioMNIST/data/48/8_48_47.wav
5910	4	./AudioMNIST/data/22/4_22_43.wav
5911	8	./AudioMNIST/data/34/8_34_2.wav
5912	7	./AudioMNIST/data/01/7_01_43.wav
5913	6	./AudioMNIST/data/10/6_10_27.wav
5914	0	./AudioMNIST/data/13/0_13_18.wav
5915	6	./AudioMNIST/data/46/6_46_17.wav
5916	7	./AudioMNIST/data/49/7_49_15.wav
5917	9	./AudioMNIST/data/04/9_04_8.wav
5918	6	./AudioMNIST/data/49/6_49_10.wav
5919	8	./AudioMNIST/data/37/8_37_33.wav
5920	0	./AudioMNIST/data/21/0_21_26.wav
5921	9	./AudioMNIST/data/37/9_37_47.wav
5922	5	./AudioMNIST/data/42/5_42_30.wav
5923	4	./AudioMNIST/data/56/4_56_37.wav
5924	3	./AudioMNIST/data/29/3_29_22.wav
5925	2	./AudioMNIST/data/28/2_28_28.wav
5926	6	./AudioMNIST/data/25/6_25_5.wav
5927	8	./AudioMNIST/data/33/8_33_28.wav
5928	4	./AudioMNIST/data/25/4_25_13.wav
5929	9	./AudioMNIST/data/01/9_01_41.wav
5930	0	./AudioMNIST/data/22/0_22_44.wav
5931	3	./AudioMNIST/data/46/3_46_21.wav
5932	1	./AudioMNIST/data/37/1_37_16.wav
5933	5	./AudioMNIST/data/14/5_14_43.wav
5934	2	./AudioMNIST/data/55/2_55_21.wav
5935	3	./AudioMNIST/data/34/3_34_46.wav
5936	4	./AudioMNIST/data/08/4_08_34.wav
5937	5	./AudioMNIST/data/59/5_59_24.wav
5938	4	./AudioMNIST/data/59/4_59_31.wav
5939	5	./AudioMNIST/data/43/5_43_46.wav
5940	8	./AudioMNIST/data/28/8_28_12.wav
5941	7	./AudioMNIST/data/34/7_34_36.wav
5942	8	./AudioMNIST/data/39/8_39_40.wav
5943	9	./AudioMNIST/data/52/9_52_47.wav
5944	5	./AudioMNIST/data/13/5_13_39.wav
5945	7	./AudioMNIST/data/38/7_38_21.wav
5946	0	./AudioMNIST/data/31/0_31_37.wav
5947	5	./AudioMNIST/data/05/5_05_0.wav
5948	6	./AudioMNIST/data/52/6_52_6.wav
5949	3	./AudioMNIST/data/16/3_16_8.wav
5950	7	./AudioMNIST/data/27/7_27_43.wav
5951	4	./AudioMNIST/data/42/4_42_21.wav
5952	3	./AudioMNIST/data/06/3_06_14.wav
5953	6	./AudioMNIST/data/19/6_19_28.wav
5954	7	./AudioMNIST/data/14/7_14_7.wav
5955	3	./AudioMNIST/data/44/3_44_37.wav
5956	3	./AudioMNIST/data/44/3_44_40.wav
5957	9	./AudioMNIST/data/58/9_58_48.wav
5958	6	./AudioMNIST/data/32/6_32_2.wav
5959	5	./AudioMNIST/data/39/5_39_36.wav
5960	1	./AudioMNIST/data/04/1_04_30.wav
5961	0	./AudioMNIST/data/23/0_23_29.wav
5962	8	./AudioMNIST/data/38/8_38_16.wav
5963	5	./AudioMNIST/data/60/5_60_40.wav
5964	3	./AudioMNIST/data/10/3_10_1.wav
5965	9	./AudioMNIST/data/20/9_20_13.wav
5966	0	./AudioMNIST/data/12/0_12_29.wav
5967	3	./AudioMNIST/data/27/3_27_5.wav
5968	9	./AudioMNIST/data/50/9_50_2.wav
5969	6	./AudioMNIST/data/31/6_31_7.wav
5970	6	./AudioMNIST/data/42/6_42_10.wav
5971	1	./AudioMNIST/data/16/1_16_29.wav
5972	9	./AudioMNIST/data/60/9_60_12.wav
5973	1	./AudioMNIST/data/15/1_15_46.wav
5974	5	./AudioMNIST/data/37/5_37_38.wav
5975	8	./AudioMNIST/data/59/8_59_46.wav
5976	4	./AudioMNIST/data/34/4_34_45.wav
5977	0	./AudioMNIST/data/33/0_33_34.wav
5978	1	./AudioMNIST/data/12/1_12_19.wav
5979	2	./AudioMNIST/data/49/2_49_24.wav
5980	1	./AudioMNIST/data/35/1_35_41.wav
5981	1	./AudioMNIST/data/15/1_15_38.wav
5982	7	./AudioMNIST/data/21/7_21_5.wav
5983	8	./AudioMNIST/data/22/8_22_21.wav
5984	0	./AudioMNIST/data/45/0_45_49.wav
5985	1	./AudioMNIST/data/05/1_05_10.wav
5986	7	./AudioMNIST/data/30/7_30_46.wav
5987	2	./AudioMNIST/data/14/2_14_38.wav
5988	2	./AudioMNIST/data/50/2_50_16.wav
5989	6	./AudioMNIST/data/51/6_51_37.wav
5990	3	./AudioMNIST/data/08/3_08_32.wav
5991	2	./AudioMNIST/data/25/2_25_37.wav
5992	7	./AudioMNIST/data/35/7_35_10.wav
5993	9	./AudioMNIST/data/15/9_15_41.wav
5994	1	./AudioMNIST/data/29/1_29_17.wav
5995	7	./AudioMNIST/data/33/7_33_41.wav
5996	6	./AudioMNIST/data/13/6_13_2.wav
5997	3	./AudioMNIST/data/39/3_39_34.wav
5998	9	./AudioMNIST/data/42/9_42_6.wav
5999	4	./AudioMNIST/data/07/4_07_46.wav
6000	9	./AudioMNIST/data/11/9_11_32.wav
6001	1	./AudioMNIST/data/42/1_42_46.wav
6002	5	./AudioMNIST/data/39/5_39_33.wav
6003	2	./AudioMNIST/data/10/2_10_38.wav
6004	1	./AudioMNIST/data/27/1_27_35.wav
6005	7	./AudioMNIST/data/40/7_40_27.wav
6006	2	./AudioMNIST/data/01/2_01_15.wav
6007	3	./AudioMNIST/data/02/3_02_29.wav
6008	5	./AudioMNIST/data/33/5_33_0.wav
6009	4	./AudioMNIST/data/10/4_10_34.wav
6010	4	./AudioMNIST/data/28/4_28_1.wav
6011	8	./AudioMNIST/data/31/8_31_42.wav
6012	4	./AudioMNIST/data/03/4_03_37.wav
6013	5	./AudioMNIST/data/57/5_57_42.wav
6014	7	./AudioMNIST/data/19/7_19_13.wav
6015	3	./AudioMNIST/data/08/3_08_20.wav
6016	5	./AudioMNIST/data/08/5_08_9.wav
6017	9	./AudioMNIST/data/03/9_03_7.wav
6018	3	./AudioMNIST/data/34/3_34_43.wav
6019	6	./AudioMNIST/data/28/6_28_27.wav
6020	6	./AudioMNIST/data/40/6_40_44.wav
6021	3	./AudioMNIST/data/12/3_12_32.wav
6022	0	./AudioMNIST/data/32/0_32_26.wav
6023	3	./AudioMNIST/data/18/3_18_7.wav
6024	5	./AudioMNIST/data/21/5_21_15.wav
6025	4	./AudioMNIST/data/44/4_44_12.wav
6026	7	./AudioMNIST/data/12/7_12_16.wav
6027	6	./AudioMNIST/data/49/6_49_15.wav
6028	9	./AudioMNIST/data/51/9_51_39.wav
6029	9	./AudioMNIST/data/33/9_33_42.wav
6030	2	./AudioMNIST/data/19/2_19_31.wav
6031	3	./AudioMNIST/data/13/3_13_22.wav
6032	8	./AudioMNIST/data/24/8_24_35.wav
6033	8	./AudioMNIST/data/11/8_11_43.wav
6034	4	./AudioMNIST/data/10/4_10_33.wav
6035	9	./AudioMNIST/data/25/9_25_3.wav
6036	1	./AudioMNIST/data/15/1_15_20.wav
6037	3	./AudioMNIST/data/58/3_58_48.wav
6038	8	./AudioMNIST/data/36/8_36_19.wav
6039	9	./AudioMNIST/data/15/9_15_7.wav
6040	3	./AudioMNIST/data/05/3_05_30.wav
6041	5	./AudioMNIST/data/37/5_37_44.wav
6042	1	./AudioMNIST/data/58/1_58_6.wav
6043	0	./AudioMNIST/data/02/0_02_48.wav
6044	1	./AudioMNIST/data/32/1_32_26.wav
6045	6	./AudioMNIST/data/18/6_18_23.wav
6046	9	./AudioMNIST/data/55/9_55_6.wav
6047	8	./AudioMNIST/data/14/8_14_3.wav
6048	6	./AudioMNIST/data/14/6_14_43.wav
6049	7	./AudioMNIST/data/09/7_09_4.wav
6050	2	./AudioMNIST/data/20/2_20_33.wav
6051	3	./AudioMNIST/data/50/3_50_46.wav
6052	4	./AudioMNIST/data/25/4_25_14.wav
6053	7	./AudioMNIST/data/10/7_10_5.wav
6054	9	./AudioMNIST/data/48/9_48_8.wav
6055	5	./AudioMNIST/data/39/5_39_13.wav
6056	1	./AudioMNIST/data/40/1_40_14.wav
6057	4	./AudioMNIST/data/04/4_04_42.wav
6058	6	./AudioMNIST/data/21/6_21_0.wav
6059	6	./AudioMNIST/data/10/6_10_41.wav
6060	7	./AudioMNIST/data/34/7_34_44.wav
6061	9	./AudioMNIST/data/56/9_56_24.wav
6062	2	./AudioMNIST/data/56/2_56_44.wav
6063	0	./AudioMNIST/data/56/0_56_15.wav
6064	1	./AudioMNIST/data/43/1_43_17.wav
6065	1	./AudioMNIST/data/20/1_20_43.wav
6066	9	./AudioMNIST/data/35/9_35_25.wav
6067	1	./AudioMNIST/data/05/1_05_14.wav
6068	7	./AudioMNIST/data/59/7_59_25.wav
6069	8	./AudioMNIST/data/20/8_20_25.wav
6070	4	./AudioMNIST/data/35/4_35_26.wav
6071	8	./AudioMNIST/data/52/8_52_11.wav
6072	2	./AudioMNIST/data/23/2_23_6.wav
6073	7	./AudioMNIST/data/16/7_16_10.wav
6074	6	./AudioMNIST/data/55/6_55_42.wav
6075	3	./AudioMNIST/data/21/3_21_23.wav
6076	8	./AudioMNIST/data/38/8_38_24.wav
6077	3	./AudioMNIST/data/30/3_30_6.wav
6078	1	./AudioMNIST/data/56/1_56_39.wav
6079	1	./AudioMNIST/data/57/1_57_5.wav
6080	9	./AudioMNIST/data/30/9_30_4.wav
6081	6	./AudioMNIST/data/21/6_21_45.wav
6082	7	./AudioMNIST/data/51/7_51_17.wav
6083	5	./AudioMNIST/data/58/5_58_17.wav
6084	4	./AudioMNIST/data/10/4_10_12.wav
6085	8	./AudioMNIST/data/04/8_04_48.wav
6086	6	./AudioMNIST/data/54/6_54_21.wav
6087	0	./AudioMNIST/data/08/0_08_24.wav
6088	2	./AudioMNIST/data/35/2_35_40.wav
6089	8	./AudioMNIST/data/41/8_41_38.wav
6090	2	./AudioMNIST/data/14/2_14_30.wav
6091	9	./AudioMNIST/data/24/9_24_39.wav
6092	8	./AudioMNIST/data/54/8_54_8.wav
6093	9	./AudioMNIST/data/03/9_03_16.wav
6094	6	./AudioMNIST/data/13/6_13_6.wav
6095	0	./AudioMNIST/data/47/0_47_13.wav
6096	5	./AudioMNIST/data/18/5_18_11.wav
6097	3	./AudioMNIST/data/36/3_36_1.wav
6098	3	./AudioMNIST/data/34/3_34_28.wav
6099	1	./AudioMNIST/data/31/1_31_5.wav
6100	0	./AudioMNIST/data/06/0_06_0.wav
6101	7	./AudioMNIST/data/50/7_50_3.wav
6102	5	./AudioMNIST/data/11/5_11_21.wav
6103	6	./AudioMNIST/data/12/6_12_12.wav
6104	9	./AudioMNIST/data/52/9_52_11.wav
6105	8	./AudioMNIST/data/55/8_55_27.wav
6106	8	./AudioMNIST/data/42/8_42_9.wav
6107	6	./AudioMNIST/data/47/6_47_48.wav
6108	5	./AudioMNIST/data/05/5_05_35.wav
6109	0	./AudioMNIST/data/15/0_15_21.wav
6110	7	./AudioMNIST/data/47/7_47_41.wav
6111	4	./AudioMNIST/data/37/4_37_44.wav
6112	6	./AudioMNIST/data/13/6_13_47.wav
6113	7	./AudioMNIST/data/24/7_24_25.wav
6114	0	./AudioMNIST/data/49/0_49_37.wav
6115	1	./AudioMNIST/data/14/1_14_20.wav
6116	2	./AudioMNIST/data/29/2_29_35.wav
6117	0	./AudioMNIST/data/28/0_28_19.wav
6118	2	./AudioMNIST/data/50/2_50_19.wav
6119	0	./AudioMNIST/data/10/0_10_36.wav
6120	0	./AudioMNIST/data/15/0_15_29.wav
6121	3	./AudioMNIST/data/52/3_52_40.wav
6122	7	./AudioMNIST/data/35/7_35_33.wav
6123	8	./AudioMNIST/data/47/8_47_30.wav
6124	4	./AudioMNIST/data/18/4_18_4.wav
6125	5	./AudioMNIST/data/13/5_13_9.wav
6126	5	./AudioMNIST/data/43/5_43_40.wav
6127	5	./AudioMNIST/data/37/5_37_49.wav
6128	0	./AudioMNIST/data/08/0_08_19.wav
6129	4	./AudioMNIST/data/53/4_53_23.wav
6130	8	./AudioMNIST/data/09/8_09_18.wav
6131	8	./AudioMNIST/data/05/8_05_6.wav
6132	8	./AudioMNIST/data/51/8_51_35.wav
6133	5	./AudioMNIST/data/52/5_52_14.wav
6134	3	./AudioMNIST/data/13/3_13_29.wav
6135	0	./AudioMNIST/data/01/0_01_28.wav
6136	0	./AudioMNIST/data/30/0_30_26.wav
6137	4	./AudioMNIST/data/06/4_06_13.wav
6138	9	./AudioMNIST/data/23/9_23_39.wav
6139	7	./AudioMNIST/data/37/7_37_36.wav
6140	5	./AudioMNIST/data/40/5_40_35.wav
6141	1	./AudioMNIST/data/15/1_15_32.wav
6142	9	./AudioMNIST/data/12/9_12_35.wav
6143	6	./AudioMNIST/data/57/6_57_23.wav
6144	4	./AudioMNIST/data/02/4_02_39.wav
6145	6	./AudioMNIST/data/22/6_22_22.wav
6146	4	./AudioMNIST/data/29/4_29_45.wav
6147	5	./AudioMNIST/data/31/5_31_36.wav
6148	1	./AudioMNIST/data/03/1_03_33.wav
6149	8	./AudioMNIST/data/45/8_45_4.wav
6150	3	./AudioMNIST/data/08/3_08_12.wav
6151	1	./AudioMNIST/data/07/1_07_5.wav
6152	4	./AudioMNIST/data/28/4_28_25.wav
6153	2	./AudioMNIST/data/55/2_55_43.wav
6154	5	./AudioMNIST/data/31/5_31_11.wav
6155	3	./AudioMNIST/data/37/3_37_33.wav
6156	4	./AudioMNIST/data/39/4_39_11.wav
6157	7	./AudioMNIST/data/50/7_50_10.wav
6158	8	./AudioMNIST/data/19/8_19_46.wav
6159	2	./AudioMNIST/data/30/2_30_38.wav
6160	5	./AudioMNIST/data/30/5_30_3.wav
6161	6	./AudioMNIST/data/33/6_33_0.wav
6162	4	./AudioMNIST/data/33/4_33_8.wav
6163	6	./AudioMNIST/data/14/6_14_41.wav
6164	3	./AudioMNIST/data/48/3_48_26.wav
6165	9	./AudioMNIST/data/26/9_26_20.wav
6166	8	./AudioMNIST/data/51/8_51_0.wav
6167	5	./AudioMNIST/data/59/5_59_37.wav
6168	0	./AudioMNIST/data/55/0_55_43.wav
6169	5	./AudioMNIST/data/39/5_39_28.wav
6170	8	./AudioMNIST/data/44/8_44_31.wav
6171	0	./AudioMNIST/data/40/0_40_25.wav
6172	6	./AudioMNIST/data/28/6_28_4.wav
6173	9	./AudioMNIST/data/34/9_34_1.wav
6174	1	./AudioMNIST/data/23/1_23_14.wav
6175	5	./AudioMNIST/data/14/5_14_34.wav
6176	3	./AudioMNIST/data/53/3_53_21.wav
6177	8	./AudioMNIST/data/42/8_42_30.wav
6178	8	./AudioMNIST/data/20/8_20_35.wav
6179	6	./AudioMNIST/data/20/6_20_33.wav
6180	5	./AudioMNIST/data/31/5_31_45.wav
6181	6	./AudioMNIST/data/40/6_40_41.wav
6182	3	./AudioMNIST/data/58/3_58_15.wav
6183	5	./AudioMNIST/data/09/5_09_2.wav
6184	6	./AudioMNIST/data/59/6_59_3.wav
6185	8	./AudioMNIST/data/31/8_31_45.wav
6186	0	./AudioMNIST/data/60/0_60_42.wav
6187	5	./AudioMNIST/data/41/5_41_26.wav
6188	0	./AudioMNIST/data/48/0_48_1.wav
6189	3	./AudioMNIST/data/22/3_22_21.wav
6190	2	./AudioMNIST/data/56/2_56_24.wav
6191	8	./AudioMNIST/data/18/8_18_11.wav
6192	9	./AudioMNIST/data/35/9_35_46.wav
6193	9	./AudioMNIST/data/05/9_05_29.wav
6194	0	./AudioMNIST/data/40/0_40_10.wav
6195	1	./AudioMNIST/data/14/1_14_10.wav
6196	1	./AudioMNIST/data/30/1_30_33.wav
6197	4	./AudioMNIST/data/51/4_51_9.wav
6198	9	./AudioMNIST/data/20/9_20_25.wav
6199	0	./AudioMNIST/data/19/0_19_5.wav
6200	3	./AudioMNIST/data/41/3_41_5.wav
6201	4	./AudioMNIST/data/53/4_53_18.wav
6202	3	./AudioMNIST/data/03/3_03_9.wav
6203	5	./AudioMNIST/data/11/5_11_40.wav
6204	9	./AudioMNIST/data/12/9_12_41.wav
6205	9	./AudioMNIST/data/36/9_36_22.wav
6206	3	./AudioMNIST/data/51/3_51_13.wav
6207	1	./AudioMNIST/data/20/1_20_39.wav
6208	9	./AudioMNIST/data/09/9_09_44.wav
6209	6	./AudioMNIST/data/25/6_25_31.wav
6210	8	./AudioMNIST/data/31/8_31_17.wav
6211	9	./AudioMNIST/data/28/9_28_19.wav
6212	3	./AudioMNIST/data/15/3_15_31.wav
6213	7	./AudioMNIST/data/60/7_60_15.wav
6214	4	./AudioMNIST/data/27/4_27_34.wav
6215	1	./AudioMNIST/data/44/1_44_34.wav
6216	0	./AudioMNIST/data/56/0_56_36.wav
6217	5	./AudioMNIST/data/55/5_55_24.wav
6218	8	./AudioMNIST/data/45/8_45_48.wav
6219	8	./AudioMNIST/data/29/8_29_45.wav
6220	2	./AudioMNIST/data/16/2_16_33.wav
6221	6	./AudioMNIST/data/24/6_24_11.wav
6222	5	./AudioMNIST/data/41/5_41_42.wav
6223	3	./AudioMNIST/data/25/3_25_35.wav
6224	1	./AudioMNIST/data/16/1_16_49.wav
6225	2	./AudioMNIST/data/07/2_07_25.wav
6226	3	./AudioMNIST/data/41/3_41_34.wav
6227	9	./AudioMNIST/data/54/9_54_0.wav
6228	9	./AudioMNIST/data/16/9_16_47.wav
6229	9	./AudioMNIST/data/54/9_54_19.wav
6230	8	./AudioMNIST/data/13/8_13_35.wav
6231	0	./AudioMNIST/data/52/0_52_35.wav
6232	8	./AudioMNIST/data/11/8_11_30.wav
6233	2	./AudioMNIST/data/06/2_06_14.wav
6234	5	./AudioMNIST/data/21/5_21_46.wav
6235	5	./AudioMNIST/data/44/5_44_37.wav
6236	4	./AudioMNIST/data/57/4_57_49.wav
6237	3	./AudioMNIST/data/44/3_44_12.wav
6238	9	./AudioMNIST/data/14/9_14_29.wav
6239	6	./AudioMNIST/data/56/6_56_3.wav
6240	2	./AudioMNIST/data/44/2_44_24.wav
6241	6	./AudioMNIST/data/24/6_24_48.wav
6242	9	./AudioMNIST/data/54/9_54_17.wav
6243	2	./AudioMNIST/data/42/2_42_8.wav
6244	5	./AudioMNIST/data/34/5_34_41.wav
6245	8	./AudioMNIST/data/40/8_40_1.wav
6246	1	./AudioMNIST/data/17/1_17_48.wav
6247	6	./AudioMNIST/data/27/6_27_37.wav
6248	5	./AudioMNIST/data/37/5_37_32.wav
6249	9	./AudioMNIST/data/39/9_39_2.wav
6250	8	./AudioMNIST/data/37/8_37_47.wav
6251	7	./AudioMNIST/data/27/7_27_3.wav
6252	2	./AudioMNIST/data/57/2_57_0.wav
6253	6	./AudioMNIST/data/26/6_26_46.wav
6254	3	./AudioMNIST/data/53/3_53_9.wav
6255	1	./AudioMNIST/data/33/1_33_26.wav
6256	2	./AudioMNIST/data/13/2_13_2.wav
6257	4	./AudioMNIST/data/23/4_23_6.wav
6258	0	./AudioMNIST/data/38/0_38_11.wav
6259	7	./AudioMNIST/data/48/7_48_19.wav
6260	8	./AudioMNIST/data/38/8_38_46.wav
6261	7	./AudioMNIST/data/54/7_54_36.wav
6262	3	./AudioMNIST/data/29/3_29_16.wav
6263	0	./AudioMNIST/data/39/0_39_28.wav
6264	8	./AudioMNIST/data/18/8_18_31.wav
6265	8	./AudioMNIST/data/37/8_37_12.wav
6266	7	./AudioMNIST/data/13/7_13_25.wav
6267	2	./AudioMNIST/data/26/2_26_34.wav
6268	0	./AudioMNIST/data/29/0_29_5.wav
6269	0	./AudioMNIST/data/46/0_46_24.wav
6270	9	./AudioMNIST/data/56/9_56_11.wav
6271	3	./AudioMNIST/data/34/3_34_30.wav
6272	3	./AudioMNIST/data/49/3_49_32.wav
6273	2	./AudioMNIST/data/31/2_31_28.wav
6274	1	./AudioMNIST/data/03/1_03_23.wav
6275	9	./AudioMNIST/data/55/9_55_44.wav
6276	5	./AudioMNIST/data/30/5_30_28.wav
6277	6	./AudioMNIST/data/39/6_39_32.wav
6278	5	./AudioMNIST/data/37/5_37_5.wav
6279	1	./AudioMNIST/data/37/1_37_31.wav
6280	5	./AudioMNIST/data/35/5_35_0.wav
6281	1	./AudioMNIST/data/13/1_13_15.wav
6282	3	./AudioMNIST/data/12/3_12_3.wav
6283	0	./AudioMNIST/data/02/0_02_18.wav
6284	2	./AudioMNIST/data/43/2_43_23.wav
6285	2	./AudioMNIST/data/17/2_17_48.wav
6286	3	./AudioMNIST/data/05/3_05_21.wav
6287	9	./AudioMNIST/data/21/9_21_41.wav
6288	8	./AudioMNIST/data/37/8_37_0.wav
6289	4	./AudioMNIST/data/23/4_23_10.wav
6290	1	./AudioMNIST/data/53/1_53_19.wav
6291	5	./AudioMNIST/data/04/5_04_12.wav
6292	1	./AudioMNIST/data/45/1_45_42.wav
6293	8	./AudioMNIST/data/05/8_05_22.wav
6294	4	./AudioMNIST/data/45/4_45_28.wav
6295	5	./AudioMNIST/data/19/5_19_43.wav
6296	4	./AudioMNIST/data/09/4_09_25.wav
6297	5	./AudioMNIST/data/13/5_13_46.wav
6298	8	./AudioMNIST/data/15/8_15_26.wav
6299	1	./AudioMNIST/data/36/1_36_33.wav
6300	8	./AudioMNIST/data/45/8_45_39.wav
6301	4	./AudioMNIST/data/40/4_40_49.wav
6302	7	./AudioMNIST/data/05/7_05_7.wav
6303	3	./AudioMNIST/data/41/3_41_16.wav
6304	7	./AudioMNIST/data/04/7_04_11.wav
6305	4	./AudioMNIST/data/02/4_02_24.wav
6306	1	./AudioMNIST/data/57/1_57_9.wav
6307	7	./AudioMNIST/data/35/7_35_44.wav
6308	5	./AudioMNIST/data/25/5_25_4.wav
6309	7	./AudioMNIST/data/52/7_52_47.wav
6310	1	./AudioMNIST/data/18/1_18_40.wav
6311	7	./AudioMNIST/data/24/7_24_14.wav
6312	5	./AudioMNIST/data/55/5_55_26.wav
6313	7	./AudioMNIST/data/06/7_06_33.wav
6314	3	./AudioMNIST/data/18/3_18_28.wav
6315	2	./AudioMNIST/data/56/2_56_21.wav
6316	7	./AudioMNIST/data/12/7_12_14.wav
6317	4	./AudioMNIST/data/01/4_01_18.wav
6318	8	./AudioMNIST/data/52/8_52_47.wav
6319	7	./AudioMNIST/data/21/7_21_19.wav
6320	0	./AudioMNIST/data/31/0_31_8.wav
6321	8	./AudioMNIST/data/05/8_05_18.wav
6322	5	./AudioMNIST/data/28/5_28_24.wav
6323	7	./AudioMNIST/data/30/7_30_12.wav
6324	2	./AudioMNIST/data/09/2_09_30.wav
6325	8	./AudioMNIST/data/22/8_22_8.wav
6326	1	./AudioMNIST/data/54/1_54_29.wav
6327	4	./AudioMNIST/data/17/4_17_46.wav
6328	3	./AudioMNIST/data/27/3_27_39.wav
6329	3	./AudioMNIST/data/60/3_60_32.wav
6330	7	./AudioMNIST/data/06/7_06_8.wav
6331	2	./AudioMNIST/data/53/2_53_37.wav
6332	4	./AudioMNIST/data/21/4_21_26.wav
6333	6	./AudioMNIST/data/42/6_42_24.wav
6334	2	./AudioMNIST/data/30/2_30_8.wav
6335	8	./AudioMNIST/data/02/8_02_31.wav
6336	4	./AudioMNIST/data/18/4_18_40.wav
6337	4	./AudioMNIST/data/11/4_11_22.wav
6338	4	./AudioMNIST/data/46/4_46_41.wav
6339	5	./AudioMNIST/data/23/5_23_26.wav
6340	0	./AudioMNIST/data/41/0_41_47.wav
6341	5	./AudioMNIST/data/10/5_10_42.wav
6342	7	./AudioMNIST/data/22/7_22_2.wav
6343	4	./AudioMNIST/data/11/4_11_33.wav
6344	9	./AudioMNIST/data/02/9_02_19.wav
6345	0	./AudioMNIST/data/26/0_26_35.wav
6346	2	./AudioMNIST/data/48/2_48_24.wav
6347	3	./AudioMNIST/data/03/3_03_8.wav
6348	4	./AudioMNIST/data/47/4_47_8.wav
6349	4	./AudioMNIST/data/13/4_13_37.wav
6350	6	./AudioMNIST/data/35/6_35_35.wav
6351	7	./AudioMNIST/data/31/7_31_22.wav
6352	9	./AudioMNIST/data/59/9_59_14.wav
6353	4	./AudioMNIST/data/07/4_07_19.wav
6354	2	./AudioMNIST/data/02/2_02_20.wav
6355	3	./AudioMNIST/data/02/3_02_2.wav
6356	5	./AudioMNIST/data/41/5_41_25.wav
6357	6	./AudioMNIST/data/28/6_28_10.wav
6358	3	./AudioMNIST/data/10/3_10_24.wav
6359	6	./AudioMNIST/data/21/6_21_12.wav
6360	4	./AudioMNIST/data/44/4_44_35.wav
6361	6	./AudioMNIST/data/12/6_12_11.wav
6362	7	./AudioMNIST/data/58/7_58_18.wav
6363	4	./AudioMNIST/data/18/4_18_21.wav
6364	8	./AudioMNIST/data/18/8_18_33.wav
6365	9	./AudioMNIST/data/50/9_50_16.wav
6366	3	./AudioMNIST/data/39/3_39_39.wav
6367	2	./AudioMNIST/data/02/2_02_19.wav
6368	3	./AudioMNIST/data/14/3_14_2.wav
6369	5	./AudioMNIST/data/08/5_08_24.wav
6370	7	./AudioMNIST/data/30/7_30_29.wav
6371	1	./AudioMNIST/data/46/1_46_12.wav
6372	9	./AudioMNIST/data/40/9_40_18.wav
6373	9	./AudioMNIST/data/06/9_06_43.wav
6374	1	./AudioMNIST/data/17/1_17_33.wav
6375	4	./AudioMNIST/data/02/4_02_36.wav
6376	2	./AudioMNIST/data/52/2_52_32.wav
6377	6	./AudioMNIST/data/03/6_03_12.wav
6378	6	./AudioMNIST/data/44/6_44_14.wav
6379	0	./AudioMNIST/data/37/0_37_7.wav
6380	3	./AudioMNIST/data/12/3_12_47.wav
6381	6	./AudioMNIST/data/06/6_06_7.wav
6382	2	./AudioMNIST/data/50/2_50_3.wav
6383	5	./AudioMNIST/data/09/5_09_44.wav
6384	1	./AudioMNIST/data/44/1_44_41.wav
6385	1	./AudioMNIST/data/37/1_37_12.wav
6386	7	./AudioMNIST/data/04/7_04_13.wav
6387	4	./AudioMNIST/data/06/4_06_49.wav
6388	2	./AudioMNIST/data/37/2_37_44.wav
6389	1	./AudioMNIST/data/45/1_45_33.wav
6390	1	./AudioMNIST/data/33/1_33_48.wav
6391	3	./AudioMNIST/data/25/3_25_3.wav
6392	4	./AudioMNIST/data/26/4_26_0.wav
6393	2	./AudioMNIST/data/13/2_13_48.wav
6394	2	./AudioMNIST/data/59/2_59_24.wav
6395	4	./AudioMNIST/data/27/4_27_36.wav
6396	9	./AudioMNIST/data/46/9_46_48.wav
6397	8	./AudioMNIST/data/17/8_17_49.wav
6398	1	./AudioMNIST/data/07/1_07_38.wav
6399	1	./AudioMNIST/data/60/1_60_48.wav
6400	8	./AudioMNIST/data/01/8_01_17.wav
6401	9	./AudioMNIST/data/27/9_27_34.wav
6402	4	./AudioMNIST/data/36/4_36_45.wav
6403	2	./AudioMNIST/data/01/2_01_46.wav
6404	7	./AudioMNIST/data/51/7_51_9.wav
6405	9	./AudioMNIST/data/45/9_45_22.wav
6406	3	./AudioMNIST/data/15/3_15_29.wav
6407	6	./AudioMNIST/data/11/6_11_10.wav
6408	9	./AudioMNIST/data/59/9_59_5.wav
6409	5	./AudioMNIST/data/54/5_54_47.wav
6410	0	./AudioMNIST/data/42/0_42_16.wav
6411	9	./AudioMNIST/data/30/9_30_46.wav
6412	1	./AudioMNIST/data/23/1_23_5.wav
6413	2	./AudioMNIST/data/13/2_13_41.wav
6414	9	./AudioMNIST/data/04/9_04_44.wav
6415	4	./AudioMNIST/data/30/4_30_0.wav
6416	5	./AudioMNIST/data/57/5_57_25.wav
6417	4	./AudioMNIST/data/51/4_51_39.wav
6418	3	./AudioMNIST/data/04/3_04_5.wav
6419	6	./AudioMNIST/data/24/6_24_7.wav
6420	5	./AudioMNIST/data/28/5_28_46.wav
6421	2	./AudioMNIST/data/01/2_01_44.wav
6422	6	./AudioMNIST/data/53/6_53_25.wav
6423	0	./AudioMNIST/data/21/0_21_49.wav
6424	0	./AudioMNIST/data/18/0_18_9.wav
6425	5	./AudioMNIST/data/49/5_49_49.wav
6426	9	./AudioMNIST/data/53/9_53_9.wav
6427	3	./AudioMNIST/data/13/3_13_26.wav
6428	5	./AudioMNIST/data/14/5_14_36.wav
6429	2	./AudioMNIST/data/02/2_02_27.wav
6430	9	./AudioMNIST/data/27/9_27_44.wav
6431	2	./AudioMNIST/data/16/2_16_40.wav
6432	2	./AudioMNIST/data/58/2_58_5.wav
6433	6	./AudioMNIST/data/18/6_18_13.wav
6434	8	./AudioMNIST/data/27/8_27_30.wav
6435	3	./AudioMNIST/data/46/3_46_39.wav
6436	9	./AudioMNIST/data/37/9_37_14.wav
6437	0	./AudioMNIST/data/41/0_41_40.wav
6438	6	./AudioMNIST/data/09/6_09_39.wav
6439	8	./AudioMNIST/data/07/8_07_21.wav
6440	6	./AudioMNIST/data/38/6_38_6.wav
6441	3	./AudioMNIST/data/14/3_14_33.wav
6442	5	./AudioMNIST/data/36/5_36_42.wav
6443	9	./AudioMNIST/data/48/9_48_26.wav
6444	2	./AudioMNIST/data/20/2_20_9.wav
6445	2	./AudioMNIST/data/45/2_45_12.wav
6446	4	./AudioMNIST/data/15/4_15_41.wav
6447	6	./AudioMNIST/data/09/6_09_32.wav
6448	0	./AudioMNIST/data/11/0_11_30.wav
6449	5	./AudioMNIST/data/54/5_54_14.wav
6450	4	./AudioMNIST/data/02/4_02_6.wav
6451	2	./AudioMNIST/data/55/2_55_45.wav
6452	0	./AudioMNIST/data/15/0_15_41.wav
6453	4	./AudioMNIST/data/51/4_51_28.wav
6454	2	./AudioMNIST/data/51/2_51_2.wav
6455	7	./AudioMNIST/data/28/7_28_19.wav
6456	0	./AudioMNIST/data/28/0_28_20.wav
6457	6	./AudioMNIST/data/17/6_17_7.wav
6458	4	./AudioMNIST/data/19/4_19_15.wav
6459	1	./AudioMNIST/data/32/1_32_42.wav
6460	6	./AudioMNIST/data/38/6_38_1.wav
6461	0	./AudioMNIST/data/38/0_38_4.wav
6462	8	./AudioMNIST/data/46/8_46_31.wav
6463	4	./AudioMNIST/data/35/4_35_48.wav
6464	8	./AudioMNIST/data/15/8_15_30.wav
6465	8	./AudioMNIST/data/01/8_01_34.wav
6466	6	./AudioMNIST/data/28/6_28_36.wav
6467	3	./AudioMNIST/data/56/3_56_14.wav
6468	0	./AudioMNIST/data/41/0_41_16.wav
6469	3	./AudioMNIST/data/27/3_27_27.wav
6470	1	./AudioMNIST/data/59/1_59_33.wav
6471	4	./AudioMNIST/data/02/4_02_21.wav
6472	7	./AudioMNIST/data/33/7_33_15.wav
6473	5	./AudioMNIST/data/12/5_12_24.wav
6474	1	./AudioMNIST/data/25/1_25_20.wav
6475	9	./AudioMNIST/data/04/9_04_30.wav
6476	5	./AudioMNIST/data/35/5_35_20.wav
6477	3	./AudioMNIST/data/48/3_48_37.wav
6478	1	./AudioMNIST/data/42/1_42_35.wav
6479	4	./AudioMNIST/data/04/4_04_0.wav
6480	2	./AudioMNIST/data/27/2_27_47.wav
6481	0	./AudioMNIST/data/40/0_40_38.wav
6482	9	./AudioMNIST/data/09/9_09_47.wav
6483	4	./AudioMNIST/data/04/4_04_45.wav
6484	3	./AudioMNIST/data/48/3_48_19.wav
6485	4	./AudioMNIST/data/54/4_54_17.wav
6486	8	./AudioMNIST/data/33/8_33_37.wav
6487	5	./AudioMNIST/data/14/5_14_28.wav
6488	1	./AudioMNIST/data/34/1_34_30.wav
6489	2	./AudioMNIST/data/15/2_15_5.wav
6490	7	./AudioMNIST/data/16/7_16_49.wav
6491	5	./AudioMNIST/data/12/5_12_49.wav
6492	6	./AudioMNIST/data/35/6_35_0.wav
6493	5	./AudioMNIST/data/42/5_42_29.wav
6494	0	./AudioMNIST/data/33/0_33_18.wav
6495	6	./AudioMNIST/data/51/6_51_32.wav
6496	2	./AudioMNIST/data/15/2_15_37.wav
6497	1	./AudioMNIST/data/26/1_26_10.wav
6498	6	./AudioMNIST/data/40/6_40_32.wav
6499	5	./AudioMNIST/data/04/5_04_10.wav
6500	9	./AudioMNIST/data/17/9_17_32.wav
6501	5	./AudioMNIST/data/52/5_52_29.wav
6502	1	./AudioMNIST/data/20/1_20_48.wav
6503	6	./AudioMNIST/data/27/6_27_38.wav
6504	4	./AudioMNIST/data/22/4_22_44.wav
6505	4	./AudioMNIST/data/40/4_40_13.wav
6506	0	./AudioMNIST/data/03/0_03_17.wav
6507	8	./AudioMNIST/data/35/8_35_19.wav
6508	5	./AudioMNIST/data/21/5_21_47.wav
6509	1	./AudioMNIST/data/18/1_18_44.wav
6510	5	./AudioMNIST/data/09/5_09_32.wav
6511	2	./AudioMNIST/data/59/2_59_6.wav
6512	3	./AudioMNIST/data/31/3_31_7.wav
6513	2	./AudioMNIST/data/28/2_28_3.wav
6514	9	./AudioMNIST/data/07/9_07_9.wav
6515	5	./AudioMNIST/data/59/5_59_26.wav
6516	9	./AudioMNIST/data/14/9_14_23.wav
6517	7	./AudioMNIST/data/40/7_40_25.wav
6518	7	./AudioMNIST/data/40/7_40_16.wav
6519	3	./AudioMNIST/data/13/3_13_5.wav
6520	3	./AudioMNIST/data/30/3_30_31.wav
6521	7	./AudioMNIST/data/10/7_10_10.wav
6522	5	./AudioMNIST/data/17/5_17_39.wav
6523	8	./AudioMNIST/data/35/8_35_44.wav
6524	5	./AudioMNIST/data/49/5_49_40.wav
6525	0	./AudioMNIST/data/29/0_29_36.wav
6526	7	./AudioMNIST/data/31/7_31_37.wav
6527	9	./AudioMNIST/data/06/9_06_2.wav
6528	4	./AudioMNIST/data/58/4_58_15.wav
6529	9	./AudioMNIST/data/57/9_57_47.wav
6530	7	./AudioMNIST/data/28/7_28_29.wav
6531	1	./AudioMNIST/data/58/1_58_14.wav
6532	2	./AudioMNIST/data/47/2_47_32.wav
6533	7	./AudioMNIST/data/42/7_42_42.wav
6534	8	./AudioMNIST/data/57/8_57_46.wav
6535	7	./AudioMNIST/data/12/7_12_29.wav
6536	8	./AudioMNIST/data/19/8_19_10.wav
6537	1	./AudioMNIST/data/22/1_22_8.wav
6538	7	./AudioMNIST/data/29/7_29_31.wav
6539	4	./AudioMNIST/data/26/4_26_26.wav
6540	8	./AudioMNIST/data/23/8_23_2.wav
6541	3	./AudioMNIST/data/51/3_51_20.wav
6542	4	./AudioMNIST/data/44/4_44_44.wav
6543	7	./AudioMNIST/data/59/7_59_18.wav
6544	6	./AudioMNIST/data/37/6_37_43.wav
6545	0	./AudioMNIST/data/24/0_24_41.wav
6546	9	./AudioMNIST/data/24/9_24_21.wav
6547	0	./AudioMNIST/data/42/0_42_8.wav
6548	4	./AudioMNIST/data/28/4_28_37.wav
6549	9	./AudioMNIST/data/59/9_59_48.wav
6550	1	./AudioMNIST/data/30/1_30_40.wav
6551	8	./AudioMNIST/data/06/8_06_39.wav
6552	6	./AudioMNIST/data/28/6_28_42.wav
6553	3	./AudioMNIST/data/40/3_40_36.wav
6554	6	./AudioMNIST/data/36/6_36_45.wav
6555	4	./AudioMNIST/data/17/4_17_21.wav
6556	8	./AudioMNIST/data/56/8_56_33.wav
6557	6	./AudioMNIST/data/40/6_40_2.wav
6558	3	./AudioMNIST/data/29/3_29_14.wav
6559	6	./AudioMNIST/data/04/6_04_27.wav
6560	2	./AudioMNIST/data/26/2_26_43.wav
6561	3	./AudioMNIST/data/33/3_33_15.wav
6562	4	./AudioMNIST/data/45/4_45_25.wav
6563	2	./AudioMNIST/data/55/2_55_41.wav
6564	7	./AudioMNIST/data/43/7_43_38.wav
6565	7	./AudioMNIST/data/05/7_05_41.wav
6566	0	./AudioMNIST/data/10/0_10_11.wav
6567	8	./AudioMNIST/data/25/8_25_4.wav
6568	1	./AudioMNIST/data/13/1_13_44.wav
6569	6	./AudioMNIST/data/57/6_57_40.wav
6570	7	./AudioMNIST/data/45/7_45_48.wav
6571	1	./AudioMNIST/data/54/1_54_7.wav
6572	0	./AudioMNIST/data/07/0_07_16.wav
6573	8	./AudioMNIST/data/13/8_13_4.wav
6574	2	./AudioMNIST/data/06/2_06_49.wav
6575	5	./AudioMNIST/data/33/5_33_34.wav
6576	4	./AudioMNIST/data/25/4_25_28.wav
6577	5	./AudioMNIST/data/49/5_49_14.wav
6578	1	./AudioMNIST/data/49/1_49_44.wav
6579	1	./AudioMNIST/data/42/1_42_11.wav
6580	1	./AudioMNIST/data/44/1_44_26.wav
6581	5	./AudioMNIST/data/42/5_42_15.wav
6582	2	./AudioMNIST/data/16/2_16_3.wav
6583	0	./AudioMNIST/data/42/0_42_10.wav
6584	3	./AudioMNIST/data/53/3_53_16.wav
6585	1	./AudioMNIST/data/02/1_02_10.wav
6586	1	./AudioMNIST/data/17/1_17_44.wav
6587	4	./AudioMNIST/data/50/4_50_30.wav
6588	7	./AudioMNIST/data/54/7_54_48.wav
6589	7	./AudioMNIST/data/49/7_49_41.wav
6590	8	./AudioMNIST/data/58/8_58_48.wav
6591	7	./AudioMNIST/data/49/7_49_19.wav
6592	9	./AudioMNIST/data/06/9_06_46.wav
6593	9	./AudioMNIST/data/27/9_27_3.wav
6594	6	./AudioMNIST/data/06/6_06_40.wav
6595	5	./AudioMNIST/data/06/5_06_9.wav
6596	5	./AudioMNIST/data/16/5_16_15.wav
6597	6	./AudioMNIST/data/26/6_26_33.wav
6598	4	./AudioMNIST/data/19/4_19_8.wav
6599	8	./AudioMNIST/data/32/8_32_21.wav
6600	0	./AudioMNIST/data/11/0_11_11.wav
6601	7	./AudioMNIST/data/55/7_55_32.wav
6602	3	./AudioMNIST/data/12/3_12_48.wav
6603	6	./AudioMNIST/data/25/6_25_8.wav
6604	5	./AudioMNIST/data/19/5_19_4.wav
6605	3	./AudioMNIST/data/31/3_31_14.wav
6606	2	./AudioMNIST/data/26/2_26_11.wav
6607	4	./AudioMNIST/data/41/4_41_44.wav
6608	3	./AudioMNIST/data/30/3_30_40.wav
6609	2	./AudioMNIST/data/16/2_16_35.wav
6610	9	./AudioMNIST/data/12/9_12_48.wav
6611	2	./AudioMNIST/data/58/2_58_13.wav
6612	5	./AudioMNIST/data/13/5_13_17.wav
6613	8	./AudioMNIST/data/30/8_30_45.wav
6614	4	./AudioMNIST/data/37/4_37_46.wav
6615	8	./AudioMNIST/data/05/8_05_10.wav
6616	8	./AudioMNIST/data/21/8_21_34.wav
6617	1	./AudioMNIST/data/33/1_33_27.wav
6618	2	./AudioMNIST/data/44/2_44_23.wav
6619	6	./AudioMNIST/data/22/6_22_32.wav
6620	9	./AudioMNIST/data/38/9_38_10.wav
6621	5	./AudioMNIST/data/57/5_57_39.wav
6622	8	./AudioMNIST/data/37/8_37_28.wav
6623	9	./AudioMNIST/data/40/9_40_10.wav
6624	1	./AudioMNIST/data/60/1_60_27.wav
6625	0	./AudioMNIST/data/16/0_16_14.wav
6626	4	./AudioMNIST/data/22/4_22_28.wav
6627	9	./AudioMNIST/data/50/9_50_3.wav
6628	7	./AudioMNIST/data/36/7_36_26.wav
6629	8	./AudioMNIST/data/03/8_03_11.wav
6630	9	./AudioMNIST/data/58/9_58_25.wav
6631	2	./AudioMNIST/data/59/2_59_36.wav
6632	4	./AudioMNIST/data/48/4_48_45.wav
6633	7	./AudioMNIST/data/47/7_47_21.wav
6634	8	./AudioMNIST/data/52/8_52_14.wav
6635	7	./AudioMNIST/data/19/7_19_31.wav
6636	1	./AudioMNIST/data/21/1_21_29.wav
6637	9	./AudioMNIST/data/53/9_53_38.wav
6638	7	./AudioMNIST/data/48/7_48_40.wav
6639	6	./AudioMNIST/data/09/6_09_27.wav
6640	6	./AudioMNIST/data/16/6_16_4.wav
6641	1	./AudioMNIST/data/42/1_42_27.wav
6642	9	./AudioMNIST/data/24/9_24_37.wav
6643	1	./AudioMNIST/data/17/1_17_7.wav
6644	4	./AudioMNIST/data/29/4_29_19.wav
6645	8	./AudioMNIST/data/02/8_02_22.wav
6646	0	./AudioMNIST/data/32/0_32_31.wav
6647	4	./AudioMNIST/data/40/4_40_6.wav
6648	4	./AudioMNIST/data/57/4_57_37.wav
6649	5	./AudioMNIST/data/23/5_23_34.wav
6650	7	./AudioMNIST/data/12/7_12_17.wav
6651	6	./AudioMNIST/data/32/6_32_23.wav
6652	4	./AudioMNIST/data/12/4_12_4.wav
6653	2	./AudioMNIST/data/29/2_29_12.wav
6654	5	./AudioMNIST/data/12/5_12_4.wav
6655	1	./AudioMNIST/data/12/1_12_3.wav
6656	4	./AudioMNIST/data/57/4_57_47.wav
6657	0	./AudioMNIST/data/54/0_54_37.wav
6658	7	./AudioMNIST/data/07/7_07_30.wav
6659	6	./AudioMNIST/data/45/6_45_33.wav
6660	0	./AudioMNIST/data/36/0_36_24.wav
6661	2	./AudioMNIST/data/37/2_37_21.wav
6662	3	./AudioMNIST/data/24/3_24_11.wav
6663	4	./AudioMNIST/data/57/4_57_39.wav
6664	7	./AudioMNIST/data/07/7_07_20.wav
6665	3	./AudioMNIST/data/26/3_26_8.wav
6666	2	./AudioMNIST/data/59/2_59_14.wav
6667	9	./AudioMNIST/data/46/9_46_10.wav
6668	2	./AudioMNIST/data/14/2_14_36.wav
6669	0	./AudioMNIST/data/13/0_13_11.wav
6670	4	./AudioMNIST/data/06/4_06_20.wav
6671	3	./AudioMNIST/data/23/3_23_1.wav
6672	1	./AudioMNIST/data/27/1_27_6.wav
6673	5	./AudioMNIST/data/01/5_01_27.wav
6674	1	./AudioMNIST/data/24/1_24_14.wav
6675	1	./AudioMNIST/data/07/1_07_42.wav
6676	8	./AudioMNIST/data/04/8_04_6.wav
6677	4	./AudioMNIST/data/30/4_30_47.wav
6678	4	./AudioMNIST/data/59/4_59_4.wav
6679	3	./AudioMNIST/data/46/3_46_30.wav
6680	3	./AudioMNIST/data/32/3_32_10.wav
6681	3	./AudioMNIST/data/22/3_22_16.wav
6682	7	./AudioMNIST/data/34/7_34_7.wav
6683	8	./AudioMNIST/data/42/8_42_18.wav
6684	7	./AudioMNIST/data/04/7_04_19.wav
6685	8	./AudioMNIST/data/37/8_37_13.wav
6686	0	./AudioMNIST/data/59/0_59_29.wav
6687	6	./AudioMNIST/data/31/6_31_32.wav
6688	3	./AudioMNIST/data/16/3_16_14.wav
6689	4	./AudioMNIST/data/42/4_42_46.wav
6690	5	./AudioMNIST/data/03/5_03_27.wav
6691	7	./AudioMNIST/data/04/7_04_25.wav
6692	9	./AudioMNIST/data/45/9_45_49.wav
6693	2	./AudioMNIST/data/26/2_26_47.wav
6694	4	./AudioMNIST/data/59/4_59_42.wav
6695	1	./AudioMNIST/data/08/1_08_37.wav
6696	5	./AudioMNIST/data/39/5_39_46.wav
6697	7	./AudioMNIST/data/59/7_59_27.wav
6698	1	./AudioMNIST/data/60/1_60_10.wav
6699	5	./AudioMNIST/data/14/5_14_12.wav
6700	6	./AudioMNIST/data/15/6_15_47.wav
6701	8	./AudioMNIST/data/14/8_14_35.wav
6702	7	./AudioMNIST/data/07/7_07_6.wav
6703	1	./AudioMNIST/data/44/1_44_14.wav
6704	3	./AudioMNIST/data/59/3_59_22.wav
6705	8	./AudioMNIST/data/31/8_31_27.wav
6706	5	./AudioMNIST/data/42/5_42_4.wav
6707	9	./AudioMNIST/data/53/9_53_29.wav
6708	6	./AudioMNIST/data/59/6_59_14.wav
6709	3	./AudioMNIST/data/50/3_50_29.wav
6710	4	./AudioMNIST/data/16/4_16_13.wav
6711	5	./AudioMNIST/data/51/5_51_41.wav
6712	0	./AudioMNIST/data/26/0_26_30.wav
6713	6	./AudioMNIST/data/47/6_47_15.wav
6714	6	./AudioMNIST/data/09/6_09_34.wav
6715	3	./AudioMNIST/data/09/3_09_41.wav
6716	4	./AudioMNIST/data/40/4_40_23.wav
6717	5	./AudioMNIST/data/01/5_01_39.wav
6718	2	./AudioMNIST/data/04/2_04_17.wav
6719	3	./AudioMNIST/data/36/3_36_17.wav
6720	5	./AudioMNIST/data/21/5_21_4.wav
6721	0	./AudioMNIST/data/54/0_54_6.wav
6722	7	./AudioMNIST/data/35/7_35_31.wav
6723	6	./AudioMNIST/data/13/6_13_46.wav
6724	2	./AudioMNIST/data/28/2_28_4.wav
6725	0	./AudioMNIST/data/07/0_07_34.wav
6726	0	./AudioMNIST/data/27/0_27_21.wav
6727	4	./AudioMNIST/data/30/4_30_26.wav
6728	9	./AudioMNIST/data/06/9_06_41.wav
6729	4	./AudioMNIST/data/58/4_58_11.wav
6730	8	./AudioMNIST/data/16/8_16_22.wav
6731	2	./AudioMNIST/data/29/2_29_42.wav
6732	0	./AudioMNIST/data/27/0_27_48.wav
6733	3	./AudioMNIST/data/41/3_41_4.wav
6734	0	./AudioMNIST/data/50/0_50_38.wav
6735	4	./AudioMNIST/data/14/4_14_18.wav
6736	4	./AudioMNIST/data/38/4_38_38.wav
6737	4	./AudioMNIST/data/09/4_09_1.wav
6738	1	./AudioMNIST/data/17/1_17_39.wav
6739	0	./AudioMNIST/data/02/0_02_4.wav
6740	7	./AudioMNIST/data/14/7_14_17.wav
6741	2	./AudioMNIST/data/57/2_57_26.wav
6742	0	./AudioMNIST/data/27/0_27_3.wav
6743	5	./AudioMNIST/data/42/5_42_23.wav
6744	1	./AudioMNIST/data/17/1_17_47.wav
6745	5	./AudioMNIST/data/13/5_13_12.wav
6746	2	./AudioMNIST/data/19/2_19_39.wav
6747	9	./AudioMNIST/data/42/9_42_39.wav
6748	8	./AudioMNIST/data/26/8_26_25.wav
6749	6	./AudioMNIST/data/53/6_53_5.wav
6750	0	./AudioMNIST/data/59/0_59_9.wav
6751	5	./AudioMNIST/data/28/5_28_16.wav
6752	6	./AudioMNIST/data/36/6_36_2.wav
6753	0	./AudioMNIST/data/10/0_10_6.wav
6754	5	./AudioMNIST/data/24/5_24_8.wav
6755	1	./AudioMNIST/data/17/1_17_14.wav
6756	0	./AudioMNIST/data/37/0_37_36.wav
6757	8	./AudioMNIST/data/29/8_29_3.wav
6758	4	./AudioMNIST/data/14/4_14_21.wav
6759	1	./AudioMNIST/data/26/1_26_17.wav
6760	7	./AudioMNIST/data/24/7_24_0.wav
6761	5	./AudioMNIST/data/47/5_47_3.wav
6762	1	./AudioMNIST/data/56/1_56_11.wav
6763	3	./AudioMNIST/data/12/3_12_31.wav
6764	4	./AudioMNIST/data/48/4_48_10.wav
6765	5	./AudioMNIST/data/25/5_25_9.wav
6766	8	./AudioMNIST/data/26/8_26_38.wav
6767	6	./AudioMNIST/data/19/6_19_26.wav
6768	4	./AudioMNIST/data/56/4_56_2.wav
6769	1	./AudioMNIST/data/45/1_45_22.wav
6770	8	./AudioMNIST/data/39/8_39_46.wav
6771	5	./AudioMNIST/data/41/5_41_11.wav
6772	1	./AudioMNIST/data/33/1_33_9.wav
6773	5	./AudioMNIST/data/59/5_59_23.wav
6774	6	./AudioMNIST/data/04/6_04_20.wav
6775	2	./AudioMNIST/data/26/2_26_7.wav
6776	9	./AudioMNIST/data/42/9_42_40.wav
6777	2	./AudioMNIST/data/40/2_40_7.wav
6778	1	./AudioMNIST/data/02/1_02_19.wav
6779	3	./AudioMNIST/data/43/3_43_40.wav
6780	0	./AudioMNIST/data/10/0_10_35.wav
6781	5	./AudioMNIST/data/30/5_30_37.wav
6782	0	./AudioMNIST/data/16/0_16_35.wav
6783	9	./AudioMNIST/data/19/9_19_12.wav
6784	1	./AudioMNIST/data/29/1_29_5.wav
6785	1	./AudioMNIST/data/25/1_25_31.wav
6786	2	./AudioMNIST/data/44/2_44_21.wav
6787	5	./AudioMNIST/data/05/5_05_11.wav
6788	1	./AudioMNIST/data/01/1_01_41.wav
6789	5	./AudioMNIST/data/45/5_45_30.wav
6790	6	./AudioMNIST/data/23/6_23_46.wav
6791	2	./AudioMNIST/data/08/2_08_11.wav
6792	8	./AudioMNIST/data/25/8_25_49.wav
6793	4	./AudioMNIST/data/06/4_06_26.wav
6794	1	./AudioMNIST/data/55/1_55_31.wav
6795	2	./AudioMNIST/data/35/2_35_11.wav
6796	6	./AudioMNIST/data/14/6_14_29.wav
6797	9	./AudioMNIST/data/27/9_27_30.wav
6798	5	./AudioMNIST/data/54/5_54_45.wav
6799	8	./AudioMNIST/data/30/8_30_40.wav
6800	8	./AudioMNIST/data/60/8_60_8.wav
6801	0	./AudioMNIST/data/51/0_51_46.wav
6802	7	./AudioMNIST/data/45/7_45_9.wav
6803	6	./AudioMNIST/data/20/6_20_18.wav
6804	7	./AudioMNIST/data/06/7_06_5.wav
6805	0	./AudioMNIST/data/36/0_36_27.wav
6806	9	./AudioMNIST/data/51/9_51_36.wav
6807	3	./AudioMNIST/data/36/3_36_8.wav
6808	0	./AudioMNIST/data/36/0_36_39.wav
6809	4	./AudioMNIST/data/24/4_24_47.wav
6810	9	./AudioMNIST/data/09/9_09_14.wav
6811	0	./AudioMNIST/data/25/0_25_18.wav
6812	5	./AudioMNIST/data/17/5_17_37.wav
6813	2	./AudioMNIST/data/27/2_27_45.wav
6814	8	./AudioMNIST/data/48/8_48_13.wav
6815	0	./AudioMNIST/data/32/0_32_2.wav
6816	3	./AudioMNIST/data/59/3_59_28.wav
6817	2	./AudioMNIST/data/26/2_26_3.wav
6818	6	./AudioMNIST/data/07/6_07_0.wav
6819	6	./AudioMNIST/data/53/6_53_33.wav
6820	7	./AudioMNIST/data/54/7_54_11.wav
6821	2	./AudioMNIST/data/32/2_32_7.wav
6822	3	./AudioMNIST/data/46/3_46_32.wav
6823	0	./AudioMNIST/data/18/0_18_30.wav
6824	3	./AudioMNIST/data/37/3_37_49.wav
6825	9	./AudioMNIST/data/01/9_01_16.wav
6826	0	./AudioMNIST/data/27/0_27_2.wav
6827	6	./AudioMNIST/data/22/6_22_36.wav
6828	0	./AudioMNIST/data/43/0_43_31.wav
6829	8	./AudioMNIST/data/51/8_51_8.wav
6830	5	./AudioMNIST/data/56/5_56_12.wav
6831	1	./AudioMNIST/data/03/1_03_27.wav
6832	1	./AudioMNIST/data/16/1_16_7.wav
6833	0	./AudioMNIST/data/29/0_29_43.wav
6834	2	./AudioMNIST/data/46/2_46_20.wav
6835	2	./AudioMNIST/data/20/2_20_41.wav
6836	7	./AudioMNIST/data/31/7_31_17.wav
6837	1	./AudioMNIST/data/42/1_42_41.wav
6838	7	./AudioMNIST/data/48/7_48_30.wav
6839	3	./AudioMNIST/data/57/3_57_42.wav
6840	7	./AudioMNIST/data/44/7_44_43.wav
6841	5	./AudioMNIST/data/40/5_40_36.wav
6842	9	./AudioMNIST/data/07/9_07_37.wav
6843	5	./AudioMNIST/data/29/5_29_28.wav
6844	4	./AudioMNIST/data/14/4_14_17.wav
6845	8	./AudioMNIST/data/50/8_50_34.wav
6846	4	./AudioMNIST/data/02/4_02_25.wav
6847	3	./AudioMNIST/data/54/3_54_7.wav
6848	5	./AudioMNIST/data/04/5_04_20.wav
6849	5	./AudioMNIST/data/49/5_49_15.wav
6850	1	./AudioMNIST/data/22/1_22_44.wav
6851	5	./AudioMNIST/data/03/5_03_14.wav
6852	1	./AudioMNIST/data/39/1_39_35.wav
6853	2	./AudioMNIST/data/05/2_05_11.wav
6854	3	./AudioMNIST/data/39/3_39_15.wav
6855	5	./AudioMNIST/data/53/5_53_2.wav
6856	5	./AudioMNIST/data/22/5_22_49.wav
6857	3	./AudioMNIST/data/28/3_28_14.wav
6858	6	./AudioMNIST/data/47/6_47_12.wav
6859	1	./AudioMNIST/data/06/1_06_17.wav
6860	5	./AudioMNIST/data/28/5_28_6.wav
6861	7	./AudioMNIST/data/01/7_01_32.wav
6862	8	./AudioMNIST/data/20/8_20_14.wav
6863	0	./AudioMNIST/data/18/0_18_29.wav
6864	3	./AudioMNIST/data/44/3_44_29.wav
6865	2	./AudioMNIST/data/01/2_01_22.wav
6866	0	./AudioMNIST/data/41/0_41_35.wav
6867	5	./AudioMNIST/data/50/5_50_3.wav
6868	8	./AudioMNIST/data/32/8_32_49.wav
6869	1	./AudioMNIST/data/39/1_39_29.wav
6870	1	./AudioMNIST/data/36/1_36_48.wav
6871	1	./AudioMNIST/data/25/1_25_32.wav
6872	0	./AudioMNIST/data/26/0_26_17.wav
6873	7	./AudioMNIST/data/51/7_51_42.wav
6874	3	./AudioMNIST/data/31/3_31_4.wav
6875	4	./AudioMNIST/data/32/4_32_44.wav
6876	5	./AudioMNIST/data/12/5_12_47.wav
6877	3	./AudioMNIST/data/14/3_14_22.wav
6878	3	./AudioMNIST/data/07/3_07_12.wav
6879	9	./AudioMNIST/data/05/9_05_49.wav
6880	8	./AudioMNIST/data/35/8_35_4.wav
6881	9	./AudioMNIST/data/17/9_17_42.wav
6882	2	./AudioMNIST/data/10/2_10_44.wav
6883	3	./AudioMNIST/data/39/3_39_27.wav
6884	7	./AudioMNIST/data/46/7_46_21.wav
6885	1	./AudioMNIST/data/54/1_54_28.wav
6886	3	./AudioMNIST/data/26/3_26_29.wav
6887	8	./AudioMNIST/data/24/8_24_28.wav
6888	0	./AudioMNIST/data/48/0_48_30.wav
6889	3	./AudioMNIST/data/18/3_18_27.wav
6890	5	./AudioMNIST/data/20/5_20_21.wav
6891	6	./AudioMNIST/data/24/6_24_38.wav
6892	6	./AudioMNIST/data/07/6_07_47.wav
6893	6	./AudioMNIST/data/57/6_57_17.wav
6894	4	./AudioMNIST/data/58/4_58_20.wav
6895	5	./AudioMNIST/data/40/5_40_47.wav
6896	1	./AudioMNIST/data/53/1_53_9.wav
6897	8	./AudioMNIST/data/58/8_58_1.wav
6898	3	./AudioMNIST/data/16/3_16_38.wav
6899	4	./AudioMNIST/data/24/4_24_15.wav
6900	1	./AudioMNIST/data/26/1_26_35.wav
6901	9	./AudioMNIST/data/21/9_21_9.wav
6902	2	./AudioMNIST/data/28/2_28_42.wav
6903	9	./AudioMNIST/data/23/9_23_0.wav
6904	0	./AudioMNIST/data/52/0_52_47.wav
6905	7	./AudioMNIST/data/15/7_15_19.wav
6906	7	./AudioMNIST/data/34/7_34_5.wav
6907	8	./AudioMNIST/data/58/8_58_0.wav
6908	7	./AudioMNIST/data/28/7_28_4.wav
6909	4	./AudioMNIST/data/23/4_23_30.wav
6910	2	./AudioMNIST/data/35/2_35_38.wav
6911	5	./AudioMNIST/data/41/5_41_31.wav
6912	6	./AudioMNIST/data/33/6_33_37.wav
6913	6	./AudioMNIST/data/53/6_53_26.wav
6914	0	./AudioMNIST/data/48/0_48_24.wav
6915	7	./AudioMNIST/data/57/7_57_19.wav
6916	5	./AudioMNIST/data/47/5_47_8.wav
6917	9	./AudioMNIST/data/01/9_01_20.wav
6918	3	./AudioMNIST/data/25/3_25_44.wav
6919	7	./AudioMNIST/data/58/7_58_43.wav
6920	4	./AudioMNIST/data/40/4_40_3.wav
6921	8	./AudioMNIST/data/09/8_09_49.wav
6922	7	./AudioMNIST/data/57/7_57_14.wav
6923	5	./AudioMNIST/data/36/5_36_24.wav
6924	8	./AudioMNIST/data/43/8_43_33.wav
6925	9	./AudioMNIST/data/52/9_52_49.wav
6926	5	./AudioMNIST/data/05/5_05_14.wav
6927	8	./AudioMNIST/data/16/8_16_42.wav
6928	4	./AudioMNIST/data/13/4_13_10.wav
6929	6	./AudioMNIST/data/36/6_36_11.wav
6930	0	./AudioMNIST/data/08/0_08_29.wav
6931	4	./AudioMNIST/data/57/4_57_38.wav
6932	8	./AudioMNIST/data/37/8_37_22.wav
6933	3	./AudioMNIST/data/44/3_44_28.wav
6934	9	./AudioMNIST/data/18/9_18_19.wav
6935	3	./AudioMNIST/data/15/3_15_40.wav
6936	1	./AudioMNIST/data/13/1_13_35.wav
6937	1	./AudioMNIST/data/53/1_53_20.wav
6938	1	./AudioMNIST/data/48/1_48_44.wav
6939	8	./AudioMNIST/data/32/8_32_37.wav
6940	3	./AudioMNIST/data/34/3_34_3.wav
6941	7	./AudioMNIST/data/32/7_32_36.wav
6942	2	./AudioMNIST/data/56/2_56_35.wav
6943	9	./AudioMNIST/data/59/9_59_20.wav
6944	3	./AudioMNIST/data/59/3_59_4.wav
6945	2	./AudioMNIST/data/59/2_59_38.wav
6946	7	./AudioMNIST/data/49/7_49_42.wav
6947	1	./AudioMNIST/data/50/1_50_11.wav
6948	8	./AudioMNIST/data/52/8_52_13.wav
6949	3	./AudioMNIST/data/25/3_25_34.wav
6950	6	./AudioMNIST/data/38/6_38_46.wav
6951	1	./AudioMNIST/data/04/1_04_31.wav
6952	3	./AudioMNIST/data/07/3_07_35.wav
6953	7	./AudioMNIST/data/02/7_02_39.wav
6954	4	./AudioMNIST/data/11/4_11_7.wav
6955	3	./AudioMNIST/data/20/3_20_14.wav
6956	9	./AudioMNIST/data/15/9_15_36.wav
6957	7	./AudioMNIST/data/46/7_46_37.wav
6958	4	./AudioMNIST/data/51/4_51_7.wav
6959	6	./AudioMNIST/data/31/6_31_33.wav
6960	2	./AudioMNIST/data/58/2_58_23.wav
6961	2	./AudioMNIST/data/41/2_41_20.wav
6962	3	./AudioMNIST/data/20/3_20_49.wav
6963	5	./AudioMNIST/data/35/5_35_10.wav
6964	2	./AudioMNIST/data/12/2_12_20.wav
6965	1	./AudioMNIST/data/23/1_23_24.wav
6966	8	./AudioMNIST/data/06/8_06_23.wav
6967	1	./AudioMNIST/data/08/1_08_14.wav
6968	3	./AudioMNIST/data/31/3_31_8.wav
6969	7	./AudioMNIST/data/40/7_40_11.wav
6970	0	./AudioMNIST/data/21/0_21_4.wav
6971	5	./AudioMNIST/data/32/5_32_15.wav
6972	7	./AudioMNIST/data/21/7_21_15.wav
6973	4	./AudioMNIST/data/14/4_14_19.wav
6974	2	./AudioMNIST/data/40/2_40_21.wav
6975	9	./AudioMNIST/data/43/9_43_43.wav
6976	7	./AudioMNIST/data/38/7_38_38.wav
6977	6	./AudioMNIST/data/53/6_53_1.wav
6978	9	./AudioMNIST/data/52/9_52_45.wav
6979	4	./AudioMNIST/data/14/4_14_13.wav
6980	5	./AudioMNIST/data/40/5_40_25.wav
6981	2	./AudioMNIST/data/26/2_26_22.wav
6982	9	./AudioMNIST/data/28/9_28_24.wav
6983	7	./AudioMNIST/data/44/7_44_0.wav
6984	6	./AudioMNIST/data/36/6_36_44.wav
6985	8	./AudioMNIST/data/49/8_49_12.wav
6986	1	./AudioMNIST/data/40/1_40_48.wav
6987	4	./AudioMNIST/data/20/4_20_1.wav
6988	1	./AudioMNIST/data/21/1_21_34.wav
6989	8	./AudioMNIST/data/13/8_13_6.wav
6990	3	./AudioMNIST/data/18/3_18_18.wav
6991	8	./AudioMNIST/data/23/8_23_27.wav
6992	3	./AudioMNIST/data/37/3_37_9.wav
6993	5	./AudioMNIST/data/07/5_07_20.wav
6994	0	./AudioMNIST/data/34/0_34_34.wav
6995	7	./AudioMNIST/data/35/7_35_36.wav
6996	7	./AudioMNIST/data/03/7_03_37.wav
6997	6	./AudioMNIST/data/48/6_48_17.wav
6998	2	./AudioMNIST/data/49/2_49_38.wav
6999	3	./AudioMNIST/data/46/3_46_41.wav
7000	5	./AudioMNIST/data/34/5_34_39.wav
7001	4	./AudioMNIST/data/46/4_46_38.wav
7002	4	./AudioMNIST/data/54/4_54_22.wav
7003	1	./AudioMNIST/data/58/1_58_17.wav
7004	3	./AudioMNIST/data/06/3_06_38.wav
7005	8	./AudioMNIST/data/23/8_23_23.wav
7006	7	./AudioMNIST/data/54/7_54_37.wav
7007	7	./AudioMNIST/data/39/7_39_1.wav
7008	2	./AudioMNIST/data/56/2_56_47.wav
7009	4	./AudioMNIST/data/20/4_20_40.wav
7010	6	./AudioMNIST/data/27/6_27_49.wav
7011	9	./AudioMNIST/data/14/9_14_6.wav
7012	9	./AudioMNIST/data/33/9_33_0.wav
7013	1	./AudioMNIST/data/39/1_39_44.wav
7014	6	./AudioMNIST/data/42/6_42_18.wav
7015	3	./AudioMNIST/data/28/3_28_24.wav
7016	9	./AudioMNIST/data/12/9_12_8.wav
7017	6	./AudioMNIST/data/15/6_15_19.wav
7018	8	./AudioMNIST/data/53/8_53_40.wav
7019	2	./AudioMNIST/data/05/2_05_18.wav
7020	9	./AudioMNIST/data/45/9_45_31.wav
7021	0	./AudioMNIST/data/30/0_30_2.wav
7022	7	./AudioMNIST/data/59/7_59_38.wav
7023	4	./AudioMNIST/data/11/4_11_37.wav
7024	7	./AudioMNIST/data/08/7_08_36.wav
7025	7	./AudioMNIST/data/51/7_51_31.wav
7026	1	./AudioMNIST/data/21/1_21_13.wav
7027	4	./AudioMNIST/data/01/4_01_44.wav
7028	8	./AudioMNIST/data/52/8_52_3.wav
7029	6	./AudioMNIST/data/05/6_05_9.wav
7030	9	./AudioMNIST/data/49/9_49_45.wav
7031	5	./AudioMNIST/data/17/5_17_40.wav
7032	8	./AudioMNIST/data/13/8_13_29.wav
7033	9	./AudioMNIST/data/55/9_55_36.wav
7034	6	./AudioMNIST/data/48/6_48_13.wav
7035	0	./AudioMNIST/data/05/0_05_23.wav
7036	7	./AudioMNIST/data/24/7_24_35.wav
7037	8	./AudioMNIST/data/05/8_05_41.wav
7038	0	./AudioMNIST/data/38/0_38_5.wav
7039	5	./AudioMNIST/data/48/5_48_20.wav
7040	0	./AudioMNIST/data/49/0_49_15.wav
7041	2	./AudioMNIST/data/09/2_09_22.wav
7042	6	./AudioMNIST/data/35/6_35_31.wav
7043	1	./AudioMNIST/data/19/1_19_17.wav
7044	8	./AudioMNIST/data/33/8_33_5.wav
7045	9	./AudioMNIST/data/12/9_12_9.wav
7046	2	./AudioMNIST/data/16/2_16_30.wav
7047	8	./AudioMNIST/data/59/8_59_47.wav
7048	9	./AudioMNIST/data/26/9_26_11.wav
7049	4	./AudioMNIST/data/59/4_59_36.wav
7050	5	./AudioMNIST/data/31/5_31_34.wav
7051	7	./AudioMNIST/data/03/7_03_3.wav
7052	8	./AudioMNIST/data/59/8_59_40.wav
7053	9	./AudioMNIST/data/03/9_03_8.wav
7054	9	./AudioMNIST/data/28/9_28_20.wav
7055	8	./AudioMNIST/data/13/8_13_40.wav
7056	9	./AudioMNIST/data/20/9_20_21.wav
7057	2	./AudioMNIST/data/16/2_16_17.wav
7058	9	./AudioMNIST/data/48/9_48_30.wav
7059	9	./AudioMNIST/data/35/9_35_11.wav
7060	8	./AudioMNIST/data/12/8_12_12.wav
7061	7	./AudioMNIST/data/24/7_24_37.wav
7062	6	./AudioMNIST/data/33/6_33_18.wav
7063	4	./AudioMNIST/data/30/4_30_18.wav
7064	2	./AudioMNIST/data/21/2_21_16.wav
7065	8	./AudioMNIST/data/19/8_19_44.wav
7066	4	./AudioMNIST/data/16/4_16_49.wav
7067	8	./AudioMNIST/data/39/8_39_32.wav
7068	0	./AudioMNIST/data/34/0_34_49.wav
7069	7	./AudioMNIST/data/25/7_25_25.wav
7070	6	./AudioMNIST/data/42/6_42_33.wav
7071	2	./AudioMNIST/data/12/2_12_11.wav
7072	2	./AudioMNIST/data/28/2_28_44.wav
7073	8	./AudioMNIST/data/39/8_39_4.wav
7074	6	./AudioMNIST/data/02/6_02_6.wav
7075	7	./AudioMNIST/data/35/7_35_0.wav
7076	5	./AudioMNIST/data/48/5_48_5.wav
7077	1	./AudioMNIST/data/27/1_27_32.wav
7078	1	./AudioMNIST/data/53/1_53_26.wav
7079	1	./AudioMNIST/data/24/1_24_38.wav
7080	4	./AudioMNIST/data/30/4_30_22.wav
7081	2	./AudioMNIST/data/32/2_32_26.wav
7082	7	./AudioMNIST/data/40/7_40_10.wav
7083	2	./AudioMNIST/data/56/2_56_7.wav
7084	8	./AudioMNIST/data/10/8_10_13.wav
7085	0	./AudioMNIST/data/52/0_52_3.wav
7086	5	./AudioMNIST/data/35/5_35_13.wav
7087	5	./AudioMNIST/data/44/5_44_21.wav
7088	9	./AudioMNIST/data/05/9_05_30.wav
7089	4	./AudioMNIST/data/48/4_48_0.wav
7090	0	./AudioMNIST/data/37/0_37_4.wav
7091	3	./AudioMNIST/data/53/3_53_46.wav
7092	3	./AudioMNIST/data/22/3_22_26.wav
7093	9	./AudioMNIST/data/29/9_29_16.wav
7094	8	./AudioMNIST/data/37/8_37_1.wav
7095	6	./AudioMNIST/data/33/6_33_33.wav
7096	1	./AudioMNIST/data/19/1_19_21.wav
7097	8	./AudioMNIST/data/55/8_55_25.wav
7098	7	./AudioMNIST/data/42/7_42_45.wav
7099	6	./AudioMNIST/data/14/6_14_46.wav
7100	8	./AudioMNIST/data/20/8_20_28.wav
7101	9	./AudioMNIST/data/55/9_55_43.wav
7102	4	./AudioMNIST/data/48/4_48_7.wav
7103	9	./AudioMNIST/data/30/9_30_35.wav
7104	5	./AudioMNIST/data/31/5_31_49.wav
7105	1	./AudioMNIST/data/23/1_23_41.wav
7106	0	./AudioMNIST/data/23/0_23_6.wav
7107	0	./AudioMNIST/data/26/0_26_26.wav
7108	0	./AudioMNIST/data/17/0_17_45.wav
7109	6	./AudioMNIST/data/31/6_31_45.wav
7110	1	./AudioMNIST/data/51/1_51_24.wav
7111	2	./AudioMNIST/data/12/2_12_7.wav
7112	0	./AudioMNIST/data/54/0_54_44.wav
7113	0	./AudioMNIST/data/11/0_11_31.wav
7114	3	./AudioMNIST/data/49/3_49_29.wav
7115	2	./AudioMNIST/data/22/2_22_26.wav
7116	4	./AudioMNIST/data/39/4_39_20.wav
7117	6	./AudioMNIST/data/23/6_23_26.wav
7118	4	./AudioMNIST/data/52/4_52_3.wav
7119	4	./AudioMNIST/data/32/4_32_21.wav
7120	0	./AudioMNIST/data/56/0_56_35.wav
7121	8	./AudioMNIST/data/57/8_57_30.wav
7122	1	./AudioMNIST/data/19/1_19_15.wav
7123	6	./AudioMNIST/data/24/6_24_30.wav
7124	2	./AudioMNIST/data/11/2_11_21.wav
7125	2	./AudioMNIST/data/27/2_27_13.wav
7126	1	./AudioMNIST/data/33/1_33_5.wav
7127	7	./AudioMNIST/data/11/7_11_45.wav
7128	8	./AudioMNIST/data/05/8_05_9.wav
7129	3	./AudioMNIST/data/52/3_52_47.wav
7130	7	./AudioMNIST/data/23/7_23_39.wav
7131	3	./AudioMNIST/data/03/3_03_14.wav
7132	4	./AudioMNIST/data/60/4_60_36.wav
7133	4	./AudioMNIST/data/47/4_47_46.wav
7134	4	./AudioMNIST/data/06/4_06_23.wav
7135	1	./AudioMNIST/data/04/1_04_35.wav
7136	0	./AudioMNIST/data/15/0_15_13.wav
7137	3	./AudioMNIST/data/55/3_55_7.wav
7138	3	./AudioMNIST/data/48/3_48_40.wav
7139	9	./AudioMNIST/data/13/9_13_12.wav
7140	3	./AudioMNIST/data/27/3_27_0.wav
7141	6	./AudioMNIST/data/40/6_40_26.wav
7142	7	./AudioMNIST/data/27/7_27_17.wav
7143	1	./AudioMNIST/data/28/1_28_16.wav
7144	8	./AudioMNIST/data/47/8_47_47.wav
7145	3	./AudioMNIST/data/14/3_14_46.wav
7146	7	./AudioMNIST/data/43/7_43_1.wav
7147	1	./AudioMNIST/data/19/1_19_44.wav
7148	0	./AudioMNIST/data/14/0_14_19.wav
7149	3	./AudioMNIST/data/05/3_05_10.wav
7150	9	./AudioMNIST/data/02/9_02_39.wav
7151	1	./AudioMNIST/data/09/1_09_13.wav
7152	0	./AudioMNIST/data/41/0_41_34.wav
7153	9	./AudioMNIST/data/06/9_06_18.wav
7154	4	./AudioMNIST/data/21/4_21_13.wav
7155	0	./AudioMNIST/data/02/0_02_12.wav
7156	0	./AudioMNIST/data/55/0_55_38.wav
7157	4	./AudioMNIST/data/05/4_05_47.wav
7158	5	./AudioMNIST/data/50/5_50_18.wav
7159	1	./AudioMNIST/data/48/1_48_39.wav
7160	0	./AudioMNIST/data/40/0_40_16.wav
7161	0	./AudioMNIST/data/25/0_25_23.wav
7162	9	./AudioMNIST/data/42/9_42_0.wav
7163	1	./AudioMNIST/data/39/1_39_34.wav
7164	7	./AudioMNIST/data/04/7_04_15.wav
7165	0	./AudioMNIST/data/04/0_04_17.wav
7166	8	./AudioMNIST/data/18/8_18_23.wav
7167	6	./AudioMNIST/data/28/6_28_29.wav
7168	1	./AudioMNIST/data/21/1_21_12.wav
7169	5	./AudioMNIST/data/07/5_07_5.wav
7170	5	./AudioMNIST/data/04/5_04_40.wav
7171	7	./AudioMNIST/data/36/7_36_39.wav
7172	6	./AudioMNIST/data/39/6_39_0.wav
7173	7	./AudioMNIST/data/17/7_17_4.wav
7174	0	./AudioMNIST/data/56/0_56_37.wav
7175	1	./AudioMNIST/data/57/1_57_41.wav
7176	3	./AudioMNIST/data/42/3_42_3.wav
7177	4	./AudioMNIST/data/33/4_33_29.wav
7178	5	./AudioMNIST/data/31/5_31_3.wav
7179	0	./AudioMNIST/data/24/0_24_22.wav
7180	3	./AudioMNIST/data/60/3_60_21.wav
7181	7	./AudioMNIST/data/43/7_43_29.wav
7182	8	./AudioMNIST/data/42/8_42_20.wav
7183	1	./AudioMNIST/data/47/1_47_3.wav
7184	0	./AudioMNIST/data/01/0_01_31.wav
7185	4	./AudioMNIST/data/23/4_23_18.wav
7186	6	./AudioMNIST/data/32/6_32_27.wav
7187	1	./AudioMNIST/data/17/1_17_13.wav
7188	4	./AudioMNIST/data/14/4_14_0.wav
7189	9	./AudioMNIST/data/27/9_27_21.wav
7190	1	./AudioMNIST/data/49/1_49_3.wav
7191	3	./AudioMNIST/data/48/3_48_27.wav
7192	0	./AudioMNIST/data/20/0_20_19.wav
7193	8	./AudioMNIST/data/09/8_09_2.wav
7194	3	./AudioMNIST/data/31/3_31_49.wav
7195	4	./AudioMNIST/data/59/4_59_49.wav
7196	2	./AudioMNIST/data/05/2_05_17.wav
7197	2	./AudioMNIST/data/02/2_02_44.wav
7198	4	./AudioMNIST/data/19/4_19_45.wav
7199	9	./AudioMNIST/data/37/9_37_21.wav
7200	8	./AudioMNIST/data/16/8_16_38.wav
7201	3	./AudioMNIST/data/53/3_53_31.wav
7202	4	./AudioMNIST/data/27/4_27_43.wav
7203	6	./AudioMNIST/data/29/6_29_33.wav
7204	1	./AudioMNIST/data/40/1_40_39.wav
7205	9	./AudioMNIST/data/34/9_34_27.wav
7206	7	./AudioMNIST/data/46/7_46_13.wav
7207	6	./AudioMNIST/data/46/6_46_23.wav
7208	7	./AudioMNIST/data/02/7_02_15.wav
7209	4	./AudioMNIST/data/47/4_47_20.wav
7210	8	./AudioMNIST/data/12/8_12_10.wav
7211	3	./AudioMNIST/data/07/3_07_17.wav
7212	1	./AudioMNIST/data/25/1_25_49.wav
7213	3	./AudioMNIST/data/30/3_30_2.wav
7214	2	./AudioMNIST/data/36/2_36_10.wav
7215	8	./AudioMNIST/data/23/8_23_18.wav
7216	4	./AudioMNIST/data/30/4_30_48.wav
7217	0	./AudioMNIST/data/23/0_23_32.wav
7218	0	./AudioMNIST/data/41/0_41_3.wav
7219	1	./AudioMNIST/data/34/1_34_21.wav
7220	5	./AudioMNIST/data/17/5_17_9.wav
7221	2	./AudioMNIST/data/51/2_51_7.wav
7222	5	./AudioMNIST/data/45/5_45_28.wav
7223	6	./AudioMNIST/data/11/6_11_22.wav
7224	3	./AudioMNIST/data/37/3_37_47.wav
7225	7	./AudioMNIST/data/21/7_21_48.wav
7226	7	./AudioMNIST/data/30/7_30_20.wav
7227	3	./AudioMNIST/data/43/3_43_48.wav
7228	1	./AudioMNIST/data/58/1_58_21.wav
7229	5	./AudioMNIST/data/45/5_45_0.wav
7230	7	./AudioMNIST/data/15/7_15_27.wav
7231	8	./AudioMNIST/data/18/8_18_46.wav
7232	3	./AudioMNIST/data/59/3_59_40.wav
7233	4	./AudioMNIST/data/16/4_16_16.wav
7234	2	./AudioMNIST/data/48/2_48_32.wav
7235	5	./AudioMNIST/data/03/5_03_47.wav
7236	1	./AudioMNIST/data/23/1_23_7.wav
7237	1	./AudioMNIST/data/27/1_27_22.wav
7238	1	./AudioMNIST/data/28/1_28_27.wav
7239	4	./AudioMNIST/data/18/4_18_25.wav
7240	6	./AudioMNIST/data/06/6_06_44.wav
7241	6	./AudioMNIST/data/07/6_07_13.wav
7242	3	./AudioMNIST/data/06/3_06_6.wav
7243	3	./AudioMNIST/data/39/3_39_21.wav
7244	2	./AudioMNIST/data/23/2_23_30.wav
7245	9	./AudioMNIST/data/31/9_31_30.wav
7246	3	./AudioMNIST/data/21/3_21_8.wav
7247	6	./AudioMNIST/data/25/6_25_27.wav
7248	6	./AudioMNIST/data/03/6_03_49.wav
7249	0	./AudioMNIST/data/27/0_27_33.wav
7250	1	./AudioMNIST/data/49/1_49_45.wav
7251	9	./AudioMNIST/data/10/9_10_44.wav
7252	3	./AudioMNIST/data/37/3_37_43.wav
7253	1	./AudioMNIST/data/37/1_37_14.wav
7254	3	./AudioMNIST/data/05/3_05_34.wav
7255	1	./AudioMNIST/data/52/1_52_49.wav
7256	1	./AudioMNIST/data/37/1_37_41.wav
7257	2	./AudioMNIST/data/13/2_13_25.wav
7258	4	./AudioMNIST/data/31/4_31_24.wav
7259	3	./AudioMNIST/data/42/3_42_2.wav
7260	7	./AudioMNIST/data/23/7_23_3.wav
7261	5	./AudioMNIST/data/01/5_01_37.wav
7262	1	./AudioMNIST/data/13/1_13_21.wav
7263	7	./AudioMNIST/data/55/7_55_18.wav
7264	6	./AudioMNIST/data/11/6_11_47.wav
7265	1	./AudioMNIST/data/39/1_39_11.wav
7266	5	./AudioMNIST/data/17/5_17_14.wav
7267	7	./AudioMNIST/data/22/7_22_33.wav
7268	4	./AudioMNIST/data/33/4_33_32.wav
7269	4	./AudioMNIST/data/47/4_47_44.wav
7270	2	./AudioMNIST/data/58/2_58_3.wav
7271	0	./AudioMNIST/data/22/0_22_48.wav
7272	7	./AudioMNIST/data/01/7_01_2.wav
7273	1	./AudioMNIST/data/11/1_11_20.wav
7274	9	./AudioMNIST/data/51/9_51_0.wav
7275	9	./AudioMNIST/data/40/9_40_5.wav
7276	4	./AudioMNIST/data/11/4_11_25.wav
7277	3	./AudioMNIST/data/46/3_46_35.wav
7278	4	./AudioMNIST/data/18/4_18_12.wav
7279	7	./AudioMNIST/data/04/7_04_6.wav
7280	1	./AudioMNIST/data/33/1_33_11.wav
7281	3	./AudioMNIST/data/49/3_49_8.wav
7282	2	./AudioMNIST/data/46/2_46_47.wav
7283	8	./AudioMNIST/data/48/8_48_26.wav
7284	2	./AudioMNIST/data/14/2_14_17.wav
7285	3	./AudioMNIST/data/35/3_35_23.wav
7286	7	./AudioMNIST/data/09/7_09_8.wav
7287	2	./AudioMNIST/data/24/2_24_14.wav
7288	3	./AudioMNIST/data/54/3_54_25.wav
7289	3	./AudioMNIST/data/15/3_15_49.wav
7290	8	./AudioMNIST/data/49/8_49_7.wav
7291	4	./AudioMNIST/data/10/4_10_18.wav
7292	1	./AudioMNIST/data/50/1_50_31.wav
7293	6	./AudioMNIST/data/06/6_06_33.wav
7294	5	./AudioMNIST/data/09/5_09_29.wav
7295	9	./AudioMNIST/data/04/9_04_10.wav
7296	9	./AudioMNIST/data/33/9_33_20.wav
7297	7	./AudioMNIST/data/56/7_56_42.wav
7298	1	./AudioMNIST/data/24/1_24_27.wav
7299	0	./AudioMNIST/data/05/0_05_36.wav
7300	2	./AudioMNIST/data/46/2_46_27.wav
7301	7	./AudioMNIST/data/58/7_58_2.wav
7302	9	./AudioMNIST/data/37/9_37_15.wav
7303	0	./AudioMNIST/data/14/0_14_29.wav
7304	3	./AudioMNIST/data/05/3_05_28.wav
7305	9	./AudioMNIST/data/53/9_53_26.wav
7306	0	./AudioMNIST/data/13/0_13_2.wav
7307	0	./AudioMNIST/data/16/0_16_11.wav
7308	0	./AudioMNIST/data/14/0_14_23.wav
7309	6	./AudioMNIST/data/34/6_34_20.wav
7310	4	./AudioMNIST/data/05/4_05_15.wav
7311	4	./AudioMNIST/data/43/4_43_22.wav
7312	2	./AudioMNIST/data/06/2_06_28.wav
7313	3	./AudioMNIST/data/07/3_07_48.wav
7314	8	./AudioMNIST/data/34/8_34_7.wav
7315	4	./AudioMNIST/data/06/4_06_36.wav
7316	8	./AudioMNIST/data/41/8_41_42.wav
7317	1	./AudioMNIST/data/37/1_37_2.wav
7318	4	./AudioMNIST/data/29/4_29_15.wav
7319	1	./AudioMNIST/data/34/1_34_48.wav
7320	8	./AudioMNIST/data/45/8_45_22.wav
7321	5	./AudioMNIST/data/45/5_45_11.wav
7322	4	./AudioMNIST/data/22/4_22_29.wav
7323	2	./AudioMNIST/data/02/2_02_45.wav
7324	5	./AudioMNIST/data/37/5_37_10.wav
7325	7	./AudioMNIST/data/29/7_29_19.wav
7326	5	./AudioMNIST/data/48/5_48_21.wav
7327	0	./AudioMNIST/data/11/0_11_18.wav
7328	1	./AudioMNIST/data/49/1_49_29.wav
7329	5	./AudioMNIST/data/47/5_47_34.wav
7330	1	./AudioMNIST/data/41/1_41_33.wav
7331	3	./AudioMNIST/data/37/3_37_48.wav
7332	1	./AudioMNIST/data/49/1_49_5.wav
7333	6	./AudioMNIST/data/22/6_22_19.wav
7334	7	./AudioMNIST/data/39/7_39_45.wav
7335	3	./AudioMNIST/data/32/3_32_6.wav
7336	7	./AudioMNIST/data/29/7_29_35.wav
7337	9	./AudioMNIST/data/56/9_56_9.wav
7338	9	./AudioMNIST/data/57/9_57_19.wav
7339	5	./AudioMNIST/data/36/5_36_38.wav
7340	4	./AudioMNIST/data/14/4_14_7.wav
7341	4	./AudioMNIST/data/55/4_55_40.wav
7342	8	./AudioMNIST/data/49/8_49_43.wav
7343	1	./AudioMNIST/data/07/1_07_40.wav
7344	0	./AudioMNIST/data/33/0_33_16.wav
7345	7	./AudioMNIST/data/29/7_29_30.wav
7346	9	./AudioMNIST/data/38/9_38_26.wav
7347	1	./AudioMNIST/data/01/1_01_19.wav
7348	4	./AudioMNIST/data/56/4_56_39.wav
7349	0	./AudioMNIST/data/10/0_10_12.wav
7350	8	./AudioMNIST/data/15/8_15_11.wav
7351	2	./AudioMNIST/data/55/2_55_46.wav
7352	6	./AudioMNIST/data/20/6_20_2.wav
7353	3	./AudioMNIST/data/27/3_27_29.wav
7354	0	./AudioMNIST/data/18/0_18_0.wav
7355	6	./AudioMNIST/data/43/6_43_1.wav
7356	3	./AudioMNIST/data/59/3_59_42.wav
7357	5	./AudioMNIST/data/50/5_50_4.wav
7358	3	./AudioMNIST/data/48/3_48_36.wav
7359	3	./AudioMNIST/data/36/3_36_26.wav
7360	7	./AudioMNIST/data/34/7_34_25.wav
7361	4	./AudioMNIST/data/02/4_02_4.wav
7362	4	./AudioMNIST/data/08/4_08_35.wav
7363	0	./AudioMNIST/data/33/0_33_41.wav
7364	0	./AudioMNIST/data/35/0_35_3.wav
7365	1	./AudioMNIST/data/36/1_36_11.wav
7366	5	./AudioMNIST/data/28/5_28_32.wav
7367	1	./AudioMNIST/data/16/1_16_45.wav
7368	4	./AudioMNIST/data/58/4_58_23.wav
7369	3	./AudioMNIST/data/49/3_49_28.wav
7370	5	./AudioMNIST/data/49/5_49_19.wav
7371	1	./AudioMNIST/data/28/1_28_9.wav
7372	9	./AudioMNIST/data/22/9_22_20.wav
7373	1	./AudioMNIST/data/27/1_27_0.wav
7374	2	./AudioMNIST/data/35/2_35_0.wav
7375	3	./AudioMNIST/data/52/3_52_8.wav
7376	2	./AudioMNIST/data/54/2_54_14.wav
7377	8	./AudioMNIST/data/43/8_43_40.wav
7378	9	./AudioMNIST/data/44/9_44_10.wav
7379	3	./AudioMNIST/data/38/3_38_12.wav
7380	6	./AudioMNIST/data/34/6_34_37.wav
7381	5	./AudioMNIST/data/21/5_21_25.wav
7382	6	./AudioMNIST/data/14/6_14_17.wav
7383	6	./AudioMNIST/data/60/6_60_18.wav
7384	8	./AudioMNIST/data/56/8_56_18.wav
7385	3	./AudioMNIST/data/47/3_47_38.wav
7386	2	./AudioMNIST/data/10/2_10_13.wav
7387	4	./AudioMNIST/data/08/4_08_7.wav
7388	8	./AudioMNIST/data/54/8_54_42.wav
7389	3	./AudioMNIST/data/52/3_52_43.wav
7390	5	./AudioMNIST/data/49/5_49_8.wav
7391	1	./AudioMNIST/data/59/1_59_13.wav
7392	0	./AudioMNIST/data/53/0_53_45.wav
7393	2	./AudioMNIST/data/58/2_58_43.wav
7394	3	./AudioMNIST/data/31/3_31_22.wav
7395	9	./AudioMNIST/data/51/9_51_11.wav
7396	8	./AudioMNIST/data/40/8_40_44.wav
7397	3	./AudioMNIST/data/05/3_05_20.wav
7398	9	./AudioMNIST/data/44/9_44_32.wav
7399	3	./AudioMNIST/data/32/3_32_27.wav
7400	7	./AudioMNIST/data/04/7_04_1.wav
7401	1	./AudioMNIST/data/32/1_32_11.wav
7402	0	./AudioMNIST/data/35/0_35_27.wav
7403	0	./AudioMNIST/data/06/0_06_21.wav
7404	3	./AudioMNIST/data/45/3_45_35.wav
7405	7	./AudioMNIST/data/16/7_16_25.wav
7406	7	./AudioMNIST/data/35/7_35_41.wav
7407	5	./AudioMNIST/data/32/5_32_14.wav
7408	2	./AudioMNIST/data/47/2_47_5.wav
7409	6	./AudioMNIST/data/51/6_51_19.wav
7410	0	./AudioMNIST/data/45/0_45_1.wav
7411	1	./AudioMNIST/data/22/1_22_23.wav
7412	1	./AudioMNIST/data/28/1_28_6.wav
7413	8	./AudioMNIST/data/09/8_09_19.wav
7414	6	./AudioMNIST/data/41/6_41_28.wav
7415	3	./AudioMNIST/data/09/3_09_2.wav
7416	2	./AudioMNIST/data/24/2_24_20.wav
7417	9	./AudioMNIST/data/17/9_17_43.wav
7418	0	./AudioMNIST/data/25/0_25_5.wav
7419	4	./AudioMNIST/data/25/4_25_44.wav
7420	5	./AudioMNIST/data/24/5_24_14.wav
7421	4	./AudioMNIST/data/12/4_12_21.wav
7422	4	./AudioMNIST/data/42/4_42_33.wav
7423	3	./AudioMNIST/data/12/3_12_44.wav
7424	3	./AudioMNIST/data/51/3_51_19.wav
7425	7	./AudioMNIST/data/55/7_55_36.wav
7426	0	./AudioMNIST/data/05/0_05_43.wav
7427	1	./AudioMNIST/data/20/1_20_47.wav
7428	4	./AudioMNIST/data/08/4_08_1.wav
7429	6	./AudioMNIST/data/17/6_17_9.wav
7430	3	./AudioMNIST/data/45/3_45_49.wav
7431	7	./AudioMNIST/data/44/7_44_22.wav
7432	5	./AudioMNIST/data/11/5_11_10.wav
7433	7	./AudioMNIST/data/35/7_35_38.wav
7434	7	./AudioMNIST/data/57/7_57_23.wav
7435	3	./AudioMNIST/data/29/3_29_4.wav
7436	4	./AudioMNIST/data/50/4_50_21.wav
7437	7	./AudioMNIST/data/19/7_19_11.wav
7438	1	./AudioMNIST/data/48/1_48_10.wav
7439	9	./AudioMNIST/data/16/9_16_41.wav
7440	1	./AudioMNIST/data/33/1_33_25.wav
7441	8	./AudioMNIST/data/23/8_23_11.wav
7442	9	./AudioMNIST/data/57/9_57_43.wav
7443	6	./AudioMNIST/data/19/6_19_1.wav
7444	9	./AudioMNIST/data/21/9_21_31.wav
7445	1	./AudioMNIST/data/56/1_56_3.wav
7446	3	./AudioMNIST/data/23/3_23_40.wav
7447	2	./AudioMNIST/data/46/2_46_0.wav
7448	5	./AudioMNIST/data/44/5_44_42.wav
7449	9	./AudioMNIST/data/56/9_56_21.wav
7450	5	./AudioMNIST/data/51/5_51_35.wav
7451	9	./AudioMNIST/data/43/9_43_13.wav
7452	2	./AudioMNIST/data/47/2_47_11.wav
7453	9	./AudioMNIST/data/15/9_15_30.wav
7454	4	./AudioMNIST/data/35/4_35_38.wav
7455	6	./AudioMNIST/data/49/6_49_6.wav
7456	7	./AudioMNIST/data/06/7_06_43.wav
7457	5	./AudioMNIST/data/60/5_60_12.wav
7458	5	./AudioMNIST/data/15/5_15_33.wav
7459	2	./AudioMNIST/data/22/2_22_48.wav
7460	9	./AudioMNIST/data/44/9_44_17.wav
7461	1	./AudioMNIST/data/34/1_34_16.wav
7462	7	./AudioMNIST/data/15/7_15_15.wav
7463	2	./AudioMNIST/data/09/2_09_37.wav
7464	4	./AudioMNIST/data/33/4_33_6.wav
7465	1	./AudioMNIST/data/26/1_26_16.wav
7466	0	./AudioMNIST/data/58/0_58_17.wav
7467	6	./AudioMNIST/data/19/6_19_18.wav
7468	9	./AudioMNIST/data/48/9_48_48.wav
7469	4	./AudioMNIST/data/28/4_28_48.wav
7470	1	./AudioMNIST/data/10/1_10_29.wav
7471	9	./AudioMNIST/data/52/9_52_48.wav
7472	9	./AudioMNIST/data/49/9_49_26.wav
7473	8	./AudioMNIST/data/23/8_23_39.wav
7474	1	./AudioMNIST/data/18/1_18_43.wav
7475	3	./AudioMNIST/data/08/3_08_30.wav
7476	5	./AudioMNIST/data/45/5_45_45.wav
7477	6	./AudioMNIST/data/58/6_58_4.wav
7478	1	./AudioMNIST/data/10/1_10_25.wav
7479	3	./AudioMNIST/data/11/3_11_24.wav
7480	5	./AudioMNIST/data/60/5_60_28.wav
7481	7	./AudioMNIST/data/34/7_34_31.wav
7482	2	./AudioMNIST/data/28/2_28_27.wav
7483	9	./AudioMNIST/data/02/9_02_6.wav
7484	8	./AudioMNIST/data/34/8_34_19.wav
7485	8	./AudioMNIST/data/17/8_17_25.wav
7486	9	./AudioMNIST/data/20/9_20_34.wav
7487	4	./AudioMNIST/data/37/4_37_8.wav
7488	6	./AudioMNIST/data/47/6_47_36.wav
7489	6	./AudioMNIST/data/13/6_13_37.wav
7490	2	./AudioMNIST/data/44/2_44_37.wav
7491	0	./AudioMNIST/data/06/0_06_6.wav
7492	9	./AudioMNIST/data/58/9_58_10.wav
7493	8	./AudioMNIST/data/40/8_40_48.wav
7494	9	./AudioMNIST/data/07/9_07_32.wav
7495	0	./AudioMNIST/data/50/0_50_5.wav
7496	2	./AudioMNIST/data/56/2_56_40.wav
7497	6	./AudioMNIST/data/36/6_36_12.wav
7498	1	./AudioMNIST/data/52/1_52_17.wav
7499	1	./AudioMNIST/data/40/1_40_27.wav
7500	3	./AudioMNIST/data/20/3_20_30.wav
7501	1	./AudioMNIST/data/16/1_16_15.wav
7502	6	./AudioMNIST/data/43/6_43_48.wav
7503	0	./AudioMNIST/data/36/0_36_7.wav
7504	5	./AudioMNIST/data/05/5_05_39.wav
7505	5	./AudioMNIST/data/34/5_34_26.wav
7506	7	./AudioMNIST/data/53/7_53_1.wav
7507	6	./AudioMNIST/data/13/6_13_21.wav
7508	1	./AudioMNIST/data/03/1_03_39.wav
7509	8	./AudioMNIST/data/48/8_48_7.wav
7510	2	./AudioMNIST/data/56/2_56_29.wav
7511	0	./AudioMNIST/data/13/0_13_21.wav
7512	7	./AudioMNIST/data/05/7_05_22.wav
7513	9	./AudioMNIST/data/39/9_39_8.wav
7514	3	./AudioMNIST/data/28/3_28_40.wav
7515	0	./AudioMNIST/data/24/0_24_2.wav
7516	2	./AudioMNIST/data/15/2_15_1.wav
7517	2	./AudioMNIST/data/15/2_15_20.wav
7518	7	./AudioMNIST/data/01/7_01_14.wav
7519	6	./AudioMNIST/data/08/6_08_32.wav
7520	9	./AudioMNIST/data/18/9_18_21.wav
7521	7	./AudioMNIST/data/59/7_59_42.wav
7522	6	./AudioMNIST/data/46/6_46_36.wav
7523	1	./AudioMNIST/data/13/1_13_3.wav
7524	1	./AudioMNIST/data/55/1_55_15.wav
7525	5	./AudioMNIST/data/46/5_46_26.wav
7526	8	./AudioMNIST/data/27/8_27_7.wav
7527	9	./AudioMNIST/data/34/9_34_6.wav
7528	1	./AudioMNIST/data/50/1_50_24.wav
7529	3	./AudioMNIST/data/29/3_29_29.wav
7530	0	./AudioMNIST/data/31/0_31_39.wav
7531	1	./AudioMNIST/data/33/1_33_47.wav
7532	5	./AudioMNIST/data/46/5_46_4.wav
7533	4	./AudioMNIST/data/46/4_46_20.wav
7534	9	./AudioMNIST/data/07/9_07_21.wav
7535	9	./AudioMNIST/data/23/9_23_11.wav
7536	2	./AudioMNIST/data/40/2_40_9.wav
7537	4	./AudioMNIST/data/43/4_43_6.wav
7538	5	./AudioMNIST/data/52/5_52_3.wav
7539	1	./AudioMNIST/data/44/1_44_28.wav
7540	7	./AudioMNIST/data/26/7_26_7.wav
7541	4	./AudioMNIST/data/18/4_18_38.wav
7542	8	./AudioMNIST/data/23/8_23_22.wav
7543	2	./AudioMNIST/data/42/2_42_24.wav
7544	4	./AudioMNIST/data/47/4_47_18.wav
7545	4	./AudioMNIST/data/24/4_24_49.wav
7546	9	./AudioMNIST/data/21/9_21_40.wav
7547	9	./AudioMNIST/data/56/9_56_29.wav
7548	2	./AudioMNIST/data/16/2_16_12.wav
7549	1	./AudioMNIST/data/24/1_24_28.wav
7550	1	./AudioMNIST/data/60/1_60_9.wav
7551	5	./AudioMNIST/data/04/5_04_3.wav
7552	3	./AudioMNIST/data/09/3_09_7.wav
7553	1	./AudioMNIST/data/19/1_19_25.wav
7554	9	./AudioMNIST/data/18/9_18_32.wav
7555	8	./AudioMNIST/data/22/8_22_39.wav
7556	1	./AudioMNIST/data/26/1_26_42.wav
7557	9	./AudioMNIST/data/52/9_52_29.wav
7558	4	./AudioMNIST/data/34/4_34_20.wav
7559	4	./AudioMNIST/data/04/4_04_8.wav
7560	5	./AudioMNIST/data/38/5_38_47.wav
7561	9	./AudioMNIST/data/59/9_59_3.wav
7562	0	./AudioMNIST/data/59/0_59_22.wav
7563	2	./AudioMNIST/data/42/2_42_0.wav
7564	8	./AudioMNIST/data/18/8_18_28.wav
7565	6	./AudioMNIST/data/24/6_24_6.wav
7566	8	./AudioMNIST/data/09/8_09_4.wav
7567	2	./AudioMNIST/data/21/2_21_24.wav
7568	7	./AudioMNIST/data/46/7_46_16.wav
7569	6	./AudioMNIST/data/07/6_07_5.wav
7570	9	./AudioMNIST/data/23/9_23_34.wav
7571	8	./AudioMNIST/data/35/8_35_3.wav
7572	0	./AudioMNIST/data/18/0_18_11.wav
7573	6	./AudioMNIST/data/59/6_59_25.wav
7574	8	./AudioMNIST/data/53/8_53_1.wav
7575	5	./AudioMNIST/data/60/5_60_18.wav
7576	8	./AudioMNIST/data/03/8_03_36.wav
7577	2	./AudioMNIST/data/58/2_58_36.wav
7578	7	./AudioMNIST/data/15/7_15_33.wav
7579	5	./AudioMNIST/data/39/5_39_49.wav
7580	2	./AudioMNIST/data/48/2_48_14.wav
7581	7	./AudioMNIST/data/04/7_04_47.wav
7582	6	./AudioMNIST/data/40/6_40_34.wav
7583	1	./AudioMNIST/data/55/1_55_44.wav
7584	1	./AudioMNIST/data/09/1_09_5.wav
7585	4	./AudioMNIST/data/32/4_32_14.wav
7586	8	./AudioMNIST/data/51/8_51_36.wav
7587	4	./AudioMNIST/data/46/4_46_11.wav
7588	8	./AudioMNIST/data/26/8_26_11.wav
7589	2	./AudioMNIST/data/11/2_11_26.wav
7590	6	./AudioMNIST/data/30/6_30_5.wav
7591	5	./AudioMNIST/data/21/5_21_42.wav
7592	4	./AudioMNIST/data/39/4_39_46.wav
7593	6	./AudioMNIST/data/33/6_33_1.wav
7594	2	./AudioMNIST/data/58/2_58_34.wav
7595	6	./AudioMNIST/data/05/6_05_21.wav
7596	4	./AudioMNIST/data/42/4_42_6.wav
7597	7	./AudioMNIST/data/13/7_13_45.wav
7598	8	./AudioMNIST/data/36/8_36_31.wav
7599	2	./AudioMNIST/data/40/2_40_41.wav
7600	3	./AudioMNIST/data/04/3_04_12.wav
7601	5	./AudioMNIST/data/22/5_22_23.wav
7602	7	./AudioMNIST/data/44/7_44_49.wav
7603	1	./AudioMNIST/data/21/1_21_9.wav
7604	3	./AudioMNIST/data/06/3_06_39.wav
7605	2	./AudioMNIST/data/44/2_44_15.wav
7606	5	./AudioMNIST/data/08/5_08_7.wav
7607	9	./AudioMNIST/data/57/9_57_4.wav
7608	6	./AudioMNIST/data/47/6_47_17.wav
7609	9	./AudioMNIST/data/06/9_06_34.wav
7610	4	./AudioMNIST/data/29/4_29_23.wav
7611	7	./AudioMNIST/data/20/7_20_32.wav
7612	5	./AudioMNIST/data/56/5_56_29.wav
7613	2	./AudioMNIST/data/27/2_27_49.wav
7614	0	./AudioMNIST/data/50/0_50_46.wav
7615	6	./AudioMNIST/data/41/6_41_15.wav
7616	3	./AudioMNIST/data/54/3_54_43.wav
7617	9	./AudioMNIST/data/52/9_52_36.wav
7618	4	./AudioMNIST/data/60/4_60_23.wav
7619	1	./AudioMNIST/data/14/1_14_34.wav
7620	3	./AudioMNIST/data/06/3_06_0.wav
7621	3	./AudioMNIST/data/39/3_39_38.wav
7622	6	./AudioMNIST/data/28/6_28_8.wav
7623	9	./AudioMNIST/data/28/9_28_13.wav
7624	2	./AudioMNIST/data/05/2_05_16.wav
7625	2	./AudioMNIST/data/13/2_13_34.wav
7626	3	./AudioMNIST/data/22/3_22_0.wav
7627	2	./AudioMNIST/data/14/2_14_33.wav
7628	9	./AudioMNIST/data/44/9_44_49.wav
7629	5	./AudioMNIST/data/28/5_28_29.wav
7630	3	./AudioMNIST/data/25/3_25_46.wav
7631	5	./AudioMNIST/data/58/5_58_28.wav
7632	5	./AudioMNIST/data/01/5_01_12.wav
7633	7	./AudioMNIST/data/05/7_05_15.wav
7634	0	./AudioMNIST/data/60/0_60_46.wav
7635	5	./AudioMNIST/data/47/5_47_12.wav
7636	1	./AudioMNIST/data/21/1_21_2.wav
7637	4	./AudioMNIST/data/19/4_19_18.wav
7638	4	./AudioMNIST/data/17/4_17_34.wav
7639	8	./AudioMNIST/data/30/8_30_10.wav
7640	6	./AudioMNIST/data/22/6_22_27.wav
7641	6	./AudioMNIST/data/52/6_52_11.wav
7642	5	./AudioMNIST/data/46/5_46_3.wav
7643	9	./AudioMNIST/data/57/9_57_16.wav
7644	4	./AudioMNIST/data/50/4_50_20.wav
7645	1	./AudioMNIST/data/39/1_39_49.wav
7646	9	./AudioMNIST/data/40/9_40_6.wav
7647	7	./AudioMNIST/data/23/7_23_10.wav
7648	1	./AudioMNIST/data/49/1_49_14.wav
7649	9	./AudioMNIST/data/27/9_27_23.wav
7650	9	./AudioMNIST/data/48/9_48_41.wav
7651	1	./AudioMNIST/data/60/1_60_13.wav
7652	8	./AudioMNIST/data/46/8_46_17.wav
7653	8	./AudioMNIST/data/35/8_35_22.wav
7654	6	./AudioMNIST/data/53/6_53_4.wav
7655	7	./AudioMNIST/data/60/7_60_17.wav
7656	6	./AudioMNIST/data/51/6_51_45.wav
7657	1	./AudioMNIST/data/36/1_36_12.wav
7658	5	./AudioMNIST/data/39/5_39_10.wav
7659	8	./AudioMNIST/data/10/8_10_11.wav
7660	7	./AudioMNIST/data/45/7_45_39.wav
7661	0	./AudioMNIST/data/41/0_41_30.wav
7662	9	./AudioMNIST/data/35/9_35_13.wav
7663	7	./AudioMNIST/data/03/7_03_25.wav
7664	0	./AudioMNIST/data/59/0_59_32.wav
7665	2	./AudioMNIST/data/46/2_46_35.wav
7666	4	./AudioMNIST/data/19/4_19_39.wav
7667	5	./AudioMNIST/data/41/5_41_49.wav
7668	3	./AudioMNIST/data/18/3_18_21.wav
7669	4	./AudioMNIST/data/58/4_58_25.wav
7670	1	./AudioMNIST/data/30/1_30_9.wav
7671	1	./AudioMNIST/data/19/1_19_30.wav
7672	8	./AudioMNIST/data/32/8_32_6.wav
7673	6	./AudioMNIST/data/31/6_31_1.wav
7674	2	./AudioMNIST/data/44/2_44_10.wav
7675	5	./AudioMNIST/data/43/5_43_35.wav
7676	5	./AudioMNIST/data/03/5_03_40.wav
7677	8	./AudioMNIST/data/56/8_56_26.wav
7678	9	./AudioMNIST/data/18/9_18_30.wav
7679	1	./AudioMNIST/data/32/1_32_15.wav
7680	4	./AudioMNIST/data/59/4_59_3.wav
7681	9	./AudioMNIST/data/52/9_52_33.wav
7682	3	./AudioMNIST/data/53/3_53_24.wav
7683	5	./AudioMNIST/data/47/5_47_28.wav
7684	6	./AudioMNIST/data/56/6_56_36.wav
7685	1	./AudioMNIST/data/05/1_05_27.wav
7686	6	./AudioMNIST/data/28/6_28_45.wav
7687	2	./AudioMNIST/data/41/2_41_0.wav
7688	6	./AudioMNIST/data/59/6_59_20.wav
7689	2	./AudioMNIST/data/58/2_58_22.wav
7690	2	./AudioMNIST/data/60/2_60_23.wav
7691	3	./AudioMNIST/data/43/3_43_38.wav
7692	0	./AudioMNIST/data/11/0_11_22.wav
7693	0	./AudioMNIST/data/03/0_03_42.wav
7694	3	./AudioMNIST/data/36/3_36_39.wav
7695	3	./AudioMNIST/data/55/3_55_44.wav
7696	5	./AudioMNIST/data/50/5_50_35.wav
7697	0	./AudioMNIST/data/03/0_03_0.wav
7698	4	./AudioMNIST/data/55/4_55_13.wav
7699	7	./AudioMNIST/data/24/7_24_6.wav
7700	4	./AudioMNIST/data/17/4_17_10.wav
7701	7	./AudioMNIST/data/20/7_20_47.wav
7702	8	./AudioMNIST/data/38/8_38_17.wav
7703	7	./AudioMNIST/data/20/7_20_4.wav
7704	6	./AudioMNIST/data/49/6_49_13.wav
7705	3	./AudioMNIST/data/54/3_54_21.wav
7706	9	./AudioMNIST/data/02/9_02_5.wav
7707	4	./AudioMNIST/data/46/4_46_26.wav
7708	2	./AudioMNIST/data/32/2_32_4.wav
7709	8	./AudioMNIST/data/10/8_10_22.wav
7710	0	./AudioMNIST/data/23/0_23_0.wav
7711	7	./AudioMNIST/data/54/7_54_21.wav
7712	9	./AudioMNIST/data/10/9_10_39.wav
7713	6	./AudioMNIST/data/53/6_53_48.wav
7714	0	./AudioMNIST/data/02/0_02_49.wav
7715	0	./AudioMNIST/data/48/0_48_6.wav
7716	4	./AudioMNIST/data/15/4_15_5.wav
7717	0	./AudioMNIST/data/04/0_04_14.wav
7718	2	./AudioMNIST/data/27/2_27_22.wav
7719	8	./AudioMNIST/data/60/8_60_18.wav
7720	4	./AudioMNIST/data/15/4_15_12.wav
7721	8	./AudioMNIST/data/15/8_15_38.wav
7722	0	./AudioMNIST/data/52/0_52_23.wav
7723	1	./AudioMNIST/data/39/1_39_30.wav
7724	7	./AudioMNIST/data/14/7_14_13.wav
7725	4	./AudioMNIST/data/50/4_50_49.wav
7726	8	./AudioMNIST/data/42/8_42_46.wav
7727	7	./AudioMNIST/data/30/7_30_37.wav
7728	3	./AudioMNIST/data/54/3_54_22.wav
7729	3	./AudioMNIST/data/17/3_17_42.wav
7730	8	./AudioMNIST/data/32/8_32_32.wav
7731	9	./AudioMNIST/data/08/9_08_16.wav
7732	3	./AudioMNIST/data/03/3_03_2.wav
7733	0	./AudioMNIST/data/02/0_02_26.wav
7734	1	./AudioMNIST/data/04/1_04_14.wav
7735	1	./AudioMNIST/data/09/1_09_49.wav
7736	0	./AudioMNIST/data/22/0_22_38.wav
7737	4	./AudioMNIST/data/21/4_21_49.wav
7738	2	./AudioMNIST/data/41/2_41_12.wav
7739	8	./AudioMNIST/data/12/8_12_23.wav
7740	4	./AudioMNIST/data/01/4_01_31.wav
7741	8	./AudioMNIST/data/11/8_11_12.wav
7742	9	./AudioMNIST/data/43/9_43_46.wav
7743	2	./AudioMNIST/data/11/2_11_42.wav
7744	6	./AudioMNIST/data/34/6_34_25.wav
7745	3	./AudioMNIST/data/38/3_38_29.wav
7746	5	./AudioMNIST/data/44/5_44_29.wav
7747	8	./AudioMNIST/data/37/8_37_27.wav
7748	7	./AudioMNIST/data/36/7_36_25.wav
7749	2	./AudioMNIST/data/23/2_23_16.wav
7750	7	./AudioMNIST/data/44/7_44_40.wav
7751	6	./AudioMNIST/data/18/6_18_1.wav
7752	4	./AudioMNIST/data/08/4_08_33.wav
7753	5	./AudioMNIST/data/21/5_21_21.wav
7754	1	./AudioMNIST/data/47/1_47_11.wav
7755	8	./AudioMNIST/data/56/8_56_42.wav
7756	9	./AudioMNIST/data/35/9_35_23.wav
7757	6	./AudioMNIST/data/23/6_23_24.wav
7758	2	./AudioMNIST/data/02/2_02_35.wav
7759	8	./AudioMNIST/data/33/8_33_25.wav
7760	2	./AudioMNIST/data/51/2_51_49.wav
7761	8	./AudioMNIST/data/45/8_45_2.wav
7762	2	./AudioMNIST/data/02/2_02_31.wav
7763	6	./AudioMNIST/data/51/6_51_40.wav
7764	0	./AudioMNIST/data/18/0_18_24.wav
7765	1	./AudioMNIST/data/01/1_01_23.wav
7766	2	./AudioMNIST/data/04/2_04_14.wav
7767	4	./AudioMNIST/data/32/4_32_0.wav
7768	3	./AudioMNIST/data/08/3_08_22.wav
7769	6	./AudioMNIST/data/56/6_56_5.wav
7770	1	./AudioMNIST/data/02/1_02_38.wav
7771	1	./AudioMNIST/data/27/1_27_31.wav
7772	3	./AudioMNIST/data/41/3_41_43.wav
7773	4	./AudioMNIST/data/10/4_10_27.wav
7774	1	./AudioMNIST/data/28/1_28_26.wav
7775	4	./AudioMNIST/data/51/4_51_29.wav
7776	8	./AudioMNIST/data/52/8_52_42.wav
7777	1	./AudioMNIST/data/28/1_28_22.wav
7778	1	./AudioMNIST/data/09/1_09_19.wav
7779	1	./AudioMNIST/data/57/1_57_22.wav
7780	4	./AudioMNIST/data/38/4_38_46.wav
7781	6	./AudioMNIST/data/02/6_02_37.wav
7782	6	./AudioMNIST/data/03/6_03_15.wav
7783	4	./AudioMNIST/data/40/4_40_32.wav
7784	5	./AudioMNIST/data/01/5_01_23.wav
7785	2	./AudioMNIST/data/45/2_45_0.wav
7786	6	./AudioMNIST/data/41/6_41_45.wav
7787	4	./AudioMNIST/data/32/4_32_6.wav
7788	5	./AudioMNIST/data/11/5_11_33.wav
7789	2	./AudioMNIST/data/08/2_08_29.wav
7790	1	./AudioMNIST/data/51/1_51_28.wav
7791	2	./AudioMNIST/data/54/2_54_41.wav
7792	2	./AudioMNIST/data/22/2_22_8.wav
7793	4	./AudioMNIST/data/34/4_34_22.wav
7794	8	./AudioMNIST/data/50/8_50_3.wav
7795	2	./AudioMNIST/data/52/2_52_45.wav
7796	2	./AudioMNIST/data/07/2_07_41.wav
7797	2	./AudioMNIST/data/16/2_16_2.wav
7798	8	./AudioMNIST/data/58/8_58_4.wav
7799	6	./AudioMNIST/data/07/6_07_1.wav
7800	7	./AudioMNIST/data/13/7_13_11.wav
7801	4	./AudioMNIST/data/34/4_34_46.wav
7802	7	./AudioMNIST/data/45/7_45_14.wav
7803	7	./AudioMNIST/data/05/7_05_8.wav
7804	3	./AudioMNIST/data/57/3_57_22.wav
7805	9	./AudioMNIST/data/03/9_03_22.wav
7806	1	./AudioMNIST/data/48/1_48_24.wav
7807	2	./AudioMNIST/data/38/2_38_48.wav
7808	5	./AudioMNIST/data/20/5_20_3.wav
7809	6	./AudioMNIST/data/46/6_46_13.wav
7810	4	./AudioMNIST/data/58/4_58_44.wav
7811	1	./AudioMNIST/data/15/1_15_21.wav
7812	6	./AudioMNIST/data/43/6_43_47.wav
7813	0	./AudioMNIST/data/38/0_38_32.wav
7814	2	./AudioMNIST/data/38/2_38_16.wav
7815	7	./AudioMNIST/data/23/7_23_32.wav
7816	3	./AudioMNIST/data/22/3_22_23.wav
7817	0	./AudioMNIST/data/31/0_31_9.wav
7818	2	./AudioMNIST/data/46/2_46_49.wav
7819	7	./AudioMNIST/data/49/7_49_43.wav
7820	1	./AudioMNIST/data/41/1_41_22.wav
7821	9	./AudioMNIST/data/39/9_39_20.wav
7822	3	./AudioMNIST/data/39/3_39_44.wav
7823	1	./AudioMNIST/data/56/1_56_44.wav
7824	2	./AudioMNIST/data/41/2_41_2.wav
7825	4	./AudioMNIST/data/04/4_04_24.wav
7826	3	./AudioMNIST/data/13/3_13_15.wav
7827	5	./AudioMNIST/data/22/5_22_41.wav
7828	4	./AudioMNIST/data/23/4_23_26.wav
7829	7	./AudioMNIST/data/44/7_44_29.wav
7830	7	./AudioMNIST/data/31/7_31_10.wav
7831	4	./AudioMNIST/data/20/4_20_10.wav
7832	4	./AudioMNIST/data/43/4_43_32.wav
7833	5	./AudioMNIST/data/09/5_09_40.wav
7834	5	./AudioMNIST/data/29/5_29_1.wav
7835	4	./AudioMNIST/data/34/4_34_14.wav
7836	9	./AudioMNIST/data/57/9_57_28.wav
7837	3	./AudioMNIST/data/34/3_34_32.wav
7838	8	./AudioMNIST/data/09/8_09_35.wav
7839	6	./AudioMNIST/data/58/6_58_39.wav
7840	7	./AudioMNIST/data/22/7_22_28.wav
7841	8	./AudioMNIST/data/48/8_48_28.wav
7842	6	./AudioMNIST/data/45/6_45_25.wav
7843	9	./AudioMNIST/data/38/9_38_44.wav
7844	9	./AudioMNIST/data/43/9_43_48.wav
7845	8	./AudioMNIST/data/36/8_36_33.wav
7846	8	./AudioMNIST/data/54/8_54_49.wav
7847	0	./AudioMNIST/data/27/0_27_32.wav
7848	5	./AudioMNIST/data/30/5_30_1.wav
7849	8	./AudioMNIST/data/55/8_55_47.wav
7850	2	./AudioMNIST/data/24/2_24_42.wav
7851	2	./AudioMNIST/data/32/2_32_36.wav
7852	9	./AudioMNIST/data/17/9_17_20.wav
7853	3	./AudioMNIST/data/58/3_58_12.wav
7854	3	./AudioMNIST/data/21/3_21_39.wav
7855	0	./AudioMNIST/data/51/0_51_35.wav
7856	3	./AudioMNIST/data/21/3_21_20.wav
7857	1	./AudioMNIST/data/02/1_02_21.wav
7858	3	./AudioMNIST/data/51/3_51_30.wav
7859	1	./AudioMNIST/data/21/1_21_35.wav
7860	4	./AudioMNIST/data/29/4_29_8.wav
7861	8	./AudioMNIST/data/11/8_11_27.wav
7862	9	./AudioMNIST/data/49/9_49_42.wav
7863	7	./AudioMNIST/data/32/7_32_20.wav
7864	7	./AudioMNIST/data/27/7_27_49.wav
7865	2	./AudioMNIST/data/16/2_16_25.wav
7866	5	./AudioMNIST/data/37/5_37_45.wav
7867	3	./AudioMNIST/data/39/3_39_22.wav
7868	3	./AudioMNIST/data/26/3_26_4.wav
7869	2	./AudioMNIST/data/53/2_53_12.wav
7870	2	./AudioMNIST/data/30/2_30_48.wav
7871	6	./AudioMNIST/data/12/6_12_40.wav
7872	7	./AudioMNIST/data/50/7_50_32.wav
7873	4	./AudioMNIST/data/54/4_54_11.wav
7874	1	./AudioMNIST/data/47/1_47_19.wav
7875	6	./AudioMNIST/data/14/6_14_13.wav
7876	4	./AudioMNIST/data/42/4_42_1.wav
7877	7	./AudioMNIST/data/49/7_49_46.wav
7878	2	./AudioMNIST/data/40/2_40_19.wav
7879	4	./AudioMNIST/data/12/4_12_31.wav
7880	7	./AudioMNIST/data/05/7_05_17.wav
7881	2	./AudioMNIST/data/08/2_08_43.wav
7882	7	./AudioMNIST/data/58/7_58_5.wav
7883	6	./AudioMNIST/data/49/6_49_19.wav
7884	2	./AudioMNIST/data/60/2_60_22.wav
7885	4	./AudioMNIST/data/53/4_53_2.wav
7886	7	./AudioMNIST/data/39/7_39_18.wav
7887	0	./AudioMNIST/data/09/0_09_29.wav
7888	2	./AudioMNIST/data/31/2_31_10.wav
7889	5	./AudioMNIST/data/50/5_50_47.wav
7890	0	./AudioMNIST/data/31/0_31_10.wav
7891	8	./AudioMNIST/data/18/8_18_18.wav
7892	7	./AudioMNIST/data/26/7_26_29.wav
7893	0	./AudioMNIST/data/01/0_01_26.wav
7894	6	./AudioMNIST/data/31/6_31_20.wav
7895	9	./AudioMNIST/data/28/9_28_30.wav
7896	9	./AudioMNIST/data/49/9_49_27.wav
7897	8	./AudioMNIST/data/46/8_46_13.wav
7898	8	./AudioMNIST/data/43/8_43_8.wav
7899	9	./AudioMNIST/data/23/9_23_29.wav
7900	7	./AudioMNIST/data/03/7_03_47.wav
7901	5	./AudioMNIST/data/23/5_23_46.wav
7902	8	./AudioMNIST/data/60/8_60_43.wav
7903	6	./AudioMNIST/data/23/6_23_38.wav
7904	5	./AudioMNIST/data/45/5_45_42.wav
7905	1	./AudioMNIST/data/09/1_09_14.wav
7906	7	./AudioMNIST/data/53/7_53_15.wav
7907	5	./AudioMNIST/data/41/5_41_0.wav
7908	2	./AudioMNIST/data/32/2_32_39.wav
7909	6	./AudioMNIST/data/51/6_51_28.wav
7910	2	./AudioMNIST/data/46/2_46_18.wav
7911	8	./AudioMNIST/data/08/8_08_17.wav
7912	0	./AudioMNIST/data/06/0_06_10.wav
7913	1	./AudioMNIST/data/02/1_02_31.wav
7914	2	./AudioMNIST/data/03/2_03_19.wav
7915	8	./AudioMNIST/data/04/8_04_14.wav
7916	2	./AudioMNIST/data/58/2_58_24.wav
7917	4	./AudioMNIST/data/04/4_04_25.wav
7918	2	./AudioMNIST/data/06/2_06_12.wav
7919	7	./AudioMNIST/data/42/7_42_11.wav
7920	7	./AudioMNIST/data/06/7_06_35.wav
7921	3	./AudioMNIST/data/18/3_18_43.wav
7922	5	./AudioMNIST/data/60/5_60_25.wav
7923	1	./AudioMNIST/data/43/1_43_18.wav
7924	5	./AudioMNIST/data/56/5_56_40.wav
7925	4	./AudioMNIST/data/08/4_08_18.wav
7926	5	./AudioMNIST/data/56/5_56_37.wav
7927	5	./AudioMNIST/data/11/5_11_17.wav
7928	8	./AudioMNIST/data/06/8_06_2.wav
7929	0	./AudioMNIST/data/37/0_37_45.wav
7930	0	./AudioMNIST/data/30/0_30_18.wav
7931	0	./AudioMNIST/data/59/0_59_3.wav
7932	5	./AudioMNIST/data/54/5_54_1.wav
7933	4	./AudioMNIST/data/31/4_31_6.wav
7934	2	./AudioMNIST/data/48/2_48_28.wav
7935	8	./AudioMNIST/data/19/8_19_35.wav
7936	8	./AudioMNIST/data/40/8_40_4.wav
7937	5	./AudioMNIST/data/36/5_36_35.wav
7938	9	./AudioMNIST/data/12/9_12_36.wav
7939	4	./AudioMNIST/data/08/4_08_21.wav
7940	0	./AudioMNIST/data/47/0_47_0.wav
7941	5	./AudioMNIST/data/11/5_11_18.wav
7942	7	./AudioMNIST/data/49/7_49_48.wav
7943	5	./AudioMNIST/data/40/5_40_22.wav
7944	3	./AudioMNIST/data/32/3_32_15.wav
7945	3	./AudioMNIST/data/12/3_12_29.wav
7946	8	./AudioMNIST/data/29/8_29_34.wav
7947	0	./AudioMNIST/data/52/0_52_17.wav
7948	5	./AudioMNIST/data/54/5_54_33.wav
7949	6	./AudioMNIST/data/03/6_03_42.wav
7950	8	./AudioMNIST/data/17/8_17_30.wav
7951	7	./AudioMNIST/data/55/7_55_15.wav
7952	3	./AudioMNIST/data/54/3_54_13.wav
7953	2	./AudioMNIST/data/47/2_47_28.wav
7954	1	./AudioMNIST/data/57/1_57_31.wav
7955	7	./AudioMNIST/data/57/7_57_26.wav
7956	3	./AudioMNIST/data/56/3_56_33.wav
7957	7	./AudioMNIST/data/48/7_48_38.wav
7958	2	./AudioMNIST/data/48/2_48_43.wav
7959	3	./AudioMNIST/data/13/3_13_21.wav
7960	9	./AudioMNIST/data/27/9_27_26.wav
7961	0	./AudioMNIST/data/60/0_60_27.wav
7962	9	./AudioMNIST/data/56/9_56_20.wav
7963	6	./AudioMNIST/data/46/6_46_33.wav
7964	7	./AudioMNIST/data/40/7_40_9.wav
7965	1	./AudioMNIST/data/24/1_24_2.wav
7966	4	./AudioMNIST/data/31/4_31_32.wav
7967	3	./AudioMNIST/data/54/3_54_5.wav
7968	6	./AudioMNIST/data/54/6_54_8.wav
7969	0	./AudioMNIST/data/29/0_29_40.wav
7970	4	./AudioMNIST/data/15/4_15_8.wav
7971	8	./AudioMNIST/data/37/8_37_40.wav
7972	2	./AudioMNIST/data/38/2_38_3.wav
7973	5	./AudioMNIST/data/53/5_53_23.wav
7974	2	./AudioMNIST/data/38/2_38_4.wav
7975	8	./AudioMNIST/data/13/8_13_38.wav
7976	4	./AudioMNIST/data/52/4_52_17.wav
7977	4	./AudioMNIST/data/57/4_57_36.wav
7978	5	./AudioMNIST/data/48/5_48_8.wav
7979	3	./AudioMNIST/data/38/3_38_43.wav
7980	6	./AudioMNIST/data/27/6_27_35.wav
7981	8	./AudioMNIST/data/24/8_24_11.wav
7982	1	./AudioMNIST/data/06/1_06_18.wav
7983	2	./AudioMNIST/data/59/2_59_19.wav
7984	5	./AudioMNIST/data/57/5_57_36.wav
7985	3	./AudioMNIST/data/28/3_28_38.wav
7986	3	./AudioMNIST/data/22/3_22_7.wav
7987	9	./AudioMNIST/data/12/9_12_32.wav
7988	7	./AudioMNIST/data/57/7_57_16.wav
7989	8	./AudioMNIST/data/54/8_54_25.wav
7990	7	./AudioMNIST/data/41/7_41_34.wav
7991	8	./AudioMNIST/data/54/8_54_11.wav
7992	2	./AudioMNIST/data/11/2_11_31.wav
7993	0	./AudioMNIST/data/47/0_47_36.wav
7994	0	./AudioMNIST/data/48/0_48_2.wav
7995	0	./AudioMNIST/data/42/0_42_13.wav
7996	1	./AudioMNIST/data/24/1_24_10.wav
7997	4	./AudioMNIST/data/39/4_39_30.wav
7998	5	./AudioMNIST/data/28/5_28_2.wav
7999	3	./AudioMNIST/data/05/3_05_3.wav
8000	0	./AudioMNIST/data/19/0_19_2.wav
8001	2	./AudioMNIST/data/46/2_46_13.wav
8002	7	./AudioMNIST/data/57/7_57_33.wav
8003	5	./AudioMNIST/data/23/5_23_29.wav
8004	1	./AudioMNIST/data/23/1_23_1.wav
8005	9	./AudioMNIST/data/13/9_13_15.wav
8006	7	./AudioMNIST/data/42/7_42_46.wav
8007	6	./AudioMNIST/data/27/6_27_41.wav
8008	9	./AudioMNIST/data/56/9_56_6.wav
8009	8	./AudioMNIST/data/22/8_22_10.wav
8010	3	./AudioMNIST/data/07/3_07_22.wav
8011	8	./AudioMNIST/data/11/8_11_29.wav
8012	9	./AudioMNIST/data/48/9_48_14.wav
8013	9	./AudioMNIST/data/04/9_04_31.wav
8014	4	./AudioMNIST/data/08/4_08_10.wav
8015	2	./AudioMNIST/data/34/2_34_22.wav
8016	7	./AudioMNIST/data/27/7_27_0.wav
8017	1	./AudioMNIST/data/27/1_27_7.wav
8018	2	./AudioMNIST/data/55/2_55_7.wav
8019	7	./AudioMNIST/data/38/7_38_45.wav
8020	0	./AudioMNIST/data/57/0_57_48.wav
8021	6	./AudioMNIST/data/02/6_02_22.wav
8022	9	./AudioMNIST/data/06/9_06_35.wav
8023	9	./AudioMNIST/data/05/9_05_26.wav
8024	6	./AudioMNIST/data/38/6_38_47.wav
8025	8	./AudioMNIST/data/44/8_44_47.wav
8026	6	./AudioMNIST/data/11/6_11_27.wav
8027	6	./AudioMNIST/data/42/6_42_17.wav
8028	4	./AudioMNIST/data/42/4_42_13.wav
8029	3	./AudioMNIST/data/17/3_17_2.wav
8030	3	./AudioMNIST/data/08/3_08_33.wav
8031	4	./AudioMNIST/data/03/4_03_15.wav
8032	2	./AudioMNIST/data/34/2_34_25.wav
8033	4	./AudioMNIST/data/46/4_46_40.wav
8034	4	./AudioMNIST/data/19/4_19_41.wav
8035	7	./AudioMNIST/data/58/7_58_3.wav
8036	3	./AudioMNIST/data/39/3_39_0.wav
8037	9	./AudioMNIST/data/58/9_58_6.wav
8038	1	./AudioMNIST/data/05/1_05_20.wav
8039	0	./AudioMNIST/data/52/0_52_49.wav
8040	3	./AudioMNIST/data/07/3_07_20.wav
8041	7	./AudioMNIST/data/02/7_02_43.wav
8042	4	./AudioMNIST/data/50/4_50_3.wav
8043	7	./AudioMNIST/data/60/7_60_40.wav
8044	9	./AudioMNIST/data/30/9_30_34.wav
8045	9	./AudioMNIST/data/40/9_40_28.wav
8046	0	./AudioMNIST/data/55/0_55_25.wav
8047	0	./AudioMNIST/data/22/0_22_49.wav
8048	2	./AudioMNIST/data/24/2_24_34.wav
8049	5	./AudioMNIST/data/29/5_29_3.wav
8050	5	./AudioMNIST/data/34/5_34_18.wav
8051	4	./AudioMNIST/data/53/4_53_21.wav
8052	6	./AudioMNIST/data/35/6_35_17.wav
8053	7	./AudioMNIST/data/05/7_05_12.wav
8054	1	./AudioMNIST/data/30/1_30_17.wav
8055	8	./AudioMNIST/data/57/8_57_25.wav
8056	0	./AudioMNIST/data/43/0_43_10.wav
8057	7	./AudioMNIST/data/09/7_09_18.wav
8058	5	./AudioMNIST/data/34/5_34_42.wav
8059	8	./AudioMNIST/data/03/8_03_30.wav
8060	1	./AudioMNIST/data/01/1_01_22.wav
8061	3	./AudioMNIST/data/26/3_26_37.wav
8062	6	./AudioMNIST/data/10/6_10_38.wav
8063	1	./AudioMNIST/data/44/1_44_29.wav
8064	0	./AudioMNIST/data/22/0_22_0.wav
8065	0	./AudioMNIST/data/51/0_51_20.wav
8066	1	./AudioMNIST/data/02/1_02_36.wav
8067	0	./AudioMNIST/data/40/0_40_11.wav
8068	4	./AudioMNIST/data/41/4_41_28.wav
8069	8	./AudioMNIST/data/25/8_25_0.wav
8070	3	./AudioMNIST/data/19/3_19_35.wav
8071	6	./AudioMNIST/data/47/6_47_24.wav
8072	1	./AudioMNIST/data/43/1_43_19.wav
8073	5	./AudioMNIST/data/47/5_47_36.wav
8074	9	./AudioMNIST/data/31/9_31_31.wav
8075	1	./AudioMNIST/data/32/1_32_20.wav
8076	8	./AudioMNIST/data/29/8_29_49.wav
8077	0	./AudioMNIST/data/48/0_48_8.wav
8078	1	./AudioMNIST/data/52/1_52_27.wav
8079	6	./AudioMNIST/data/38/6_38_40.wav
8080	1	./AudioMNIST/data/28/1_28_4.wav
8081	9	./AudioMNIST/data/10/9_10_9.wav
8082	3	./AudioMNIST/data/17/3_17_48.wav
8083	5	./AudioMNIST/data/36/5_36_14.wav
8084	3	./AudioMNIST/data/27/3_27_7.wav
8085	6	./AudioMNIST/data/48/6_48_2.wav
8086	0	./AudioMNIST/data/25/0_25_38.wav
8087	9	./AudioMNIST/data/33/9_33_14.wav
8088	4	./AudioMNIST/data/09/4_09_17.wav
8089	0	./AudioMNIST/data/40/0_40_30.wav
8090	6	./AudioMNIST/data/08/6_08_3.wav
8091	6	./AudioMNIST/data/05/6_05_33.wav
8092	4	./AudioMNIST/data/02/4_02_15.wav
8093	2	./AudioMNIST/data/07/2_07_34.wav
8094	7	./AudioMNIST/data/41/7_41_28.wav
8095	1	./AudioMNIST/data/14/1_14_18.wav
8096	1	./AudioMNIST/data/15/1_15_27.wav
8097	2	./AudioMNIST/data/37/2_37_33.wav
8098	0	./AudioMNIST/data/32/0_32_8.wav
8099	5	./AudioMNIST/data/18/5_18_49.wav
8100	9	./AudioMNIST/data/03/9_03_30.wav
8101	0	./AudioMNIST/data/27/0_27_17.wav
8102	4	./AudioMNIST/data/38/4_38_19.wav
8103	4	./AudioMNIST/data/58/4_58_18.wav
8104	5	./AudioMNIST/data/19/5_19_45.wav
8105	3	./AudioMNIST/data/17/3_17_18.wav
8106	1	./AudioMNIST/data/40/1_40_7.wav
8107	3	./AudioMNIST/data/05/3_05_11.wav
8108	1	./AudioMNIST/data/13/1_13_36.wav
8109	3	./AudioMNIST/data/31/3_31_48.wav
8110	7	./AudioMNIST/data/58/7_58_29.wav
8111	3	./AudioMNIST/data/49/3_49_46.wav
8112	9	./AudioMNIST/data/06/9_06_38.wav
8113	3	./AudioMNIST/data/27/3_27_43.wav
8114	1	./AudioMNIST/data/29/1_29_49.wav
8115	9	./AudioMNIST/data/29/9_29_35.wav
8116	9	./AudioMNIST/data/46/9_46_25.wav
8117	3	./AudioMNIST/data/55/3_55_36.wav
8118	1	./AudioMNIST/data/32/1_32_35.wav
8119	5	./AudioMNIST/data/29/5_29_33.wav
8120	4	./AudioMNIST/data/46/4_46_14.wav
8121	6	./AudioMNIST/data/03/6_03_9.wav
8122	8	./AudioMNIST/data/44/8_44_19.wav
8123	0	./AudioMNIST/data/46/0_46_32.wav
8124	3	./AudioMNIST/data/54/3_54_14.wav
8125	2	./AudioMNIST/data/47/2_47_13.wav
8126	1	./AudioMNIST/data/34/1_34_46.wav
8127	7	./AudioMNIST/data/10/7_10_44.wav
8128	3	./AudioMNIST/data/42/3_42_43.wav
8129	2	./AudioMNIST/data/01/2_01_0.wav
8130	5	./AudioMNIST/data/34/5_34_43.wav
8131	6	./AudioMNIST/data/20/6_20_24.wav
8132	8	./AudioMNIST/data/01/8_01_33.wav
8133	4	./AudioMNIST/data/13/4_13_46.wav
8134	7	./AudioMNIST/data/54/7_54_39.wav
8135	0	./AudioMNIST/data/25/0_25_32.wav
8136	3	./AudioMNIST/data/01/3_01_31.wav
8137	3	./AudioMNIST/data/38/3_38_1.wav
8138	5	./AudioMNIST/data/35/5_35_12.wav
8139	8	./AudioMNIST/data/25/8_25_41.wav
8140	0	./AudioMNIST/data/41/0_41_46.wav
8141	8	./AudioMNIST/data/26/8_26_49.wav
8142	8	./AudioMNIST/data/43/8_43_4.wav
8143	6	./AudioMNIST/data/54/6_54_22.wav
8144	2	./AudioMNIST/data/50/2_50_33.wav
8145	2	./AudioMNIST/data/35/2_35_8.wav
8146	0	./AudioMNIST/data/25/0_25_13.wav
8147	6	./AudioMNIST/data/12/6_12_15.wav
8148	6	./AudioMNIST/data/17/6_17_37.wav
8149	2	./AudioMNIST/data/25/2_25_47.wav
8150	9	./AudioMNIST/data/57/9_57_11.wav
8151	2	./AudioMNIST/data/44/2_44_20.wav
8152	6	./AudioMNIST/data/37/6_37_28.wav
8153	9	./AudioMNIST/data/42/9_42_41.wav
8154	8	./AudioMNIST/data/13/8_13_26.wav
8155	7	./AudioMNIST/data/51/7_51_13.wav
8156	2	./AudioMNIST/data/49/2_49_14.wav
8157	7	./AudioMNIST/data/57/7_57_34.wav
8158	4	./AudioMNIST/data/03/4_03_21.wav
8159	3	./AudioMNIST/data/31/3_31_6.wav
8160	3	./AudioMNIST/data/01/3_01_13.wav
8161	1	./AudioMNIST/data/19/1_19_7.wav
8162	6	./AudioMNIST/data/58/6_58_47.wav
8163	3	./AudioMNIST/data/17/3_17_19.wav
8164	1	./AudioMNIST/data/02/1_02_33.wav
8165	1	./AudioMNIST/data/40/1_40_17.wav
8166	7	./AudioMNIST/data/32/7_32_44.wav
8167	6	./AudioMNIST/data/38/6_38_37.wav
8168	5	./AudioMNIST/data/15/5_15_37.wav
8169	1	./AudioMNIST/data/36/1_36_10.wav
8170	0	./AudioMNIST/data/04/0_04_2.wav
8171	4	./AudioMNIST/data/14/4_14_37.wav
8172	7	./AudioMNIST/data/40/7_40_5.wav
8173	2	./AudioMNIST/data/06/2_06_39.wav
8174	8	./AudioMNIST/data/47/8_47_31.wav
8175	0	./AudioMNIST/data/50/0_50_24.wav
8176	5	./AudioMNIST/data/58/5_58_39.wav
8177	0	./AudioMNIST/data/35/0_35_31.wav
8178	1	./AudioMNIST/data/11/1_11_22.wav
8179	9	./AudioMNIST/data/06/9_06_45.wav
8180	4	./AudioMNIST/data/34/4_34_26.wav
8181	5	./AudioMNIST/data/08/5_08_34.wav
8182	0	./AudioMNIST/data/46/0_46_35.wav
8183	6	./AudioMNIST/data/49/6_49_26.wav
8184	7	./AudioMNIST/data/36/7_36_28.wav
8185	0	./AudioMNIST/data/51/0_51_10.wav
8186	3	./AudioMNIST/data/08/3_08_15.wav
8187	0	./AudioMNIST/data/35/0_35_15.wav
8188	5	./AudioMNIST/data/21/5_21_10.wav
8189	5	./AudioMNIST/data/06/5_06_26.wav
8190	7	./AudioMNIST/data/49/7_49_6.wav
8191	5	./AudioMNIST/data/27/5_27_37.wav
8192	0	./AudioMNIST/data/44/0_44_46.wav
8193	0	./AudioMNIST/data/06/0_06_32.wav
8194	5	./AudioMNIST/data/31/5_31_38.wav
8195	2	./AudioMNIST/data/44/2_44_49.wav
8196	9	./AudioMNIST/data/34/9_34_37.wav
8197	1	./AudioMNIST/data/50/1_50_36.wav
8198	5	./AudioMNIST/data/06/5_06_28.wav
8199	6	./AudioMNIST/data/43/6_43_35.wav
8200	8	./AudioMNIST/data/57/8_57_5.wav
8201	5	./AudioMNIST/data/55/5_55_42.wav
8202	7	./AudioMNIST/data/39/7_39_35.wav
8203	6	./AudioMNIST/data/54/6_54_26.wav
8204	2	./AudioMNIST/data/59/2_59_12.wav
8205	2	./AudioMNIST/data/22/2_22_23.wav
8206	4	./AudioMNIST/data/40/4_40_29.wav
8207	6	./AudioMNIST/data/51/6_51_47.wav
8208	7	./AudioMNIST/data/23/7_23_1.wav
8209	6	./AudioMNIST/data/34/6_34_36.wav
8210	9	./AudioMNIST/data/34/9_34_36.wav
8211	7	./AudioMNIST/data/38/7_38_37.wav
8212	2	./AudioMNIST/data/29/2_29_49.wav
8213	3	./AudioMNIST/data/46/3_46_16.wav
8214	4	./AudioMNIST/data/02/4_02_35.wav
8215	7	./AudioMNIST/data/07/7_07_49.wav
8216	8	./AudioMNIST/data/40/8_40_42.wav
8217	7	./AudioMNIST/data/55/7_55_43.wav
8218	5	./AudioMNIST/data/09/5_09_43.wav
8219	6	./AudioMNIST/data/32/6_32_20.wav
8220	7	./AudioMNIST/data/19/7_19_30.wav
8221	6	./AudioMNIST/data/27/6_27_26.wav
8222	0	./AudioMNIST/data/06/0_06_36.wav
8223	7	./AudioMNIST/data/14/7_14_5.wav
8224	7	./AudioMNIST/data/20/7_20_39.wav
8225	8	./AudioMNIST/data/21/8_21_37.wav
8226	7	./AudioMNIST/data/32/7_32_24.wav
8227	3	./AudioMNIST/data/55/3_55_4.wav
8228	5	./AudioMNIST/data/18/5_18_2.wav
8229	3	./AudioMNIST/data/10/3_10_9.wav
8230	4	./AudioMNIST/data/12/4_12_23.wav
8231	0	./AudioMNIST/data/54/0_54_23.wav
8232	6	./AudioMNIST/data/05/6_05_20.wav
8233	1	./AudioMNIST/data/26/1_26_0.wav
8234	1	./AudioMNIST/data/17/1_17_24.wav
8235	7	./AudioMNIST/data/45/7_45_36.wav
8236	8	./AudioMNIST/data/20/8_20_47.wav
8237	0	./AudioMNIST/data/13/0_13_16.wav
8238	0	./AudioMNIST/data/56/0_56_18.wav
8239	4	./AudioMNIST/data/26/4_26_22.wav
8240	0	./AudioMNIST/data/54/0_54_49.wav
8241	1	./AudioMNIST/data/41/1_41_42.wav
8242	2	./AudioMNIST/data/51/2_51_13.wav
8243	9	./AudioMNIST/data/51/9_51_12.wav
8244	8	./AudioMNIST/data/60/8_60_20.wav
8245	3	./AudioMNIST/data/24/3_24_48.wav
8246	7	./AudioMNIST/data/47/7_47_48.wav
8247	7	./AudioMNIST/data/58/7_58_47.wav
8248	1	./AudioMNIST/data/58/1_58_26.wav
8249	4	./AudioMNIST/data/28/4_28_18.wav
8250	4	./AudioMNIST/data/14/4_14_32.wav
8251	8	./AudioMNIST/data/24/8_24_8.wav
8252	8	./AudioMNIST/data/21/8_21_36.wav
8253	6	./AudioMNIST/data/35/6_35_24.wav
8254	6	./AudioMNIST/data/30/6_30_10.wav
8255	0	./AudioMNIST/data/18/0_18_27.wav
8256	1	./AudioMNIST/data/54/1_54_6.wav
8257	2	./AudioMNIST/data/08/2_08_18.wav
8258	1	./AudioMNIST/data/33/1_33_40.wav
8259	7	./AudioMNIST/data/18/7_18_3.wav
8260	3	./AudioMNIST/data/18/3_18_26.wav
8261	9	./AudioMNIST/data/26/9_26_38.wav
8262	9	./AudioMNIST/data/42/9_42_4.wav
8263	4	./AudioMNIST/data/58/4_58_5.wav
8264	3	./AudioMNIST/data/09/3_09_9.wav
8265	7	./AudioMNIST/data/30/7_30_41.wav
8266	0	./AudioMNIST/data/07/0_07_15.wav
8267	6	./AudioMNIST/data/13/6_13_24.wav
8268	9	./AudioMNIST/data/36/9_36_5.wav
8269	9	./AudioMNIST/data/57/9_57_8.wav
8270	3	./AudioMNIST/data/09/3_09_22.wav
8271	2	./AudioMNIST/data/05/2_05_9.wav
8272	5	./AudioMNIST/data/39/5_39_34.wav
8273	7	./AudioMNIST/data/32/7_32_45.wav
8274	7	./AudioMNIST/data/37/7_37_48.wav
8275	4	./AudioMNIST/data/46/4_46_42.wav
8276	9	./AudioMNIST/data/12/9_12_37.wav
8277	4	./AudioMNIST/data/47/4_47_5.wav
8278	8	./AudioMNIST/data/35/8_35_48.wav
8279	1	./AudioMNIST/data/10/1_10_48.wav
8280	1	./AudioMNIST/data/50/1_50_35.wav
8281	0	./AudioMNIST/data/30/0_30_24.wav
8282	7	./AudioMNIST/data/47/7_47_19.wav
8283	9	./AudioMNIST/data/19/9_19_14.wav
8284	1	./AudioMNIST/data/47/1_47_18.wav
8285	9	./AudioMNIST/data/27/9_27_5.wav
8286	0	./AudioMNIST/data/32/0_32_18.wav
8287	5	./AudioMNIST/data/10/5_10_24.wav
8288	5	./AudioMNIST/data/49/5_49_32.wav
8289	3	./AudioMNIST/data/47/3_47_35.wav
8290	6	./AudioMNIST/data/58/6_58_41.wav
8291	6	./AudioMNIST/data/23/6_23_29.wav
8292	1	./AudioMNIST/data/08/1_08_2.wav
8293	5	./AudioMNIST/data/54/5_54_43.wav
8294	2	./AudioMNIST/data/04/2_04_26.wav
8295	6	./AudioMNIST/data/09/6_09_46.wav
8296	0	./AudioMNIST/data/30/0_30_8.wav
8297	2	./AudioMNIST/data/19/2_19_19.wav
8298	6	./AudioMNIST/data/31/6_31_13.wav
8299	0	./AudioMNIST/data/48/0_48_34.wav
8300	0	./AudioMNIST/data/42/0_42_29.wav
8301	4	./AudioMNIST/data/06/4_06_44.wav
8302	6	./AudioMNIST/data/36/6_36_36.wav
8303	0	./AudioMNIST/data/48/0_48_13.wav
8304	8	./AudioMNIST/data/26/8_26_22.wav
8305	4	./AudioMNIST/data/09/4_09_44.wav
8306	5	./AudioMNIST/data/07/5_07_4.wav
8307	7	./AudioMNIST/data/14/7_14_42.wav
8308	7	./AudioMNIST/data/21/7_21_2.wav
8309	9	./AudioMNIST/data/24/9_24_44.wav
8310	9	./AudioMNIST/data/34/9_34_34.wav
8311	5	./AudioMNIST/data/42/5_42_16.wav
8312	1	./AudioMNIST/data/35/1_35_8.wav
8313	0	./AudioMNIST/data/26/0_26_12.wav
8314	5	./AudioMNIST/data/03/5_03_37.wav
8315	7	./AudioMNIST/data/20/7_20_16.wav
8316	0	./AudioMNIST/data/02/0_02_34.wav
8317	3	./AudioMNIST/data/38/3_38_16.wav
8318	9	./AudioMNIST/data/11/9_11_34.wav
8319	1	./AudioMNIST/data/10/1_10_46.wav
8320	7	./AudioMNIST/data/15/7_15_12.wav
8321	1	./AudioMNIST/data/20/1_20_10.wav
8322	5	./AudioMNIST/data/48/5_48_14.wav
8323	8	./AudioMNIST/data/07/8_07_13.wav
8324	7	./AudioMNIST/data/45/7_45_30.wav
8325	5	./AudioMNIST/data/46/5_46_49.wav
8326	5	./AudioMNIST/data/04/5_04_24.wav
8327	3	./AudioMNIST/data/36/3_36_15.wav
8328	2	./AudioMNIST/data/37/2_37_17.wav
8329	8	./AudioMNIST/data/31/8_31_29.wav
8330	1	./AudioMNIST/data/16/1_16_27.wav
8331	2	./AudioMNIST/data/36/2_36_9.wav
8332	7	./AudioMNIST/data/43/7_43_3.wav
8333	1	./AudioMNIST/data/22/1_22_42.wav
8334	1	./AudioMNIST/data/46/1_46_23.wav
8335	4	./AudioMNIST/data/02/4_02_26.wav
8336	0	./AudioMNIST/data/44/0_44_14.wav
8337	1	./AudioMNIST/data/05/1_05_25.wav
8338	6	./AudioMNIST/data/54/6_54_16.wav
8339	7	./AudioMNIST/data/28/7_28_2.wav
8340	1	./AudioMNIST/data/34/1_34_3.wav
8341	4	./AudioMNIST/data/02/4_02_30.wav
8342	7	./AudioMNIST/data/31/7_31_0.wav
8343	1	./AudioMNIST/data/51/1_51_10.wav
8344	9	./AudioMNIST/data/10/9_10_8.wav
8345	3	./AudioMNIST/data/53/3_53_36.wav
8346	3	./AudioMNIST/data/21/3_21_2.wav
8347	7	./AudioMNIST/data/05/7_05_13.wav
8348	1	./AudioMNIST/data/29/1_29_12.wav
8349	5	./AudioMNIST/data/24/5_24_19.wav
8350	4	./AudioMNIST/data/14/4_14_30.wav
8351	4	./AudioMNIST/data/06/4_06_14.wav
8352	0	./AudioMNIST/data/19/0_19_20.wav
8353	2	./AudioMNIST/data/42/2_42_44.wav
8354	3	./AudioMNIST/data/40/3_40_35.wav
8355	7	./AudioMNIST/data/58/7_58_0.wav
8356	7	./AudioMNIST/data/47/7_47_15.wav
8357	9	./AudioMNIST/data/42/9_42_26.wav
8358	3	./AudioMNIST/data/04/3_04_26.wav
8359	7	./AudioMNIST/data/06/7_06_30.wav
8360	7	./AudioMNIST/data/40/7_40_13.wav
8361	4	./AudioMNIST/data/32/4_32_41.wav
8362	7	./AudioMNIST/data/02/7_02_0.wav
8363	4	./AudioMNIST/data/41/4_41_37.wav
8364	4	./AudioMNIST/data/18/4_18_17.wav
8365	6	./AudioMNIST/data/43/6_43_0.wav
8366	2	./AudioMNIST/data/25/2_25_8.wav
8367	2	./AudioMNIST/data/17/2_17_41.wav
8368	0	./AudioMNIST/data/30/0_30_22.wav
8369	4	./AudioMNIST/data/57/4_57_6.wav
8370	5	./AudioMNIST/data/20/5_20_37.wav
8371	4	./AudioMNIST/data/22/4_22_33.wav
8372	1	./AudioMNIST/data/20/1_20_46.wav
8373	9	./AudioMNIST/data/59/9_59_39.wav
8374	7	./AudioMNIST/data/58/7_58_17.wav
8375	6	./AudioMNIST/data/02/6_02_43.wav
8376	5	./AudioMNIST/data/26/5_26_37.wav
8377	6	./AudioMNIST/data/38/6_38_0.wav
8378	2	./AudioMNIST/data/50/2_50_44.wav
8379	8	./AudioMNIST/data/41/8_41_14.wav
8380	8	./AudioMNIST/data/01/8_01_21.wav
8381	9	./AudioMNIST/data/28/9_28_28.wav
8382	2	./AudioMNIST/data/14/2_14_18.wav
8383	5	./AudioMNIST/data/06/5_06_40.wav
8384	7	./AudioMNIST/data/51/7_51_47.wav
8385	4	./AudioMNIST/data/29/4_29_38.wav
8386	2	./AudioMNIST/data/59/2_59_5.wav
8387	7	./AudioMNIST/data/51/7_51_29.wav
8388	0	./AudioMNIST/data/17/0_17_6.wav
8389	3	./AudioMNIST/data/57/3_57_33.wav
8390	2	./AudioMNIST/data/33/2_33_4.wav
8391	4	./AudioMNIST/data/20/4_20_34.wav
8392	9	./AudioMNIST/data/31/9_31_33.wav
8393	3	./AudioMNIST/data/38/3_38_36.wav
8394	7	./AudioMNIST/data/36/7_36_5.wav
8395	2	./AudioMNIST/data/06/2_06_46.wav
8396	7	./AudioMNIST/data/05/7_05_18.wav
8397	9	./AudioMNIST/data/21/9_21_27.wav
8398	7	./AudioMNIST/data/32/7_32_17.wav
8399	3	./AudioMNIST/data/40/3_40_15.wav
8400	5	./AudioMNIST/data/43/5_43_17.wav
8401	9	./AudioMNIST/data/30/9_30_17.wav
8402	6	./AudioMNIST/data/54/6_54_36.wav
8403	7	./AudioMNIST/data/27/7_27_24.wav
8404	0	./AudioMNIST/data/42/0_42_21.wav
8405	4	./AudioMNIST/data/49/4_49_11.wav
8406	9	./AudioMNIST/data/48/9_48_25.wav
8407	4	./AudioMNIST/data/09/4_09_47.wav
8408	0	./AudioMNIST/data/33/0_33_1.wav
8409	6	./AudioMNIST/data/43/6_43_31.wav
8410	8	./AudioMNIST/data/14/8_14_19.wav
8411	9	./AudioMNIST/data/38/9_38_6.wav
8412	8	./AudioMNIST/data/03/8_03_43.wav
8413	4	./AudioMNIST/data/56/4_56_18.wav
8414	4	./AudioMNIST/data/41/4_41_45.wav
8415	1	./AudioMNIST/data/34/1_34_29.wav
8416	8	./AudioMNIST/data/24/8_24_44.wav
8417	2	./AudioMNIST/data/58/2_58_40.wav
8418	9	./AudioMNIST/data/14/9_14_19.wav
8419	2	./AudioMNIST/data/08/2_08_5.wav
8420	0	./AudioMNIST/data/59/0_59_40.wav
8421	5	./AudioMNIST/data/19/5_19_20.wav
8422	9	./AudioMNIST/data/15/9_15_9.wav
8423	2	./AudioMNIST/data/39/2_39_42.wav
8424	7	./AudioMNIST/data/10/7_10_21.wav
8425	5	./AudioMNIST/data/44/5_44_9.wav
8426	7	./AudioMNIST/data/39/7_39_46.wav
8427	8	./AudioMNIST/data/19/8_19_21.wav
8428	9	./AudioMNIST/data/60/9_60_45.wav
8429	1	./AudioMNIST/data/56/1_56_16.wav
8430	2	./AudioMNIST/data/45/2_45_37.wav
8431	8	./AudioMNIST/data/57/8_57_2.wav
8432	9	./AudioMNIST/data/22/9_22_9.wav
8433	5	./AudioMNIST/data/58/5_58_16.wav
8434	5	./AudioMNIST/data/24/5_24_42.wav
8435	3	./AudioMNIST/data/26/3_26_11.wav
8436	5	./AudioMNIST/data/21/5_21_3.wav
8437	0	./AudioMNIST/data/45/0_45_26.wav
8438	7	./AudioMNIST/data/02/7_02_26.wav
8439	3	./AudioMNIST/data/44/3_44_41.wav
8440	2	./AudioMNIST/data/04/2_04_15.wav
8441	2	./AudioMNIST/data/04/2_04_38.wav
8442	6	./AudioMNIST/data/29/6_29_14.wav
8443	7	./AudioMNIST/data/05/7_05_30.wav
8444	7	./AudioMNIST/data/44/7_44_17.wav
8445	0	./AudioMNIST/data/55/0_55_34.wav
8446	8	./AudioMNIST/data/21/8_21_19.wav
8447	3	./AudioMNIST/data/16/3_16_17.wav
8448	8	./AudioMNIST/data/03/8_03_18.wav
8449	1	./AudioMNIST/data/05/1_05_42.wav
8450	6	./AudioMNIST/data/02/6_02_47.wav
8451	3	./AudioMNIST/data/56/3_56_28.wav
8452	5	./AudioMNIST/data/25/5_25_39.wav
8453	9	./AudioMNIST/data/13/9_13_42.wav
8454	2	./AudioMNIST/data/11/2_11_18.wav
8455	1	./AudioMNIST/data/13/1_13_19.wav
8456	6	./AudioMNIST/data/28/6_28_25.wav
8457	6	./AudioMNIST/data/16/6_16_31.wav
8458	6	./AudioMNIST/data/11/6_11_12.wav
8459	8	./AudioMNIST/data/14/8_14_30.wav
8460	7	./AudioMNIST/data/39/7_39_41.wav
8461	4	./AudioMNIST/data/10/4_10_39.wav
8462	4	./AudioMNIST/data/46/4_46_49.wav
8463	6	./AudioMNIST/data/45/6_45_11.wav
8464	8	./AudioMNIST/data/30/8_30_19.wav
8465	9	./AudioMNIST/data/25/9_25_46.wav
8466	0	./AudioMNIST/data/03/0_03_23.wav
8467	6	./AudioMNIST/data/11/6_11_34.wav
8468	4	./AudioMNIST/data/29/4_29_25.wav
8469	8	./AudioMNIST/data/39/8_39_14.wav
8470	3	./AudioMNIST/data/16/3_16_29.wav
8471	4	./AudioMNIST/data/15/4_15_21.wav
8472	0	./AudioMNIST/data/40/0_40_0.wav
8473	9	./AudioMNIST/data/06/9_06_10.wav
8474	9	./AudioMNIST/data/13/9_13_0.wav
8475	3	./AudioMNIST/data/07/3_07_3.wav
8476	5	./AudioMNIST/data/36/5_36_2.wav
8477	1	./AudioMNIST/data/02/1_02_34.wav
8478	5	./AudioMNIST/data/18/5_18_34.wav
8479	4	./AudioMNIST/data/13/4_13_6.wav
8480	1	./AudioMNIST/data/58/1_58_34.wav
8481	2	./AudioMNIST/data/02/2_02_39.wav
8482	3	./AudioMNIST/data/32/3_32_9.wav
8483	6	./AudioMNIST/data/05/6_05_0.wav
8484	8	./AudioMNIST/data/20/8_20_1.wav
8485	0	./AudioMNIST/data/50/0_50_22.wav
8486	6	./AudioMNIST/data/40/6_40_46.wav
8487	2	./AudioMNIST/data/38/2_38_46.wav
8488	0	./AudioMNIST/data/29/0_29_33.wav
8489	3	./AudioMNIST/data/57/3_57_28.wav
8490	2	./AudioMNIST/data/27/2_27_46.wav
8491	1	./AudioMNIST/data/56/1_56_2.wav
8492	5	./AudioMNIST/data/51/5_51_44.wav
8493	3	./AudioMNIST/data/26/3_26_28.wav
8494	9	./AudioMNIST/data/34/9_34_49.wav
8495	7	./AudioMNIST/data/19/7_19_22.wav
8496	3	./AudioMNIST/data/06/3_06_4.wav
8497	1	./AudioMNIST/data/39/1_39_28.wav
8498	4	./AudioMNIST/data/07/4_07_18.wav
8499	3	./AudioMNIST/data/09/3_09_46.wav
8500	6	./AudioMNIST/data/50/6_50_19.wav
8501	7	./AudioMNIST/data/08/7_08_9.wav
8502	1	./AudioMNIST/data/56/1_56_15.wav
8503	5	./AudioMNIST/data/31/5_31_39.wav
8504	7	./AudioMNIST/data/06/7_06_47.wav
8505	2	./AudioMNIST/data/24/2_24_48.wav
8506	7	./AudioMNIST/data/37/7_37_30.wav
8507	5	./AudioMNIST/data/01/5_01_48.wav
8508	3	./AudioMNIST/data/33/3_33_9.wav
8509	8	./AudioMNIST/data/20/8_20_45.wav
8510	2	./AudioMNIST/data/10/2_10_5.wav
8511	3	./AudioMNIST/data/55/3_55_25.wav
8512	5	./AudioMNIST/data/28/5_28_34.wav
8513	1	./AudioMNIST/data/27/1_27_40.wav
8514	8	./AudioMNIST/data/55/8_55_20.wav
8515	9	./AudioMNIST/data/16/9_16_23.wav
8516	2	./AudioMNIST/data/05/2_05_23.wav
8517	9	./AudioMNIST/data/53/9_53_15.wav
8518	5	./AudioMNIST/data/21/5_21_49.wav
8519	7	./AudioMNIST/data/16/7_16_37.wav
8520	7	./AudioMNIST/data/16/7_16_17.wav
8521	5	./AudioMNIST/data/36/5_36_33.wav
8522	2	./AudioMNIST/data/10/2_10_29.wav
8523	6	./AudioMNIST/data/20/6_20_8.wav
8524	8	./AudioMNIST/data/45/8_45_11.wav
8525	2	./AudioMNIST/data/26/2_26_36.wav
8526	7	./AudioMNIST/data/49/7_49_49.wav
8527	9	./AudioMNIST/data/58/9_58_19.wav
8528	3	./AudioMNIST/data/08/3_08_5.wav
8529	8	./AudioMNIST/data/47/8_47_35.wav
8530	8	./AudioMNIST/data/57/8_57_12.wav
8531	1	./AudioMNIST/data/15/1_15_11.wav
8532	7	./AudioMNIST/data/51/7_51_37.wav
8533	1	./AudioMNIST/data/54/1_54_32.wav
8534	3	./AudioMNIST/data/16/3_16_27.wav
8535	9	./AudioMNIST/data/05/9_05_18.wav
8536	9	./AudioMNIST/data/11/9_11_36.wav
8537	2	./AudioMNIST/data/55/2_55_36.wav
8538	7	./AudioMNIST/data/25/7_25_37.wav
8539	3	./AudioMNIST/data/12/3_12_39.wav
8540	4	./AudioMNIST/data/56/4_56_9.wav
8541	5	./AudioMNIST/data/26/5_26_8.wav
8542	4	./AudioMNIST/data/22/4_22_27.wav
8543	8	./AudioMNIST/data/31/8_31_18.wav
8544	6	./AudioMNIST/data/02/6_02_5.wav
8545	4	./AudioMNIST/data/45/4_45_18.wav
8546	3	./AudioMNIST/data/35/3_35_37.wav
8547	2	./AudioMNIST/data/52/2_52_30.wav
8548	4	./AudioMNIST/data/31/4_31_2.wav
8549	0	./AudioMNIST/data/10/0_10_39.wav
8550	4	./AudioMNIST/data/23/4_23_12.wav
8551	8	./AudioMNIST/data/36/8_36_9.wav
8552	6	./AudioMNIST/data/44/6_44_33.wav
8553	9	./AudioMNIST/data/41/9_41_30.wav
8554	1	./AudioMNIST/data/19/1_19_24.wav
8555	9	./AudioMNIST/data/30/9_30_1.wav
8556	4	./AudioMNIST/data/53/4_53_42.wav
8557	9	./AudioMNIST/data/43/9_43_10.wav
8558	4	./AudioMNIST/data/56/4_56_30.wav
8559	7	./AudioMNIST/data/17/7_17_25.wav
8560	1	./AudioMNIST/data/43/1_43_31.wav
8561	4	./AudioMNIST/data/43/4_43_30.wav
8562	6	./AudioMNIST/data/50/6_50_33.wav
8563	6	./AudioMNIST/data/60/6_60_42.wav
8564	4	./AudioMNIST/data/17/4_17_1.wav
8565	1	./AudioMNIST/data/60/1_60_16.wav
8566	0	./AudioMNIST/data/44/0_44_39.wav
8567	9	./AudioMNIST/data/29/9_29_34.wav
8568	4	./AudioMNIST/data/17/4_17_30.wav
8569	7	./AudioMNIST/data/12/7_12_0.wav
8570	5	./AudioMNIST/data/55/5_55_19.wav
8571	3	./AudioMNIST/data/51/3_51_26.wav
8572	8	./AudioMNIST/data/57/8_57_27.wav
8573	9	./AudioMNIST/data/52/9_52_8.wav
8574	6	./AudioMNIST/data/25/6_25_0.wav
8575	1	./AudioMNIST/data/38/1_38_16.wav
8576	3	./AudioMNIST/data/07/3_07_4.wav
8577	0	./AudioMNIST/data/12/0_12_0.wav
8578	0	./AudioMNIST/data/22/0_22_40.wav
8579	7	./AudioMNIST/data/26/7_26_27.wav
8580	5	./AudioMNIST/data/08/5_08_45.wav
8581	0	./AudioMNIST/data/48/0_48_49.wav
8582	7	./AudioMNIST/data/05/7_05_37.wav
8583	2	./AudioMNIST/data/10/2_10_43.wav
8584	0	./AudioMNIST/data/49/0_49_8.wav
8585	8	./AudioMNIST/data/33/8_33_27.wav
8586	5	./AudioMNIST/data/50/5_50_7.wav
8587	4	./AudioMNIST/data/53/4_53_47.wav
8588	0	./AudioMNIST/data/60/0_60_44.wav
8589	6	./AudioMNIST/data/52/6_52_18.wav
8590	7	./AudioMNIST/data/13/7_13_29.wav
8591	1	./AudioMNIST/data/41/1_41_36.wav
8592	6	./AudioMNIST/data/34/6_34_42.wav
8593	4	./AudioMNIST/data/25/4_25_41.wav
8594	5	./AudioMNIST/data/35/5_35_19.wav
8595	1	./AudioMNIST/data/58/1_58_49.wav
8596	4	./AudioMNIST/data/34/4_34_1.wav
8597	0	./AudioMNIST/data/02/0_02_10.wav
8598	2	./AudioMNIST/data/08/2_08_16.wav
8599	0	./AudioMNIST/data/23/0_23_1.wav
8600	2	./AudioMNIST/data/34/2_34_12.wav
8601	0	./AudioMNIST/data/06/0_06_25.wav
8602	6	./AudioMNIST/data/09/6_09_12.wav
8603	4	./AudioMNIST/data/03/4_03_40.wav
8604	5	./AudioMNIST/data/49/5_49_24.wav
8605	7	./AudioMNIST/data/07/7_07_0.wav
8606	9	./AudioMNIST/data/12/9_12_29.wav
8607	0	./AudioMNIST/data/60/0_60_35.wav
8608	3	./AudioMNIST/data/38/3_38_37.wav
8609	0	./AudioMNIST/data/40/0_40_48.wav
8610	3	./AudioMNIST/data/52/3_52_30.wav
8611	6	./AudioMNIST/data/07/6_07_23.wav
8612	4	./AudioMNIST/data/48/4_48_39.wav
8613	6	./AudioMNIST/data/02/6_02_39.wav
8614	5	./AudioMNIST/data/05/5_05_5.wav
8615	8	./AudioMNIST/data/36/8_36_43.wav
8616	5	./AudioMNIST/data/13/5_13_33.wav
8617	6	./AudioMNIST/data/60/6_60_20.wav
8618	0	./AudioMNIST/data/04/0_04_16.wav
8619	4	./AudioMNIST/data/21/4_21_7.wav
8620	2	./AudioMNIST/data/51/2_51_45.wav
8621	5	./AudioMNIST/data/16/5_16_20.wav
8622	4	./AudioMNIST/data/05/4_05_36.wav
8623	0	./AudioMNIST/data/57/0_57_27.wav
8624	1	./AudioMNIST/data/32/1_32_4.wav
8625	8	./AudioMNIST/data/28/8_28_35.wav
8626	3	./AudioMNIST/data/28/3_28_22.wav
8627	1	./AudioMNIST/data/45/1_45_21.wav
8628	8	./AudioMNIST/data/38/8_38_18.wav
8629	5	./AudioMNIST/data/07/5_07_42.wav
8630	3	./AudioMNIST/data/17/3_17_3.wav
8631	3	./AudioMNIST/data/55/3_55_49.wav
8632	1	./AudioMNIST/data/20/1_20_34.wav
8633	2	./AudioMNIST/data/52/2_52_6.wav
8634	1	./AudioMNIST/data/25/1_25_36.wav
8635	9	./AudioMNIST/data/12/9_12_25.wav
8636	0	./AudioMNIST/data/45/0_45_9.wav
8637	4	./AudioMNIST/data/46/4_46_15.wav
8638	1	./AudioMNIST/data/19/1_19_29.wav
8639	9	./AudioMNIST/data/02/9_02_49.wav
8640	7	./AudioMNIST/data/48/7_48_35.wav
8641	8	./AudioMNIST/data/33/8_33_22.wav
8642	1	./AudioMNIST/data/42/1_42_10.wav
8643	8	./AudioMNIST/data/06/8_06_7.wav
8644	8	./AudioMNIST/data/51/8_51_5.wav
8645	9	./AudioMNIST/data/56/9_56_4.wav
8646	7	./AudioMNIST/data/31/7_31_36.wav
8647	2	./AudioMNIST/data/52/2_52_10.wav
8648	9	./AudioMNIST/data/43/9_43_40.wav
8649	5	./AudioMNIST/data/36/5_36_26.wav
8650	3	./AudioMNIST/data/25/3_25_14.wav
8651	1	./AudioMNIST/data/59/1_59_48.wav
8652	8	./AudioMNIST/data/33/8_33_26.wav
8653	0	./AudioMNIST/data/14/0_14_13.wav
8654	4	./AudioMNIST/data/56/4_56_0.wav
8655	4	./AudioMNIST/data/52/4_52_7.wav
8656	9	./AudioMNIST/data/04/9_04_0.wav
8657	9	./AudioMNIST/data/56/9_56_25.wav
8658	7	./AudioMNIST/data/47/7_47_5.wav
8659	3	./AudioMNIST/data/25/3_25_6.wav
8660	0	./AudioMNIST/data/59/0_59_11.wav
8661	5	./AudioMNIST/data/02/5_02_34.wav
8662	7	./AudioMNIST/data/40/7_40_44.wav
8663	7	./AudioMNIST/data/17/7_17_11.wav
8664	2	./AudioMNIST/data/56/2_56_20.wav
8665	9	./AudioMNIST/data/30/9_30_19.wav
8666	3	./AudioMNIST/data/52/3_52_26.wav
8667	7	./AudioMNIST/data/02/7_02_49.wav
8668	5	./AudioMNIST/data/19/5_19_28.wav
8669	6	./AudioMNIST/data/03/6_03_4.wav
8670	6	./AudioMNIST/data/03/6_03_3.wav
8671	6	./AudioMNIST/data/55/6_55_3.wav
8672	2	./AudioMNIST/data/33/2_33_17.wav
8673	0	./AudioMNIST/data/57/0_57_24.wav
8674	9	./AudioMNIST/data/38/9_38_5.wav
8675	2	./AudioMNIST/data/60/2_60_44.wav
8676	8	./AudioMNIST/data/48/8_48_36.wav
8677	0	./AudioMNIST/data/01/0_01_11.wav
8678	8	./AudioMNIST/data/20/8_20_31.wav
8679	5	./AudioMNIST/data/05/5_05_23.wav
8680	2	./AudioMNIST/data/42/2_42_21.wav
8681	5	./AudioMNIST/data/53/5_53_20.wav
8682	8	./AudioMNIST/data/23/8_23_29.wav
8683	8	./AudioMNIST/data/52/8_52_5.wav
8684	8	./AudioMNIST/data/33/8_33_48.wav
8685	2	./AudioMNIST/data/55/2_55_33.wav
8686	5	./AudioMNIST/data/33/5_33_9.wav
8687	4	./AudioMNIST/data/55/4_55_49.wav
8688	1	./AudioMNIST/data/35/1_35_13.wav
8689	0	./AudioMNIST/data/50/0_50_17.wav
8690	6	./AudioMNIST/data/11/6_11_7.wav
8691	2	./AudioMNIST/data/05/2_05_34.wav
8692	8	./AudioMNIST/data/20/8_20_42.wav
8693	3	./AudioMNIST/data/24/3_24_19.wav
8694	0	./AudioMNIST/data/14/0_14_36.wav
8695	0	./AudioMNIST/data/09/0_09_35.wav
8696	2	./AudioMNIST/data/08/2_08_13.wav
8697	1	./AudioMNIST/data/56/1_56_43.wav
8698	1	./AudioMNIST/data/25/1_25_44.wav
8699	6	./AudioMNIST/data/19/6_19_39.wav
8700	6	./AudioMNIST/data/42/6_42_26.wav
8701	9	./AudioMNIST/data/11/9_11_37.wav
8702	1	./AudioMNIST/data/16/1_16_4.wav
8703	7	./AudioMNIST/data/12/7_12_15.wav
8704	1	./AudioMNIST/data/31/1_31_10.wav
8705	9	./AudioMNIST/data/44/9_44_14.wav
8706	9	./AudioMNIST/data/34/9_34_45.wav
8707	9	./AudioMNIST/data/19/9_19_48.wav
8708	9	./AudioMNIST/data/44/9_44_13.wav
8709	1	./AudioMNIST/data/34/1_34_1.wav
8710	7	./AudioMNIST/data/48/7_48_44.wav
8711	4	./AudioMNIST/data/47/4_47_31.wav
8712	4	./AudioMNIST/data/30/4_30_27.wav
8713	1	./AudioMNIST/data/22/1_22_47.wav
8714	3	./AudioMNIST/data/52/3_52_0.wav
8715	7	./AudioMNIST/data/17/7_17_32.wav
8716	7	./AudioMNIST/data/12/7_12_27.wav
8717	9	./AudioMNIST/data/40/9_40_1.wav
8718	3	./AudioMNIST/data/56/3_56_47.wav
8719	9	./AudioMNIST/data/34/9_34_15.wav
8720	1	./AudioMNIST/data/32/1_32_17.wav
8721	0	./AudioMNIST/data/58/0_58_22.wav
8722	4	./AudioMNIST/data/24/4_24_29.wav
8723	1	./AudioMNIST/data/32/1_32_43.wav
8724	3	./AudioMNIST/data/13/3_13_24.wav
8725	6	./AudioMNIST/data/35/6_35_19.wav
8726	4	./AudioMNIST/data/04/4_04_49.wav
8727	2	./AudioMNIST/data/60/2_60_43.wav
8728	9	./AudioMNIST/data/12/9_12_17.wav
8729	6	./AudioMNIST/data/46/6_46_21.wav
8730	3	./AudioMNIST/data/39/3_39_31.wav
8731	7	./AudioMNIST/data/17/7_17_9.wav
8732	7	./AudioMNIST/data/04/7_04_0.wav
8733	9	./AudioMNIST/data/17/9_17_0.wav
8734	8	./AudioMNIST/data/14/8_14_45.wav
8735	9	./AudioMNIST/data/07/9_07_24.wav
8736	2	./AudioMNIST/data/10/2_10_45.wav
8737	8	./AudioMNIST/data/51/8_51_17.wav
8738	1	./AudioMNIST/data/26/1_26_15.wav
8739	4	./AudioMNIST/data/36/4_36_21.wav
8740	7	./AudioMNIST/data/50/7_50_25.wav
8741	7	./AudioMNIST/data/21/7_21_27.wav
8742	3	./AudioMNIST/data/42/3_42_1.wav
8743	8	./AudioMNIST/data/20/8_20_15.wav
8744	3	./AudioMNIST/data/33/3_33_40.wav
8745	2	./AudioMNIST/data/59/2_59_30.wav
8746	6	./AudioMNIST/data/40/6_40_4.wav
8747	0	./AudioMNIST/data/47/0_47_8.wav
8748	5	./AudioMNIST/data/03/5_03_1.wav
8749	8	./AudioMNIST/data/22/8_22_5.wav
8750	6	./AudioMNIST/data/39/6_39_23.wav
8751	8	./AudioMNIST/data/08/8_08_44.wav
8752	6	./AudioMNIST/data/52/6_52_31.wav
8753	3	./AudioMNIST/data/17/3_17_15.wav
8754	1	./AudioMNIST/data/22/1_22_6.wav
8755	3	./AudioMNIST/data/13/3_13_3.wav
8756	4	./AudioMNIST/data/32/4_32_26.wav
8757	1	./AudioMNIST/data/06/1_06_10.wav
8758	3	./AudioMNIST/data/23/3_23_48.wav
8759	8	./AudioMNIST/data/46/8_46_37.wav
8760	9	./AudioMNIST/data/01/9_01_18.wav
8761	8	./AudioMNIST/data/39/8_39_31.wav
8762	3	./AudioMNIST/data/24/3_24_34.wav
8763	3	./AudioMNIST/data/10/3_10_13.wav
8764	0	./AudioMNIST/data/47/0_47_33.wav
8765	3	./AudioMNIST/data/18/3_18_32.wav
8766	1	./AudioMNIST/data/57/1_57_30.wav
8767	6	./AudioMNIST/data/52/6_52_5.wav
8768	6	./AudioMNIST/data/44/6_44_17.wav
8769	0	./AudioMNIST/data/43/0_43_46.wav
8770	2	./AudioMNIST/data/30/2_30_25.wav
8771	7	./AudioMNIST/data/58/7_58_16.wav
8772	6	./AudioMNIST/data/23/6_23_21.wav
8773	0	./AudioMNIST/data/31/0_31_20.wav
8774	6	./AudioMNIST/data/36/6_36_48.wav
8775	8	./AudioMNIST/data/34/8_34_21.wav
8776	8	./AudioMNIST/data/07/8_07_3.wav
8777	1	./AudioMNIST/data/43/1_43_16.wav
8778	5	./AudioMNIST/data/37/5_37_19.wav
8779	4	./AudioMNIST/data/20/4_20_0.wav
8780	5	./AudioMNIST/data/45/5_45_9.wav
8781	8	./AudioMNIST/data/39/8_39_24.wav
8782	1	./AudioMNIST/data/16/1_16_41.wav
8783	3	./AudioMNIST/data/55/3_55_8.wav
8784	2	./AudioMNIST/data/03/2_03_0.wav
8785	4	./AudioMNIST/data/48/4_48_38.wav
8786	4	./AudioMNIST/data/12/4_12_22.wav
8787	0	./AudioMNIST/data/22/0_22_26.wav
8788	9	./AudioMNIST/data/39/9_39_6.wav
8789	1	./AudioMNIST/data/22/1_22_20.wav
8790	4	./AudioMNIST/data/05/4_05_25.wav
8791	0	./AudioMNIST/data/09/0_09_33.wav
8792	5	./AudioMNIST/data/54/5_54_16.wav
8793	6	./AudioMNIST/data/14/6_14_38.wav
8794	2	./AudioMNIST/data/50/2_50_10.wav
8795	1	./AudioMNIST/data/19/1_19_16.wav
8796	1	./AudioMNIST/data/32/1_32_8.wav
8797	9	./AudioMNIST/data/26/9_26_3.wav
8798	0	./AudioMNIST/data/06/0_06_49.wav
8799	1	./AudioMNIST/data/13/1_13_22.wav
8800	7	./AudioMNIST/data/10/7_10_46.wav
8801	9	./AudioMNIST/data/42/9_42_29.wav
8802	6	./AudioMNIST/data/60/6_60_44.wav
8803	4	./AudioMNIST/data/11/4_11_36.wav
8804	8	./AudioMNIST/data/25/8_25_26.wav
8805	4	./AudioMNIST/data/48/4_48_43.wav
8806	2	./AudioMNIST/data/60/2_60_34.wav
8807	5	./AudioMNIST/data/54/5_54_40.wav
8808	7	./AudioMNIST/data/09/7_09_37.wav
8809	9	./AudioMNIST/data/18/9_18_31.wav
8810	0	./AudioMNIST/data/01/0_01_34.wav
8811	5	./AudioMNIST/data/02/5_02_26.wav
8812	0	./AudioMNIST/data/35/0_35_4.wav
8813	6	./AudioMNIST/data/30/6_30_7.wav
8814	9	./AudioMNIST/data/57/9_57_49.wav
8815	8	./AudioMNIST/data/31/8_31_30.wav
8816	0	./AudioMNIST/data/11/0_11_47.wav
8817	6	./AudioMNIST/data/34/6_34_5.wav
8818	2	./AudioMNIST/data/10/2_10_31.wav
8819	7	./AudioMNIST/data/07/7_07_48.wav
8820	1	./AudioMNIST/data/48/1_48_32.wav
8821	7	./AudioMNIST/data/52/7_52_20.wav
8822	9	./AudioMNIST/data/08/9_08_11.wav
8823	9	./AudioMNIST/data/52/9_52_38.wav
8824	8	./AudioMNIST/data/28/8_28_18.wav
8825	6	./AudioMNIST/data/35/6_35_45.wav
8826	3	./AudioMNIST/data/28/3_28_31.wav
8827	8	./AudioMNIST/data/22/8_22_12.wav
8828	7	./AudioMNIST/data/08/7_08_29.wav
8829	9	./AudioMNIST/data/25/9_25_1.wav
8830	2	./AudioMNIST/data/30/2_30_46.wav
8831	9	./AudioMNIST/data/57/9_57_37.wav
8832	5	./AudioMNIST/data/46/5_46_32.wav
8833	6	./AudioMNIST/data/59/6_59_13.wav
8834	2	./AudioMNIST/data/22/2_22_32.wav
8835	6	./AudioMNIST/data/32/6_32_41.wav
8836	8	./AudioMNIST/data/41/8_41_30.wav
8837	4	./AudioMNIST/data/33/4_33_21.wav
8838	5	./AudioMNIST/data/43/5_43_37.wav
8839	5	./AudioMNIST/data/50/5_50_38.wav
8840	1	./AudioMNIST/data/56/1_56_13.wav
8841	9	./AudioMNIST/data/48/9_48_40.wav
8842	6	./AudioMNIST/data/19/6_19_45.wav
8843	7	./AudioMNIST/data/41/7_41_37.wav
8844	5	./AudioMNIST/data/05/5_05_4.wav
8845	0	./AudioMNIST/data/46/0_46_38.wav
8846	6	./AudioMNIST/data/07/6_07_33.wav
8847	7	./AudioMNIST/data/58/7_58_12.wav
8848	6	./AudioMNIST/data/09/6_09_30.wav
8849	7	./AudioMNIST/data/22/7_22_49.wav
8850	0	./AudioMNIST/data/27/0_27_29.wav
8851	6	./AudioMNIST/data/54/6_54_1.wav
8852	2	./AudioMNIST/data/28/2_28_31.wav
8853	3	./AudioMNIST/data/24/3_24_5.wav
8854	3	./AudioMNIST/data/27/3_27_8.wav
8855	4	./AudioMNIST/data/49/4_49_38.wav
8856	1	./AudioMNIST/data/24/1_24_49.wav
8857	0	./AudioMNIST/data/06/0_06_19.wav
8858	7	./AudioMNIST/data/30/7_30_38.wav
8859	6	./AudioMNIST/data/09/6_09_13.wav
8860	1	./AudioMNIST/data/42/1_42_42.wav
8861	8	./AudioMNIST/data/02/8_02_33.wav
8862	6	./AudioMNIST/data/24/6_24_41.wav
8863	3	./AudioMNIST/data/36/3_36_42.wav
8864	7	./AudioMNIST/data/23/7_23_43.wav
8865	3	./AudioMNIST/data/43/3_43_47.wav
8866	0	./AudioMNIST/data/19/0_19_17.wav
8867	2	./AudioMNIST/data/21/2_21_25.wav
8868	7	./AudioMNIST/data/10/7_10_1.wav
8869	6	./AudioMNIST/data/49/6_49_22.wav
8870	0	./AudioMNIST/data/18/0_18_36.wav
8871	9	./AudioMNIST/data/39/9_39_42.wav
8872	5	./AudioMNIST/data/06/5_06_11.wav
8873	2	./AudioMNIST/data/45/2_45_5.wav
8874	8	./AudioMNIST/data/09/8_09_31.wav
8875	3	./AudioMNIST/data/51/3_51_28.wav
8876	8	./AudioMNIST/data/54/8_54_44.wav
8877	3	./AudioMNIST/data/07/3_07_47.wav
8878	0	./AudioMNIST/data/52/0_52_41.wav
8879	8	./AudioMNIST/data/54/8_54_1.wav
8880	0	./AudioMNIST/data/16/0_16_46.wav
8881	0	./AudioMNIST/data/31/0_31_22.wav
8882	9	./AudioMNIST/data/54/9_54_38.wav
8883	4	./AudioMNIST/data/04/4_04_48.wav
8884	3	./AudioMNIST/data/13/3_13_20.wav
8885	0	./AudioMNIST/data/22/0_22_29.wav
8886	4	./AudioMNIST/data/52/4_52_1.wav
8887	7	./AudioMNIST/data/55/7_55_25.wav
8888	0	./AudioMNIST/data/31/0_31_5.wav
8889	4	./AudioMNIST/data/10/4_10_38.wav
8890	0	./AudioMNIST/data/56/0_56_33.wav
8891	9	./AudioMNIST/data/10/9_10_16.wav
8892	1	./AudioMNIST/data/57/1_57_27.wav
8893	6	./AudioMNIST/data/02/6_02_33.wav
8894	9	./AudioMNIST/data/35/9_35_2.wav
8895	0	./AudioMNIST/data/10/0_10_10.wav
8896	4	./AudioMNIST/data/42/4_42_5.wav
8897	1	./AudioMNIST/data/12/1_12_2.wav
8898	8	./AudioMNIST/data/53/8_53_24.wav
8899	9	./AudioMNIST/data/29/9_29_2.wav
8900	8	./AudioMNIST/data/43/8_43_7.wav
8901	1	./AudioMNIST/data/09/1_09_33.wav
8902	1	./AudioMNIST/data/14/1_14_39.wav
8903	3	./AudioMNIST/data/51/3_51_48.wav
8904	1	./AudioMNIST/data/45/1_45_48.wav
8905	8	./AudioMNIST/data/05/8_05_34.wav
8906	5	./AudioMNIST/data/35/5_35_43.wav
8907	9	./AudioMNIST/data/09/9_09_18.wav
8908	7	./AudioMNIST/data/60/7_60_21.wav
8909	8	./AudioMNIST/data/44/8_44_33.wav
8910	5	./AudioMNIST/data/42/5_42_7.wav
8911	7	./AudioMNIST/data/55/7_55_13.wav
8912	4	./AudioMNIST/data/24/4_24_19.wav
8913	8	./AudioMNIST/data/12/8_12_0.wav
8914	5	./AudioMNIST/data/04/5_04_49.wav
8915	0	./AudioMNIST/data/36/0_36_23.wav
8916	1	./AudioMNIST/data/24/1_24_39.wav
8917	0	./AudioMNIST/data/01/0_01_39.wav
8918	7	./AudioMNIST/data/46/7_46_32.wav
8919	9	./AudioMNIST/data/29/9_29_26.wav
8920	3	./AudioMNIST/data/02/3_02_1.wav
8921	1	./AudioMNIST/data/25/1_25_39.wav
8922	7	./AudioMNIST/data/12/7_12_30.wav
8923	6	./AudioMNIST/data/19/6_19_8.wav
8924	0	./AudioMNIST/data/06/0_06_42.wav
8925	9	./AudioMNIST/data/14/9_14_26.wav
8926	8	./AudioMNIST/data/13/8_13_42.wav
8927	8	./AudioMNIST/data/48/8_48_5.wav
8928	5	./AudioMNIST/data/40/5_40_33.wav
8929	9	./AudioMNIST/data/39/9_39_24.wav
8930	0	./AudioMNIST/data/35/0_35_49.wav
8931	8	./AudioMNIST/data/03/8_03_25.wav
8932	2	./AudioMNIST/data/60/2_60_48.wav
8933	9	./AudioMNIST/data/31/9_31_45.wav
8934	8	./AudioMNIST/data/38/8_38_11.wav
8935	4	./AudioMNIST/data/41/4_41_14.wav
8936	9	./AudioMNIST/data/42/9_42_30.wav
8937	4	./AudioMNIST/data/30/4_30_8.wav
8938	7	./AudioMNIST/data/07/7_07_5.wav
8939	7	./AudioMNIST/data/14/7_14_37.wav
8940	5	./AudioMNIST/data/43/5_43_12.wav
8941	8	./AudioMNIST/data/14/8_14_5.wav
8942	0	./AudioMNIST/data/12/0_12_20.wav
8943	6	./AudioMNIST/data/39/6_39_43.wav
8944	4	./AudioMNIST/data/54/4_54_37.wav
8945	7	./AudioMNIST/data/09/7_09_9.wav
8946	5	./AudioMNIST/data/58/5_58_5.wav
8947	5	./AudioMNIST/data/23/5_23_12.wav
8948	9	./AudioMNIST/data/07/9_07_22.wav
8949	5	./AudioMNIST/data/42/5_42_2.wav
8950	1	./AudioMNIST/data/17/1_17_10.wav
8951	4	./AudioMNIST/data/16/4_16_7.wav
8952	1	./AudioMNIST/data/21/1_21_7.wav
8953	4	./AudioMNIST/data/06/4_06_19.wav
8954	8	./AudioMNIST/data/13/8_13_2.wav
8955	7	./AudioMNIST/data/18/7_18_40.wav
8956	7	./AudioMNIST/data/08/7_08_26.wav
8957	7	./AudioMNIST/data/12/7_12_6.wav
8958	5	./AudioMNIST/data/43/5_43_23.wav
8959	0	./AudioMNIST/data/27/0_27_0.wav
8960	5	./AudioMNIST/data/32/5_32_18.wav
8961	1	./AudioMNIST/data/51/1_51_42.wav
8962	9	./AudioMNIST/data/34/9_34_16.wav
8963	7	./AudioMNIST/data/03/7_03_34.wav
8964	7	./AudioMNIST/data/51/7_51_10.wav
8965	4	./AudioMNIST/data/49/4_49_37.wav
8966	2	./AudioMNIST/data/55/2_55_12.wav
8967	6	./AudioMNIST/data/40/6_40_37.wav
8968	5	./AudioMNIST/data/33/5_33_36.wav
8969	4	./AudioMNIST/data/44/4_44_30.wav
8970	4	./AudioMNIST/data/37/4_37_27.wav
8971	0	./AudioMNIST/data/14/0_14_20.wav
8972	8	./AudioMNIST/data/34/8_34_8.wav
8973	7	./AudioMNIST/data/17/7_17_29.wav
8974	7	./AudioMNIST/data/40/7_40_26.wav
8975	9	./AudioMNIST/data/17/9_17_13.wav
8976	9	./AudioMNIST/data/48/9_48_34.wav
8977	9	./AudioMNIST/data/48/9_48_44.wav
8978	6	./AudioMNIST/data/60/6_60_34.wav
8979	8	./AudioMNIST/data/57/8_57_29.wav
8980	2	./AudioMNIST/data/05/2_05_19.wav
8981	9	./AudioMNIST/data/12/9_12_6.wav
8982	9	./AudioMNIST/data/15/9_15_33.wav
8983	3	./AudioMNIST/data/57/3_57_38.wav
8984	7	./AudioMNIST/data/34/7_34_28.wav
8985	1	./AudioMNIST/data/38/1_38_14.wav
8986	4	./AudioMNIST/data/51/4_51_1.wav
8987	7	./AudioMNIST/data/58/7_58_32.wav
8988	1	./AudioMNIST/data/33/1_33_39.wav
8989	5	./AudioMNIST/data/19/5_19_30.wav
8990	1	./AudioMNIST/data/40/1_40_10.wav
8991	3	./AudioMNIST/data/24/3_24_35.wav
8992	1	./AudioMNIST/data/06/1_06_15.wav
8993	0	./AudioMNIST/data/13/0_13_20.wav
8994	3	./AudioMNIST/data/08/3_08_7.wav
8995	0	./AudioMNIST/data/17/0_17_37.wav
8996	8	./AudioMNIST/data/49/8_49_1.wav
8997	7	./AudioMNIST/data/12/7_12_37.wav
8998	0	./AudioMNIST/data/39/0_39_31.wav
8999	7	./AudioMNIST/data/47/7_47_18.wav
9000	2	./AudioMNIST/data/60/2_60_32.wav
9001	7	./AudioMNIST/data/19/7_19_48.wav
9002	9	./AudioMNIST/data/21/9_21_43.wav
9003	2	./AudioMNIST/data/39/2_39_47.wav
9004	8	./AudioMNIST/data/07/8_07_31.wav
9005	8	./AudioMNIST/data/01/8_01_45.wav
9006	0	./AudioMNIST/data/59/0_59_26.wav
9007	5	./AudioMNIST/data/21/5_21_2.wav
9008	5	./AudioMNIST/data/08/5_08_48.wav
9009	3	./AudioMNIST/data/27/3_27_40.wav
9010	6	./AudioMNIST/data/34/6_34_7.wav
9011	7	./AudioMNIST/data/56/7_56_49.wav
9012	7	./AudioMNIST/data/42/7_42_32.wav
9013	1	./AudioMNIST/data/25/1_25_10.wav
9014	5	./AudioMNIST/data/50/5_50_30.wav
9015	2	./AudioMNIST/data/31/2_31_4.wav
9016	1	./AudioMNIST/data/51/1_51_35.wav
9017	8	./AudioMNIST/data/14/8_14_7.wav
9018	1	./AudioMNIST/data/02/1_02_9.wav
9019	9	./AudioMNIST/data/27/9_27_32.wav
9020	7	./AudioMNIST/data/09/7_09_32.wav
9021	2	./AudioMNIST/data/46/2_46_45.wav
9022	4	./AudioMNIST/data/18/4_18_28.wav
9023	8	./AudioMNIST/data/16/8_16_10.wav
9024	5	./AudioMNIST/data/33/5_33_31.wav
9025	3	./AudioMNIST/data/29/3_29_7.wav
9026	6	./AudioMNIST/data/11/6_11_46.wav
9027	2	./AudioMNIST/data/13/2_13_32.wav
9028	1	./AudioMNIST/data/44/1_44_48.wav
9029	3	./AudioMNIST/data/07/3_07_9.wav
9030	6	./AudioMNIST/data/23/6_23_18.wav
9031	6	./AudioMNIST/data/24/6_24_12.wav
9032	0	./AudioMNIST/data/46/0_46_47.wav
9033	6	./AudioMNIST/data/54/6_54_39.wav
9034	8	./AudioMNIST/data/40/8_40_35.wav
9035	7	./AudioMNIST/data/59/7_59_44.wav
9036	8	./AudioMNIST/data/44/8_44_9.wav
9037	6	./AudioMNIST/data/03/6_03_48.wav
9038	3	./AudioMNIST/data/29/3_29_13.wav
9039	5	./AudioMNIST/data/56/5_56_36.wav
9040	6	./AudioMNIST/data/31/6_31_47.wav
9041	5	./AudioMNIST/data/16/5_16_8.wav
9042	5	./AudioMNIST/data/55/5_55_32.wav
9043	9	./AudioMNIST/data/55/9_55_16.wav
9044	3	./AudioMNIST/data/54/3_54_47.wav
9045	7	./AudioMNIST/data/13/7_13_8.wav
9046	2	./AudioMNIST/data/06/2_06_18.wav
9047	3	./AudioMNIST/data/59/3_59_48.wav
9048	4	./AudioMNIST/data/58/4_58_12.wav
9049	9	./AudioMNIST/data/13/9_13_22.wav
9050	8	./AudioMNIST/data/38/8_38_34.wav
9051	8	./AudioMNIST/data/12/8_12_40.wav
9052	9	./AudioMNIST/data/10/9_10_31.wav
9053	2	./AudioMNIST/data/06/2_06_4.wav
9054	0	./AudioMNIST/data/46/0_46_8.wav
9055	1	./AudioMNIST/data/31/1_31_15.wav
9056	7	./AudioMNIST/data/49/7_49_18.wav
9057	8	./AudioMNIST/data/04/8_04_23.wav
9058	3	./AudioMNIST/data/37/3_37_34.wav
9059	7	./AudioMNIST/data/28/7_28_32.wav
9060	3	./AudioMNIST/data/20/3_20_2.wav
9061	7	./AudioMNIST/data/23/7_23_12.wav
9062	5	./AudioMNIST/data/50/5_50_6.wav
9063	7	./AudioMNIST/data/28/7_28_49.wav
9064	9	./AudioMNIST/data/49/9_49_8.wav
9065	5	./AudioMNIST/data/11/5_11_38.wav
9066	0	./AudioMNIST/data/19/0_19_45.wav
9067	9	./AudioMNIST/data/30/9_30_32.wav
9068	2	./AudioMNIST/data/21/2_21_30.wav
9069	9	./AudioMNIST/data/31/9_31_2.wav
9070	9	./AudioMNIST/data/46/9_46_13.wav
9071	1	./AudioMNIST/data/48/1_48_48.wav
9072	6	./AudioMNIST/data/39/6_39_38.wav
9073	2	./AudioMNIST/data/15/2_15_48.wav
9074	3	./AudioMNIST/data/05/3_05_46.wav
9075	9	./AudioMNIST/data/56/9_56_42.wav
9076	1	./AudioMNIST/data/03/1_03_22.wav
9077	1	./AudioMNIST/data/42/1_42_6.wav
9078	0	./AudioMNIST/data/34/0_34_21.wav
9079	9	./AudioMNIST/data/21/9_21_18.wav
9080	5	./AudioMNIST/data/25/5_25_0.wav
9081	8	./AudioMNIST/data/52/8_52_45.wav
9082	9	./AudioMNIST/data/20/9_20_3.wav
9083	2	./AudioMNIST/data/19/2_19_22.wav
9084	7	./AudioMNIST/data/38/7_38_41.wav
9085	1	./AudioMNIST/data/43/1_43_45.wav
9086	7	./AudioMNIST/data/50/7_50_38.wav
9087	2	./AudioMNIST/data/18/2_18_23.wav
9088	7	./AudioMNIST/data/17/7_17_3.wav
9089	2	./AudioMNIST/data/55/2_55_30.wav
9090	3	./AudioMNIST/data/47/3_47_49.wav
9091	0	./AudioMNIST/data/15/0_15_17.wav
9092	3	./AudioMNIST/data/13/3_13_30.wav
9093	8	./AudioMNIST/data/39/8_39_11.wav
9094	4	./AudioMNIST/data/56/4_56_42.wav
9095	6	./AudioMNIST/data/57/6_57_13.wav
9096	3	./AudioMNIST/data/49/3_49_20.wav
9097	3	./AudioMNIST/data/54/3_54_30.wav
9098	5	./AudioMNIST/data/37/5_37_31.wav
9099	5	./AudioMNIST/data/03/5_03_33.wav
9100	2	./AudioMNIST/data/38/2_38_49.wav
9101	2	./AudioMNIST/data/08/2_08_15.wav
9102	9	./AudioMNIST/data/40/9_40_9.wav
9103	7	./AudioMNIST/data/10/7_10_17.wav
9104	3	./AudioMNIST/data/42/3_42_32.wav
9105	8	./AudioMNIST/data/51/8_51_22.wav
9106	7	./AudioMNIST/data/02/7_02_10.wav
9107	1	./AudioMNIST/data/07/1_07_14.wav
9108	6	./AudioMNIST/data/33/6_33_45.wav
9109	8	./AudioMNIST/data/25/8_25_2.wav
9110	3	./AudioMNIST/data/01/3_01_14.wav
9111	3	./AudioMNIST/data/06/3_06_44.wav
9112	1	./AudioMNIST/data/08/1_08_12.wav
9113	4	./AudioMNIST/data/46/4_46_39.wav
9114	1	./AudioMNIST/data/59/1_59_4.wav
9115	3	./AudioMNIST/data/56/3_56_5.wav
9116	9	./AudioMNIST/data/36/9_36_9.wav
9117	7	./AudioMNIST/data/26/7_26_24.wav
9118	1	./AudioMNIST/data/46/1_46_5.wav
9119	3	./AudioMNIST/data/45/3_45_40.wav
9120	2	./AudioMNIST/data/33/2_33_23.wav
9121	0	./AudioMNIST/data/18/0_18_12.wav
9122	3	./AudioMNIST/data/26/3_26_18.wav
9123	2	./AudioMNIST/data/32/2_32_48.wav
9124	9	./AudioMNIST/data/58/9_58_40.wav
9125	4	./AudioMNIST/data/09/4_09_10.wav
9126	2	./AudioMNIST/data/25/2_25_44.wav
9127	3	./AudioMNIST/data/36/3_36_38.wav
9128	5	./AudioMNIST/data/02/5_02_10.wav
9129	8	./AudioMNIST/data/19/8_19_48.wav
9130	2	./AudioMNIST/data/16/2_16_31.wav
9131	4	./AudioMNIST/data/29/4_29_7.wav
9132	4	./AudioMNIST/data/50/4_50_17.wav
9133	0	./AudioMNIST/data/20/0_20_20.wav
9134	7	./AudioMNIST/data/60/7_60_12.wav
9135	8	./AudioMNIST/data/31/8_31_23.wav
9136	7	./AudioMNIST/data/24/7_24_11.wav
9137	7	./AudioMNIST/data/28/7_28_40.wav
9138	3	./AudioMNIST/data/05/3_05_18.wav
9139	8	./AudioMNIST/data/37/8_37_39.wav
9140	6	./AudioMNIST/data/14/6_14_21.wav
9141	9	./AudioMNIST/data/19/9_19_7.wav
9142	7	./AudioMNIST/data/28/7_28_21.wav
9143	4	./AudioMNIST/data/30/4_30_36.wav
9144	4	./AudioMNIST/data/49/4_49_20.wav
9145	2	./AudioMNIST/data/06/2_06_1.wav
9146	5	./AudioMNIST/data/32/5_32_11.wav
9147	5	./AudioMNIST/data/21/5_21_45.wav
9148	4	./AudioMNIST/data/58/4_58_40.wav
9149	7	./AudioMNIST/data/12/7_12_45.wav
9150	1	./AudioMNIST/data/24/1_24_5.wav
9151	1	./AudioMNIST/data/39/1_39_20.wav
9152	9	./AudioMNIST/data/32/9_32_7.wav
9153	1	./AudioMNIST/data/29/1_29_42.wav
9154	5	./AudioMNIST/data/01/5_01_4.wav
9155	0	./AudioMNIST/data/59/0_59_27.wav
9156	7	./AudioMNIST/data/17/7_17_7.wav
9157	0	./AudioMNIST/data/09/0_09_49.wav
9158	4	./AudioMNIST/data/16/4_16_26.wav
9159	5	./AudioMNIST/data/15/5_15_4.wav
9160	1	./AudioMNIST/data/38/1_38_17.wav
9161	4	./AudioMNIST/data/23/4_23_27.wav
9162	6	./AudioMNIST/data/48/6_48_25.wav
9163	6	./AudioMNIST/data/19/6_19_6.wav
9164	7	./AudioMNIST/data/52/7_52_29.wav
9165	7	./AudioMNIST/data/35/7_35_19.wav
9166	9	./AudioMNIST/data/30/9_30_40.wav
9167	5	./AudioMNIST/data/48/5_48_23.wav
9168	8	./AudioMNIST/data/19/8_19_49.wav
9169	4	./AudioMNIST/data/04/4_04_35.wav
9170	0	./AudioMNIST/data/09/0_09_3.wav
9171	9	./AudioMNIST/data/22/9_22_34.wav
9172	2	./AudioMNIST/data/01/2_01_4.wav
9173	1	./AudioMNIST/data/11/1_11_46.wav
9174	7	./AudioMNIST/data/50/7_50_45.wav
9175	8	./AudioMNIST/data/42/8_42_39.wav
9176	8	./AudioMNIST/data/30/8_30_24.wav
9177	8	./AudioMNIST/data/49/8_49_19.wav
9178	9	./AudioMNIST/data/02/9_02_13.wav
9179	8	./AudioMNIST/data/43/8_43_29.wav
9180	6	./AudioMNIST/data/03/6_03_28.wav
9181	9	./AudioMNIST/data/28/9_28_33.wav
9182	2	./AudioMNIST/data/30/2_30_14.wav
9183	0	./AudioMNIST/data/27/0_27_38.wav
9184	0	./AudioMNIST/data/36/0_36_34.wav
9185	4	./AudioMNIST/data/01/4_01_32.wav
9186	7	./AudioMNIST/data/52/7_52_36.wav
9187	9	./AudioMNIST/data/38/9_38_28.wav
9188	0	./AudioMNIST/data/13/0_13_7.wav
9189	0	./AudioMNIST/data/21/0_21_32.wav
9190	0	./AudioMNIST/data/10/0_10_41.wav
9191	6	./AudioMNIST/data/34/6_34_48.wav
9192	7	./AudioMNIST/data/16/7_16_5.wav
9193	8	./AudioMNIST/data/24/8_24_7.wav
9194	4	./AudioMNIST/data/05/4_05_7.wav
9195	7	./AudioMNIST/data/13/7_13_24.wav
9196	4	./AudioMNIST/data/16/4_16_29.wav
9197	5	./AudioMNIST/data/46/5_46_13.wav
9198	3	./AudioMNIST/data/09/3_09_20.wav
9199	7	./AudioMNIST/data/57/7_57_10.wav
9200	6	./AudioMNIST/data/42/6_42_4.wav
9201	6	./AudioMNIST/data/09/6_09_42.wav
9202	1	./AudioMNIST/data/46/1_46_6.wav
9203	8	./AudioMNIST/data/07/8_07_49.wav
9204	4	./AudioMNIST/data/30/4_30_44.wav
9205	2	./AudioMNIST/data/01/2_01_6.wav
9206	8	./AudioMNIST/data/16/8_16_46.wav
9207	5	./AudioMNIST/data/01/5_01_28.wav
9208	3	./AudioMNIST/data/35/3_35_19.wav
9209	2	./AudioMNIST/data/19/2_19_5.wav
9210	5	./AudioMNIST/data/39/5_39_27.wav
9211	6	./AudioMNIST/data/14/6_14_23.wav
9212	9	./AudioMNIST/data/09/9_09_13.wav
9213	9	./AudioMNIST/data/55/9_55_4.wav
9214	6	./AudioMNIST/data/28/6_28_24.wav
9215	3	./AudioMNIST/data/39/3_39_12.wav
9216	6	./AudioMNIST/data/27/6_27_17.wav
9217	0	./AudioMNIST/data/43/0_43_20.wav
9218	9	./AudioMNIST/data/09/9_09_12.wav
9219	3	./AudioMNIST/data/60/3_60_37.wav
9220	7	./AudioMNIST/data/48/7_48_8.wav
9221	6	./AudioMNIST/data/47/6_47_43.wav
9222	8	./AudioMNIST/data/01/8_01_11.wav
9223	0	./AudioMNIST/data/50/0_50_32.wav
9224	8	./AudioMNIST/data/29/8_29_12.wav
9225	5	./AudioMNIST/data/16/5_16_40.wav
9226	7	./AudioMNIST/data/38/7_38_43.wav
9227	9	./AudioMNIST/data/33/9_33_8.wav
9228	3	./AudioMNIST/data/04/3_04_47.wav
9229	2	./AudioMNIST/data/27/2_27_7.wav
9230	8	./AudioMNIST/data/49/8_49_6.wav
9231	3	./AudioMNIST/data/37/3_37_28.wav
9232	5	./AudioMNIST/data/19/5_19_12.wav
9233	3	./AudioMNIST/data/31/3_31_2.wav
9234	6	./AudioMNIST/data/49/6_49_30.wav
9235	5	./AudioMNIST/data/57/5_57_27.wav
9236	4	./AudioMNIST/data/18/4_18_33.wav
9237	1	./AudioMNIST/data/57/1_57_20.wav
9238	9	./AudioMNIST/data/02/9_02_4.wav
9239	8	./AudioMNIST/data/15/8_15_42.wav
9240	3	./AudioMNIST/data/58/3_58_6.wav
9241	2	./AudioMNIST/data/19/2_19_4.wav
9242	8	./AudioMNIST/data/08/8_08_28.wav
9243	6	./AudioMNIST/data/54/6_54_49.wav
9244	1	./AudioMNIST/data/25/1_25_4.wav
9245	2	./AudioMNIST/data/57/2_57_20.wav
9246	3	./AudioMNIST/data/40/3_40_46.wav
9247	7	./AudioMNIST/data/36/7_36_35.wav
9248	3	./AudioMNIST/data/43/3_43_8.wav
9249	5	./AudioMNIST/data/58/5_58_36.wav
9250	4	./AudioMNIST/data/24/4_24_0.wav
9251	2	./AudioMNIST/data/31/2_31_11.wav
9252	1	./AudioMNIST/data/28/1_28_15.wav
9253	9	./AudioMNIST/data/42/9_42_18.wav
9254	6	./AudioMNIST/data/33/6_33_47.wav
9255	5	./AudioMNIST/data/36/5_36_11.wav
9256	1	./AudioMNIST/data/44/1_44_13.wav
9257	0	./AudioMNIST/data/42/0_42_39.wav
9258	1	./AudioMNIST/data/45/1_45_25.wav
9259	1	./AudioMNIST/data/49/1_49_27.wav
9260	5	./AudioMNIST/data/47/5_47_23.wav
9261	1	./AudioMNIST/data/57/1_57_15.wav
9262	7	./AudioMNIST/data/56/7_56_36.wav
9263	9	./AudioMNIST/data/19/9_19_32.wav
9264	6	./AudioMNIST/data/23/6_23_9.wav
9265	2	./AudioMNIST/data/20/2_20_31.wav
9266	5	./AudioMNIST/data/60/5_60_6.wav
9267	0	./AudioMNIST/data/50/0_50_25.wav
9268	1	./AudioMNIST/data/12/1_12_1.wav
9269	5	./AudioMNIST/data/24/5_24_3.wav
9270	9	./AudioMNIST/data/19/9_19_35.wav
9271	1	./AudioMNIST/data/58/1_58_46.wav
9272	9	./AudioMNIST/data/43/9_43_19.wav
9273	2	./AudioMNIST/data/19/2_19_10.wav
9274	0	./AudioMNIST/data/27/0_27_15.wav
9275	0	./AudioMNIST/data/19/0_19_8.wav
9276	0	./AudioMNIST/data/25/0_25_24.wav
9277	2	./AudioMNIST/data/44/2_44_13.wav
9278	9	./AudioMNIST/data/53/9_53_20.wav
9279	9	./AudioMNIST/data/55/9_55_18.wav
9280	8	./AudioMNIST/data/26/8_26_27.wav
9281	4	./AudioMNIST/data/29/4_29_49.wav
9282	8	./AudioMNIST/data/37/8_37_31.wav
9283	8	./AudioMNIST/data/10/8_10_19.wav
9284	0	./AudioMNIST/data/50/0_50_4.wav
9285	9	./AudioMNIST/data/26/9_26_19.wav
9286	7	./AudioMNIST/data/25/7_25_6.wav
9287	4	./AudioMNIST/data/04/4_04_20.wav
9288	7	./AudioMNIST/data/22/7_22_11.wav
9289	0	./AudioMNIST/data/60/0_60_6.wav
9290	6	./AudioMNIST/data/13/6_13_29.wav
9291	2	./AudioMNIST/data/46/2_46_30.wav
9292	7	./AudioMNIST/data/46/7_46_10.wav
9293	8	./AudioMNIST/data/07/8_07_37.wav
9294	8	./AudioMNIST/data/28/8_28_17.wav
9295	3	./AudioMNIST/data/31/3_31_16.wav
9296	8	./AudioMNIST/data/27/8_27_24.wav
9297	5	./AudioMNIST/data/48/5_48_36.wav
9298	1	./AudioMNIST/data/39/1_39_26.wav
9299	1	./AudioMNIST/data/21/1_21_3.wav
9300	9	./AudioMNIST/data/15/9_15_32.wav
9301	7	./AudioMNIST/data/57/7_57_30.wav
9302	2	./AudioMNIST/data/54/2_54_28.wav
9303	2	./AudioMNIST/data/54/2_54_44.wav
9304	3	./AudioMNIST/data/35/3_35_32.wav
9305	8	./AudioMNIST/data/12/8_12_16.wav
9306	9	./AudioMNIST/data/39/9_39_16.wav
9307	6	./AudioMNIST/data/30/6_30_13.wav
9308	2	./AudioMNIST/data/55/2_55_49.wav
9309	8	./AudioMNIST/data/28/8_28_42.wav
9310	4	./AudioMNIST/data/19/4_19_23.wav
9311	6	./AudioMNIST/data/32/6_32_17.wav
9312	5	./AudioMNIST/data/33/5_33_4.wav
9313	5	./AudioMNIST/data/57/5_57_9.wav
9314	9	./AudioMNIST/data/02/9_02_3.wav
9315	3	./AudioMNIST/data/31/3_31_11.wav
9316	4	./AudioMNIST/data/22/4_22_32.wav
9317	0	./AudioMNIST/data/54/0_54_0.wav
9318	7	./AudioMNIST/data/53/7_53_36.wav
9319	8	./AudioMNIST/data/45/8_45_9.wav
9320	0	./AudioMNIST/data/18/0_18_37.wav
9321	7	./AudioMNIST/data/41/7_41_42.wav
9322	7	./AudioMNIST/data/09/7_09_1.wav
9323	5	./AudioMNIST/data/28/5_28_37.wav
9324	7	./AudioMNIST/data/43/7_43_24.wav
9325	8	./AudioMNIST/data/41/8_41_21.wav
9326	9	./AudioMNIST/data/19/9_19_38.wav
9327	4	./AudioMNIST/data/25/4_25_21.wav
9328	9	./AudioMNIST/data/10/9_10_37.wav
9329	6	./AudioMNIST/data/56/6_56_34.wav
9330	4	./AudioMNIST/data/25/4_25_35.wav
9331	8	./AudioMNIST/data/19/8_19_19.wav
9332	2	./AudioMNIST/data/53/2_53_21.wav
9333	6	./AudioMNIST/data/14/6_14_27.wav
9334	4	./AudioMNIST/data/55/4_55_24.wav
9335	1	./AudioMNIST/data/57/1_57_45.wav
9336	3	./AudioMNIST/data/43/3_43_11.wav
9337	9	./AudioMNIST/data/37/9_37_24.wav
9338	3	./AudioMNIST/data/05/3_05_40.wav
9339	5	./AudioMNIST/data/43/5_43_30.wav
9340	0	./AudioMNIST/data/21/0_21_28.wav
9341	8	./AudioMNIST/data/21/8_21_1.wav
9342	4	./AudioMNIST/data/23/4_23_37.wav
9343	3	./AudioMNIST/data/58/3_58_32.wav
9344	1	./AudioMNIST/data/57/1_57_11.wav
9345	9	./AudioMNIST/data/11/9_11_0.wav
9346	3	./AudioMNIST/data/03/3_03_46.wav
9347	1	./AudioMNIST/data/09/1_09_20.wav
9348	1	./AudioMNIST/data/36/1_36_18.wav
9349	1	./AudioMNIST/data/15/1_15_7.wav
9350	2	./AudioMNIST/data/48/2_48_40.wav
9351	6	./AudioMNIST/data/22/6_22_43.wav
9352	4	./AudioMNIST/data/03/4_03_24.wav
9353	6	./AudioMNIST/data/41/6_41_37.wav
9354	8	./AudioMNIST/data/39/8_39_47.wav
9355	2	./AudioMNIST/data/60/2_60_13.wav
9356	4	./AudioMNIST/data/18/4_18_47.wav
9357	7	./AudioMNIST/data/02/7_02_38.wav
9358	4	./AudioMNIST/data/58/4_58_31.wav
9359	4	./AudioMNIST/data/21/4_21_37.wav
9360	5	./AudioMNIST/data/15/5_15_44.wav
9361	9	./AudioMNIST/data/54/9_54_5.wav
9362	2	./AudioMNIST/data/16/2_16_49.wav
9363	6	./AudioMNIST/data/29/6_29_11.wav
9364	2	./AudioMNIST/data/13/2_13_49.wav
9365	9	./AudioMNIST/data/32/9_32_25.wav
9366	8	./AudioMNIST/data/06/8_06_31.wav
9367	4	./AudioMNIST/data/29/4_29_13.wav
9368	0	./AudioMNIST/data/08/0_08_27.wav
9369	4	./AudioMNIST/data/07/4_07_15.wav
9370	4	./AudioMNIST/data/36/4_36_15.wav
9371	3	./AudioMNIST/data/26/3_26_46.wav
9372	5	./AudioMNIST/data/57/5_57_45.wav
9373	3	./AudioMNIST/data/23/3_23_21.wav
9374	9	./AudioMNIST/data/01/9_01_28.wav
9375	4	./AudioMNIST/data/03/4_03_4.wav
9376	2	./AudioMNIST/data/37/2_37_40.wav
9377	2	./AudioMNIST/data/32/2_32_19.wav
9378	7	./AudioMNIST/data/53/7_53_37.wav
9379	6	./AudioMNIST/data/39/6_39_45.wav
9380	2	./AudioMNIST/data/28/2_28_15.wav
9381	3	./AudioMNIST/data/43/3_43_30.wav
9382	6	./AudioMNIST/data/60/6_60_48.wav
9383	8	./AudioMNIST/data/05/8_05_1.wav
9384	1	./AudioMNIST/data/44/1_44_44.wav
9385	4	./AudioMNIST/data/09/4_09_46.wav
9386	5	./AudioMNIST/data/22/5_22_20.wav
9387	5	./AudioMNIST/data/20/5_20_43.wav
9388	8	./AudioMNIST/data/19/8_19_34.wav
9389	1	./AudioMNIST/data/40/1_40_11.wav
9390	9	./AudioMNIST/data/38/9_38_49.wav
9391	6	./AudioMNIST/data/35/6_35_21.wav
9392	7	./AudioMNIST/data/01/7_01_18.wav
9393	4	./AudioMNIST/data/03/4_03_25.wav
9394	0	./AudioMNIST/data/42/0_42_38.wav
9395	4	./AudioMNIST/data/24/4_24_13.wav
9396	7	./AudioMNIST/data/53/7_53_14.wav
9397	0	./AudioMNIST/data/59/0_59_46.wav
9398	8	./AudioMNIST/data/21/8_21_26.wav
9399	3	./AudioMNIST/data/46/3_46_47.wav
9400	0	./AudioMNIST/data/24/0_24_29.wav
9401	8	./AudioMNIST/data/43/8_43_10.wav
9402	4	./AudioMNIST/data/32/4_32_39.wav
9403	2	./AudioMNIST/data/48/2_48_44.wav
9404	6	./AudioMNIST/data/52/6_52_43.wav
9405	2	./AudioMNIST/data/28/2_28_46.wav
9406	4	./AudioMNIST/data/03/4_03_12.wav
9407	6	./AudioMNIST/data/12/6_12_46.wav
9408	2	./AudioMNIST/data/54/2_54_38.wav
9409	9	./AudioMNIST/data/15/9_15_20.wav
9410	2	./AudioMNIST/data/18/2_18_28.wav
9411	0	./AudioMNIST/data/09/0_09_9.wav
9412	9	./AudioMNIST/data/24/9_24_46.wav
9413	3	./AudioMNIST/data/03/3_03_12.wav
9414	0	./AudioMNIST/data/58/0_58_13.wav
9415	2	./AudioMNIST/data/06/2_06_36.wav
9416	2	./AudioMNIST/data/35/2_35_15.wav
9417	4	./AudioMNIST/data/48/4_48_15.wav
9418	3	./AudioMNIST/data/45/3_45_0.wav
9419	0	./AudioMNIST/data/26/0_26_34.wav
9420	4	./AudioMNIST/data/09/4_09_48.wav
9421	1	./AudioMNIST/data/33/1_33_34.wav
9422	6	./AudioMNIST/data/21/6_21_15.wav
9423	5	./AudioMNIST/data/55/5_55_38.wav
9424	0	./AudioMNIST/data/24/0_24_20.wav
9425	4	./AudioMNIST/data/23/4_23_49.wav
9426	3	./AudioMNIST/data/08/3_08_37.wav
9427	7	./AudioMNIST/data/24/7_24_15.wav
9428	6	./AudioMNIST/data/27/6_27_0.wav
9429	6	./AudioMNIST/data/31/6_31_30.wav
9430	0	./AudioMNIST/data/26/0_26_28.wav
9431	6	./AudioMNIST/data/18/6_18_29.wav
9432	6	./AudioMNIST/data/28/6_28_43.wav
9433	7	./AudioMNIST/data/25/7_25_18.wav
9434	2	./AudioMNIST/data/50/2_50_27.wav
9435	4	./AudioMNIST/data/46/4_46_46.wav
9436	8	./AudioMNIST/data/10/8_10_14.wav
9437	3	./AudioMNIST/data/02/3_02_23.wav
9438	9	./AudioMNIST/data/46/9_46_6.wav
9439	4	./AudioMNIST/data/40/4_40_27.wav
9440	2	./AudioMNIST/data/55/2_55_8.wav
9441	5	./AudioMNIST/data/47/5_47_0.wav
9442	4	./AudioMNIST/data/34/4_34_33.wav
9443	5	./AudioMNIST/data/58/5_58_34.wav
9444	0	./AudioMNIST/data/49/0_49_30.wav
9445	5	./AudioMNIST/data/11/5_11_22.wav
9446	8	./AudioMNIST/data/42/8_42_11.wav
9447	8	./AudioMNIST/data/41/8_41_47.wav
9448	8	./AudioMNIST/data/54/8_54_3.wav
9449	0	./AudioMNIST/data/52/0_52_40.wav
9450	6	./AudioMNIST/data/50/6_50_46.wav
9451	4	./AudioMNIST/data/05/4_05_16.wav
9452	0	./AudioMNIST/data/50/0_50_33.wav
9453	4	./AudioMNIST/data/60/4_60_42.wav
9454	6	./AudioMNIST/data/10/6_10_22.wav
9455	9	./AudioMNIST/data/53/9_53_2.wav
9456	6	./AudioMNIST/data/48/6_48_20.wav
9457	2	./AudioMNIST/data/01/2_01_2.wav
9458	6	./AudioMNIST/data/52/6_52_46.wav
9459	9	./AudioMNIST/data/58/9_58_34.wav
9460	4	./AudioMNIST/data/44/4_44_29.wav
9461	0	./AudioMNIST/data/56/0_56_34.wav
9462	7	./AudioMNIST/data/48/7_48_45.wav
9463	5	./AudioMNIST/data/31/5_31_6.wav
9464	4	./AudioMNIST/data/54/4_54_19.wav
9465	1	./AudioMNIST/data/04/1_04_48.wav
9466	0	./AudioMNIST/data/16/0_16_44.wav
9467	7	./AudioMNIST/data/43/7_43_21.wav
9468	1	./AudioMNIST/data/52/1_52_33.wav
9469	7	./AudioMNIST/data/30/7_30_30.wav
9470	5	./AudioMNIST/data/59/5_59_35.wav
9471	8	./AudioMNIST/data/03/8_03_35.wav
9472	7	./AudioMNIST/data/47/7_47_34.wav
9473	0	./AudioMNIST/data/40/0_40_45.wav
9474	9	./AudioMNIST/data/37/9_37_22.wav
9475	3	./AudioMNIST/data/30/3_30_11.wav
9476	1	./AudioMNIST/data/58/1_58_48.wav
9477	7	./AudioMNIST/data/15/7_15_46.wav
9478	3	./AudioMNIST/data/11/3_11_15.wav
9479	2	./AudioMNIST/data/57/2_57_12.wav
9480	2	./AudioMNIST/data/14/2_14_10.wav
9481	3	./AudioMNIST/data/37/3_37_31.wav
9482	8	./AudioMNIST/data/38/8_38_35.wav
9483	7	./AudioMNIST/data/23/7_23_49.wav
9484	4	./AudioMNIST/data/15/4_15_32.wav
9485	3	./AudioMNIST/data/54/3_54_36.wav
9486	3	./AudioMNIST/data/18/3_18_41.wav
9487	1	./AudioMNIST/data/41/1_41_25.wav
9488	3	./AudioMNIST/data/29/3_29_44.wav
9489	9	./AudioMNIST/data/29/9_29_45.wav
9490	9	./AudioMNIST/data/23/9_23_27.wav
9491	9	./AudioMNIST/data/41/9_41_9.wav
9492	5	./AudioMNIST/data/48/5_48_12.wav
9493	7	./AudioMNIST/data/43/7_43_46.wav
9494	3	./AudioMNIST/data/48/3_48_15.wav
9495	9	./AudioMNIST/data/21/9_21_42.wav
9496	0	./AudioMNIST/data/59/0_59_35.wav
9497	6	./AudioMNIST/data/29/6_29_15.wav
9498	6	./AudioMNIST/data/32/6_32_48.wav
9499	9	./AudioMNIST/data/20/9_20_0.wav
9500	7	./AudioMNIST/data/18/7_18_39.wav
9501	1	./AudioMNIST/data/19/1_19_49.wav
9502	6	./AudioMNIST/data/53/6_53_17.wav
9503	5	./AudioMNIST/data/23/5_23_42.wav
9504	6	./AudioMNIST/data/13/6_13_18.wav
9505	3	./AudioMNIST/data/27/3_27_36.wav
9506	1	./AudioMNIST/data/23/1_23_6.wav
9507	7	./AudioMNIST/data/59/7_59_19.wav
9508	2	./AudioMNIST/data/22/2_22_42.wav
9509	6	./AudioMNIST/data/21/6_21_32.wav
9510	2	./AudioMNIST/data/32/2_32_22.wav
9511	4	./AudioMNIST/data/23/4_23_38.wav
9512	8	./AudioMNIST/data/32/8_32_23.wav
9513	1	./AudioMNIST/data/59/1_59_25.wav
9514	5	./AudioMNIST/data/16/5_16_35.wav
9515	9	./AudioMNIST/data/54/9_54_44.wav
9516	8	./AudioMNIST/data/08/8_08_25.wav
9517	0	./AudioMNIST/data/50/0_50_42.wav
9518	8	./AudioMNIST/data/06/8_06_9.wav
9519	6	./AudioMNIST/data/53/6_53_41.wav
9520	9	./AudioMNIST/data/22/9_22_26.wav
9521	2	./AudioMNIST/data/30/2_30_9.wav
9522	1	./AudioMNIST/data/26/1_26_2.wav
9523	6	./AudioMNIST/data/56/6_56_29.wav
9524	0	./AudioMNIST/data/08/0_08_40.wav
9525	9	./AudioMNIST/data/02/9_02_43.wav
9526	7	./AudioMNIST/data/19/7_19_9.wav
9527	1	./AudioMNIST/data/47/1_47_33.wav
9528	9	./AudioMNIST/data/44/9_44_42.wav
9529	2	./AudioMNIST/data/17/2_17_42.wav
9530	1	./AudioMNIST/data/55/1_55_16.wav
9531	8	./AudioMNIST/data/05/8_05_33.wav
9532	1	./AudioMNIST/data/12/1_12_14.wav
9533	3	./AudioMNIST/data/36/3_36_37.wav
9534	0	./AudioMNIST/data/29/0_29_18.wav
9535	7	./AudioMNIST/data/34/7_34_37.wav
9536	4	./AudioMNIST/data/12/4_12_28.wav
9537	0	./AudioMNIST/data/53/0_53_19.wav
9538	5	./AudioMNIST/data/27/5_27_8.wav
9539	4	./AudioMNIST/data/49/4_49_35.wav
9540	7	./AudioMNIST/data/29/7_29_14.wav
9541	9	./AudioMNIST/data/34/9_34_4.wav
9542	6	./AudioMNIST/data/36/6_36_1.wav
9543	0	./AudioMNIST/data/59/0_59_47.wav
9544	4	./AudioMNIST/data/35/4_35_33.wav
9545	0	./AudioMNIST/data/25/0_25_6.wav
9546	3	./AudioMNIST/data/50/3_50_16.wav
9547	7	./AudioMNIST/data/56/7_56_19.wav
9548	1	./AudioMNIST/data/53/1_53_49.wav
9549	2	./AudioMNIST/data/38/2_38_30.wav
9550	7	./AudioMNIST/data/14/7_14_35.wav
9551	4	./AudioMNIST/data/46/4_46_6.wav
9552	5	./AudioMNIST/data/09/5_09_14.wav
9553	8	./AudioMNIST/data/58/8_58_40.wav
9554	5	./AudioMNIST/data/10/5_10_23.wav
9555	5	./AudioMNIST/data/46/5_46_19.wav
9556	0	./AudioMNIST/data/47/0_47_3.wav
9557	6	./AudioMNIST/data/01/6_01_16.wav
9558	5	./AudioMNIST/data/47/5_47_25.wav
9559	2	./AudioMNIST/data/11/2_11_41.wav
9560	4	./AudioMNIST/data/16/4_16_48.wav
9561	6	./AudioMNIST/data/40/6_40_25.wav
9562	2	./AudioMNIST/data/03/2_03_15.wav
9563	8	./AudioMNIST/data/15/8_15_16.wav
9564	4	./AudioMNIST/data/46/4_46_2.wav
9565	2	./AudioMNIST/data/38/2_38_5.wav
9566	1	./AudioMNIST/data/07/1_07_6.wav
9567	6	./AudioMNIST/data/09/6_09_7.wav
9568	6	./AudioMNIST/data/42/6_42_30.wav
9569	3	./AudioMNIST/data/01/3_01_26.wav
9570	3	./AudioMNIST/data/51/3_51_16.wav
9571	5	./AudioMNIST/data/25/5_25_28.wav
9572	2	./AudioMNIST/data/18/2_18_11.wav
9573	0	./AudioMNIST/data/55/0_55_48.wav
9574	1	./AudioMNIST/data/07/1_07_3.wav
9575	8	./AudioMNIST/data/05/8_05_48.wav
9576	7	./AudioMNIST/data/32/7_32_35.wav
9577	6	./AudioMNIST/data/27/6_27_21.wav
9578	3	./AudioMNIST/data/07/3_07_21.wav
9579	1	./AudioMNIST/data/23/1_23_45.wav
9580	1	./AudioMNIST/data/40/1_40_42.wav
9581	7	./AudioMNIST/data/01/7_01_10.wav
9582	7	./AudioMNIST/data/36/7_36_16.wav
9583	7	./AudioMNIST/data/20/7_20_25.wav
9584	3	./AudioMNIST/data/12/3_12_14.wav
9585	2	./AudioMNIST/data/02/2_02_28.wav
9586	6	./AudioMNIST/data/49/6_49_48.wav
9587	0	./AudioMNIST/data/27/0_27_36.wav
9588	6	./AudioMNIST/data/54/6_54_31.wav
9589	8	./AudioMNIST/data/26/8_26_14.wav
9590	1	./AudioMNIST/data/37/1_37_35.wav
9591	8	./AudioMNIST/data/27/8_27_38.wav
9592	9	./AudioMNIST/data/37/9_37_27.wav
9593	2	./AudioMNIST/data/25/2_25_24.wav
9594	5	./AudioMNIST/data/11/5_11_44.wav
9595	9	./AudioMNIST/data/37/9_37_20.wav
9596	9	./AudioMNIST/data/38/9_38_14.wav
9597	5	./AudioMNIST/data/28/5_28_23.wav
9598	2	./AudioMNIST/data/01/2_01_1.wav
9599	5	./AudioMNIST/data/06/5_06_49.wav
9600	2	./AudioMNIST/data/25/2_25_5.wav
9601	5	./AudioMNIST/data/24/5_24_20.wav
9602	2	./AudioMNIST/data/10/2_10_27.wav
9603	0	./AudioMNIST/data/42/0_42_27.wav
9604	2	./AudioMNIST/data/13/2_13_38.wav
9605	2	./AudioMNIST/data/10/2_10_11.wav
9606	6	./AudioMNIST/data/57/6_57_3.wav
9607	2	./AudioMNIST/data/54/2_54_49.wav
9608	1	./AudioMNIST/data/38/1_38_5.wav
9609	7	./AudioMNIST/data/53/7_53_5.wav
9610	7	./AudioMNIST/data/51/7_51_34.wav
9611	2	./AudioMNIST/data/55/2_55_17.wav
9612	5	./AudioMNIST/data/43/5_43_15.wav
9613	5	./AudioMNIST/data/07/5_07_12.wav
9614	8	./AudioMNIST/data/42/8_42_35.wav
9615	2	./AudioMNIST/data/19/2_19_36.wav
9616	1	./AudioMNIST/data/39/1_39_7.wav
9617	2	./AudioMNIST/data/27/2_27_39.wav
9618	1	./AudioMNIST/data/42/1_42_45.wav
9619	6	./AudioMNIST/data/37/6_37_24.wav
9620	7	./AudioMNIST/data/35/7_35_20.wav
9621	8	./AudioMNIST/data/37/8_37_34.wav
9622	1	./AudioMNIST/data/30/1_30_48.wav
9623	8	./AudioMNIST/data/18/8_18_2.wav
9624	2	./AudioMNIST/data/19/2_19_24.wav
9625	1	./AudioMNIST/data/25/1_25_27.wav
9626	3	./AudioMNIST/data/36/3_36_9.wav
9627	8	./AudioMNIST/data/41/8_41_6.wav
9628	6	./AudioMNIST/data/44/6_44_21.wav
9629	4	./AudioMNIST/data/25/4_25_22.wav
9630	3	./AudioMNIST/data/28/3_28_11.wav
9631	2	./AudioMNIST/data/17/2_17_37.wav
9632	7	./AudioMNIST/data/18/7_18_15.wav
9633	1	./AudioMNIST/data/06/1_06_24.wav
9634	2	./AudioMNIST/data/31/2_31_25.wav
9635	4	./AudioMNIST/data/34/4_34_6.wav
9636	9	./AudioMNIST/data/59/9_59_1.wav
9637	0	./AudioMNIST/data/58/0_58_16.wav
9638	1	./AudioMNIST/data/35/1_35_0.wav
9639	9	./AudioMNIST/data/59/9_59_4.wav
9640	1	./AudioMNIST/data/08/1_08_49.wav
9641	7	./AudioMNIST/data/52/7_52_49.wav
9642	9	./AudioMNIST/data/39/9_39_11.wav
9643	7	./AudioMNIST/data/51/7_51_18.wav
9644	3	./AudioMNIST/data/55/3_55_30.wav
9645	4	./AudioMNIST/data/13/4_13_2.wav
9646	6	./AudioMNIST/data/12/6_12_14.wav
9647	7	./AudioMNIST/data/11/7_11_25.wav
9648	1	./AudioMNIST/data/34/1_34_40.wav
9649	6	./AudioMNIST/data/21/6_21_41.wav
9650	0	./AudioMNIST/data/50/0_50_26.wav
9651	3	./AudioMNIST/data/59/3_59_35.wav
9652	7	./AudioMNIST/data/59/7_59_34.wav
9653	8	./AudioMNIST/data/08/8_08_10.wav
9654	4	./AudioMNIST/data/37/4_37_29.wav
9655	6	./AudioMNIST/data/50/6_50_45.wav
9656	5	./AudioMNIST/data/48/5_48_31.wav
9657	8	./AudioMNIST/data/58/8_58_24.wav
9658	4	./AudioMNIST/data/28/4_28_7.wav
9659	0	./AudioMNIST/data/60/0_60_4.wav
9660	2	./AudioMNIST/data/17/2_17_19.wav
9661	1	./AudioMNIST/data/37/1_37_43.wav
9662	5	./AudioMNIST/data/26/5_26_33.wav
9663	9	./AudioMNIST/data/56/9_56_39.wav
9664	7	./AudioMNIST/data/55/7_55_31.wav
9665	0	./AudioMNIST/data/06/0_06_44.wav
9666	1	./AudioMNIST/data/47/1_47_43.wav
9667	6	./AudioMNIST/data/49/6_49_32.wav
9668	4	./AudioMNIST/data/16/4_16_28.wav
9669	0	./AudioMNIST/data/15/0_15_32.wav
9670	3	./AudioMNIST/data/47/3_47_41.wav
9671	0	./AudioMNIST/data/50/0_50_47.wav
9672	2	./AudioMNIST/data/09/2_09_47.wav
9673	4	./AudioMNIST/data/29/4_29_11.wav
9674	4	./AudioMNIST/data/36/4_36_39.wav
9675	6	./AudioMNIST/data/43/6_43_46.wav
9676	7	./AudioMNIST/data/53/7_53_45.wav
9677	5	./AudioMNIST/data/59/5_59_7.wav
9678	6	./AudioMNIST/data/60/6_60_4.wav
9679	1	./AudioMNIST/data/38/1_38_3.wav
9680	7	./AudioMNIST/data/01/7_01_15.wav
9681	8	./AudioMNIST/data/06/8_06_15.wav
9682	0	./AudioMNIST/data/17/0_17_5.wav
9683	6	./AudioMNIST/data/04/6_04_8.wav
9684	2	./AudioMNIST/data/15/2_15_46.wav
9685	7	./AudioMNIST/data/16/7_16_41.wav
9686	3	./AudioMNIST/data/15/3_15_6.wav
9687	4	./AudioMNIST/data/44/4_44_32.wav
9688	0	./AudioMNIST/data/21/0_21_1.wav
9689	0	./AudioMNIST/data/25/0_25_47.wav
9690	5	./AudioMNIST/data/41/5_41_15.wav
9691	7	./AudioMNIST/data/06/7_06_26.wav
9692	9	./AudioMNIST/data/17/9_17_29.wav
9693	7	./AudioMNIST/data/39/7_39_29.wav
9694	9	./AudioMNIST/data/05/9_05_20.wav
9695	4	./AudioMNIST/data/38/4_38_7.wav
9696	0	./AudioMNIST/data/56/0_56_47.wav
9697	8	./AudioMNIST/data/44/8_44_45.wav
9698	0	./AudioMNIST/data/26/0_26_36.wav
9699	3	./AudioMNIST/data/46/3_46_2.wav
9700	0	./AudioMNIST/data/17/0_17_9.wav
9701	9	./AudioMNIST/data/55/9_55_33.wav
9702	8	./AudioMNIST/data/49/8_49_20.wav
9703	1	./AudioMNIST/data/21/1_21_6.wav
9704	9	./AudioMNIST/data/32/9_32_2.wav
9705	3	./AudioMNIST/data/25/3_25_18.wav
9706	1	./AudioMNIST/data/19/1_19_13.wav
9707	5	./AudioMNIST/data/33/5_33_43.wav
9708	5	./AudioMNIST/data/06/5_06_33.wav
9709	5	./AudioMNIST/data/42/5_42_28.wav
9710	8	./AudioMNIST/data/22/8_22_27.wav
9711	2	./AudioMNIST/data/16/2_16_27.wav
9712	0	./AudioMNIST/data/31/0_31_47.wav
9713	0	./AudioMNIST/data/46/0_46_36.wav
9714	2	./AudioMNIST/data/47/2_47_44.wav
9715	6	./AudioMNIST/data/18/6_18_28.wav
9716	2	./AudioMNIST/data/06/2_06_21.wav
9717	5	./AudioMNIST/data/31/5_31_0.wav
9718	9	./AudioMNIST/data/16/9_16_13.wav
9719	9	./AudioMNIST/data/21/9_21_49.wav
9720	7	./AudioMNIST/data/09/7_09_26.wav
9721	4	./AudioMNIST/data/57/4_57_32.wav
9722	9	./AudioMNIST/data/10/9_10_48.wav
9723	0	./AudioMNIST/data/23/0_23_24.wav
9724	2	./AudioMNIST/data/17/2_17_21.wav
9725	8	./AudioMNIST/data/30/8_30_34.wav
9726	5	./AudioMNIST/data/49/5_49_41.wav
9727	7	./AudioMNIST/data/14/7_14_3.wav
9728	7	./AudioMNIST/data/06/7_06_46.wav
9729	9	./AudioMNIST/data/51/9_51_32.wav
9730	3	./AudioMNIST/data/35/3_35_42.wav
9731	2	./AudioMNIST/data/06/2_06_30.wav
9732	3	./AudioMNIST/data/15/3_15_32.wav
9733	6	./AudioMNIST/data/23/6_23_45.wav
9734	2	./AudioMNIST/data/14/2_14_24.wav
9735	6	./AudioMNIST/data/47/6_47_39.wav
9736	8	./AudioMNIST/data/02/8_02_34.wav
9737	6	./AudioMNIST/data/55/6_55_44.wav
9738	9	./AudioMNIST/data/08/9_08_45.wav
9739	3	./AudioMNIST/data/17/3_17_4.wav
9740	7	./AudioMNIST/data/52/7_52_10.wav
9741	2	./AudioMNIST/data/56/2_56_14.wav
9742	6	./AudioMNIST/data/30/6_30_45.wav
9743	9	./AudioMNIST/data/51/9_51_47.wav
9744	3	./AudioMNIST/data/34/3_34_41.wav
9745	0	./AudioMNIST/data/06/0_06_33.wav
9746	3	./AudioMNIST/data/32/3_32_3.wav
9747	9	./AudioMNIST/data/29/9_29_46.wav
9748	5	./AudioMNIST/data/21/5_21_34.wav
9749	3	./AudioMNIST/data/18/3_18_47.wav
9750	8	./AudioMNIST/data/49/8_49_37.wav
9751	2	./AudioMNIST/data/46/2_46_31.wav
9752	5	./AudioMNIST/data/05/5_05_37.wav
9753	3	./AudioMNIST/data/26/3_26_13.wav
9754	7	./AudioMNIST/data/03/7_03_12.wav
9755	9	./AudioMNIST/data/53/9_53_37.wav
9756	0	./AudioMNIST/data/07/0_07_9.wav
9757	0	./AudioMNIST/data/54/0_54_34.wav
9758	5	./AudioMNIST/data/57/5_57_15.wav
9759	9	./AudioMNIST/data/20/9_20_47.wav
9760	1	./AudioMNIST/data/24/1_24_13.wav
9761	4	./AudioMNIST/data/20/4_20_26.wav
9762	4	./AudioMNIST/data/21/4_21_14.wav
9763	3	./AudioMNIST/data/48/3_48_49.wav
9764	1	./AudioMNIST/data/26/1_26_45.wav
9765	8	./AudioMNIST/data/46/8_46_41.wav
9766	1	./AudioMNIST/data/32/1_32_10.wav
9767	0	./AudioMNIST/data/57/0_57_18.wav
9768	8	./AudioMNIST/data/36/8_36_36.wav
9769	0	./AudioMNIST/data/30/0_30_19.wav
9770	6	./AudioMNIST/data/10/6_10_4.wav
9771	9	./AudioMNIST/data/26/9_26_12.wav
9772	8	./AudioMNIST/data/08/8_08_42.wav
9773	2	./AudioMNIST/data/20/2_20_10.wav
9774	1	./AudioMNIST/data/01/1_01_20.wav
9775	1	./AudioMNIST/data/60/1_60_20.wav
9776	3	./AudioMNIST/data/57/3_57_24.wav
9777	4	./AudioMNIST/data/20/4_20_15.wav
9778	4	./AudioMNIST/data/03/4_03_6.wav
9779	3	./AudioMNIST/data/13/3_13_44.wav
9780	1	./AudioMNIST/data/43/1_43_44.wav
9781	8	./AudioMNIST/data/06/8_06_27.wav
9782	4	./AudioMNIST/data/59/4_59_26.wav
9783	0	./AudioMNIST/data/02/0_02_38.wav
9784	2	./AudioMNIST/data/14/2_14_16.wav
9785	7	./AudioMNIST/data/34/7_34_6.wav
9786	8	./AudioMNIST/data/22/8_22_6.wav
9787	8	./AudioMNIST/data/56/8_56_2.wav
9788	5	./AudioMNIST/data/30/5_30_21.wav
9789	7	./AudioMNIST/data/50/7_50_5.wav
9790	0	./AudioMNIST/data/29/0_29_38.wav
9791	8	./AudioMNIST/data/52/8_52_23.wav
9792	6	./AudioMNIST/data/13/6_13_0.wav
9793	3	./AudioMNIST/data/45/3_45_5.wav
9794	5	./AudioMNIST/data/08/5_08_10.wav
9795	8	./AudioMNIST/data/02/8_02_2.wav
9796	4	./AudioMNIST/data/09/4_09_27.wav
9797	7	./AudioMNIST/data/06/7_06_14.wav
9798	7	./AudioMNIST/data/26/7_26_5.wav
9799	9	./AudioMNIST/data/45/9_45_11.wav
9800	6	./AudioMNIST/data/30/6_30_37.wav
9801	1	./AudioMNIST/data/32/1_32_27.wav
9802	8	./AudioMNIST/data/32/8_32_4.wav
9803	8	./AudioMNIST/data/56/8_56_34.wav
9804	2	./AudioMNIST/data/06/2_06_47.wav
9805	0	./AudioMNIST/data/38/0_38_37.wav
9806	6	./AudioMNIST/data/40/6_40_48.wav
9807	4	./AudioMNIST/data/59/4_59_29.wav
9808	8	./AudioMNIST/data/29/8_29_9.wav
9809	2	./AudioMNIST/data/06/2_06_3.wav
9810	6	./AudioMNIST/data/47/6_47_38.wav
9811	2	./AudioMNIST/data/36/2_36_24.wav
9812	0	./AudioMNIST/data/22/0_22_25.wav
9813	6	./AudioMNIST/data/42/6_42_3.wav
9814	2	./AudioMNIST/data/05/2_05_27.wav
9815	2	./AudioMNIST/data/07/2_07_37.wav
9816	2	./AudioMNIST/data/51/2_51_34.wav
9817	0	./AudioMNIST/data/25/0_25_10.wav
9818	2	./AudioMNIST/data/04/2_04_10.wav
9819	8	./AudioMNIST/data/15/8_15_28.wav
9820	8	./AudioMNIST/data/04/8_04_8.wav
9821	7	./AudioMNIST/data/42/7_42_26.wav
9822	2	./AudioMNIST/data/03/2_03_44.wav
9823	3	./AudioMNIST/data/42/3_42_27.wav
9824	8	./AudioMNIST/data/01/8_01_4.wav
9825	3	./AudioMNIST/data/08/3_08_31.wav
9826	0	./AudioMNIST/data/41/0_41_44.wav
9827	9	./AudioMNIST/data/30/9_30_0.wav
9828	2	./AudioMNIST/data/31/2_31_40.wav
9829	3	./AudioMNIST/data/16/3_16_26.wav
9830	6	./AudioMNIST/data/34/6_34_31.wav
9831	7	./AudioMNIST/data/38/7_38_5.wav
9832	2	./AudioMNIST/data/17/2_17_34.wav
9833	7	./AudioMNIST/data/34/7_34_41.wav
9834	3	./AudioMNIST/data/41/3_41_22.wav
9835	8	./AudioMNIST/data/43/8_43_34.wav
9836	0	./AudioMNIST/data/56/0_56_39.wav
9837	4	./AudioMNIST/data/02/4_02_42.wav
9838	0	./AudioMNIST/data/10/0_10_47.wav
9839	0	./AudioMNIST/data/49/0_49_17.wav
9840	7	./AudioMNIST/data/28/7_28_36.wav
9841	9	./AudioMNIST/data/29/9_29_23.wav
9842	1	./AudioMNIST/data/46/1_46_32.wav
9843	8	./AudioMNIST/data/49/8_49_23.wav
9844	1	./AudioMNIST/data/40/1_40_13.wav
9845	7	./AudioMNIST/data/37/7_37_11.wav
9846	6	./AudioMNIST/data/28/6_28_39.wav
9847	5	./AudioMNIST/data/52/5_52_33.wav
9848	2	./AudioMNIST/data/52/2_52_38.wav
9849	7	./AudioMNIST/data/58/7_58_20.wav
9850	8	./AudioMNIST/data/45/8_45_15.wav
9851	6	./AudioMNIST/data/29/6_29_2.wav
9852	6	./AudioMNIST/data/60/6_60_16.wav
9853	6	./AudioMNIST/data/25/6_25_33.wav
9854	3	./AudioMNIST/data/45/3_45_28.wav
9855	7	./AudioMNIST/data/33/7_33_14.wav
9856	5	./AudioMNIST/data/54/5_54_13.wav
9857	8	./AudioMNIST/data/20/8_20_44.wav
9858	5	./AudioMNIST/data/16/5_16_25.wav
9859	0	./AudioMNIST/data/21/0_21_40.wav
9860	5	./AudioMNIST/data/17/5_17_13.wav
9861	2	./AudioMNIST/data/32/2_32_29.wav
9862	7	./AudioMNIST/data/52/7_52_26.wav
9863	4	./AudioMNIST/data/13/4_13_18.wav
9864	1	./AudioMNIST/data/21/1_21_17.wav
9865	8	./AudioMNIST/data/48/8_48_33.wav
9866	1	./AudioMNIST/data/05/1_05_32.wav
9867	3	./AudioMNIST/data/42/3_42_48.wav
9868	2	./AudioMNIST/data/21/2_21_27.wav
9869	0	./AudioMNIST/data/24/0_24_45.wav
9870	6	./AudioMNIST/data/23/6_23_23.wav
9871	1	./AudioMNIST/data/30/1_30_20.wav
9872	1	./AudioMNIST/data/04/1_04_10.wav
9873	2	./AudioMNIST/data/55/2_55_11.wav
9874	0	./AudioMNIST/data/25/0_25_36.wav
9875	4	./AudioMNIST/data/15/4_15_45.wav
9876	0	./AudioMNIST/data/33/0_33_17.wav
9877	0	./AudioMNIST/data/10/0_10_0.wav
9878	6	./AudioMNIST/data/27/6_27_42.wav
9879	8	./AudioMNIST/data/20/8_20_9.wav
9880	2	./AudioMNIST/data/45/2_45_16.wav
9881	1	./AudioMNIST/data/30/1_30_22.wav
9882	5	./AudioMNIST/data/33/5_33_22.wav
9883	3	./AudioMNIST/data/51/3_51_35.wav
9884	7	./AudioMNIST/data/14/7_14_49.wav
9885	1	./AudioMNIST/data/53/1_53_46.wav
9886	2	./AudioMNIST/data/08/2_08_10.wav
9887	0	./AudioMNIST/data/57/0_57_28.wav
9888	8	./AudioMNIST/data/09/8_09_17.wav
9889	0	./AudioMNIST/data/22/0_22_31.wav
9890	6	./AudioMNIST/data/37/6_37_38.wav
9891	3	./AudioMNIST/data/52/3_52_20.wav
9892	6	./AudioMNIST/data/05/6_05_49.wav
9893	8	./AudioMNIST/data/19/8_19_23.wav
9894	4	./AudioMNIST/data/59/4_59_43.wav
9895	0	./AudioMNIST/data/37/0_37_16.wav
9896	9	./AudioMNIST/data/04/9_04_4.wav
9897	0	./AudioMNIST/data/46/0_46_25.wav
9898	3	./AudioMNIST/data/37/3_37_1.wav
9899	5	./AudioMNIST/data/02/5_02_1.wav
9900	7	./AudioMNIST/data/47/7_47_25.wav
9901	5	./AudioMNIST/data/12/5_12_13.wav
9902	1	./AudioMNIST/data/09/1_09_12.wav
9903	8	./AudioMNIST/data/53/8_53_25.wav
9904	9	./AudioMNIST/data/46/9_46_42.wav
9905	2	./AudioMNIST/data/16/2_16_28.wav
9906	5	./AudioMNIST/data/02/5_02_14.wav
9907	5	./AudioMNIST/data/07/5_07_47.wav
9908	4	./AudioMNIST/data/02/4_02_43.wav
9909	7	./AudioMNIST/data/56/7_56_43.wav
9910	7	./AudioMNIST/data/29/7_29_11.wav
9911	3	./AudioMNIST/data/50/3_50_38.wav
9912	3	./AudioMNIST/data/31/3_31_3.wav
9913	3	./AudioMNIST/data/17/3_17_5.wav
9914	8	./AudioMNIST/data/07/8_07_15.wav
9915	8	./AudioMNIST/data/47/8_47_22.wav
9916	8	./AudioMNIST/data/25/8_25_8.wav
9917	3	./AudioMNIST/data/58/3_58_26.wav
9918	4	./AudioMNIST/data/09/4_09_21.wav
9919	8	./AudioMNIST/data/30/8_30_44.wav
9920	8	./AudioMNIST/data/47/8_47_39.wav
9921	5	./AudioMNIST/data/59/5_59_45.wav
9922	6	./AudioMNIST/data/09/6_09_25.wav
9923	0	./AudioMNIST/data/51/0_51_38.wav
9924	8	./AudioMNIST/data/50/8_50_40.wav
9925	9	./AudioMNIST/data/54/9_54_27.wav
9926	5	./AudioMNIST/data/60/5_60_32.wav
9927	4	./AudioMNIST/data/19/4_19_24.wav
9928	4	./AudioMNIST/data/26/4_26_23.wav
9929	1	./AudioMNIST/data/21/1_21_10.wav
9930	8	./AudioMNIST/data/34/8_34_13.wav
9931	3	./AudioMNIST/data/01/3_01_24.wav
9932	3	./AudioMNIST/data/42/3_42_20.wav
9933	3	./AudioMNIST/data/36/3_36_24.wav
9934	0	./AudioMNIST/data/09/0_09_40.wav
9935	5	./AudioMNIST/data/31/5_31_2.wav
9936	8	./AudioMNIST/data/57/8_57_37.wav
9937	4	./AudioMNIST/data/09/4_09_35.wav
9938	6	./AudioMNIST/data/14/6_14_14.wav
9939	3	./AudioMNIST/data/50/3_50_36.wav
9940	9	./AudioMNIST/data/39/9_39_30.wav
9941	8	./AudioMNIST/data/30/8_30_28.wav
9942	8	./AudioMNIST/data/40/8_40_2.wav
9943	1	./AudioMNIST/data/53/1_53_34.wav
9944	1	./AudioMNIST/data/21/1_21_5.wav
9945	1	./AudioMNIST/data/08/1_08_29.wav
9946	7	./AudioMNIST/data/52/7_52_35.wav
9947	0	./AudioMNIST/data/55/0_55_24.wav
9948	3	./AudioMNIST/data/06/3_06_30.wav
9949	3	./AudioMNIST/data/37/3_37_22.wav
9950	0	./AudioMNIST/data/09/0_09_23.wav
9951	5	./AudioMNIST/data/12/5_12_32.wav
9952	0	./AudioMNIST/data/09/0_09_17.wav
9953	3	./AudioMNIST/data/40/3_40_37.wav
9954	8	./AudioMNIST/data/29/8_29_44.wav
9955	7	./AudioMNIST/data/36/7_36_44.wav
9956	4	./AudioMNIST/data/24/4_24_44.wav
9957	0	./AudioMNIST/data/22/0_22_33.wav
9958	6	./AudioMNIST/data/46/6_46_8.wav
9959	5	./AudioMNIST/data/22/5_22_32.wav
9960	4	./AudioMNIST/data/54/4_54_24.wav
9961	3	./AudioMNIST/data/26/3_26_26.wav
9962	5	./AudioMNIST/data/03/5_03_13.wav
9963	6	./AudioMNIST/data/06/6_06_21.wav
9964	1	./AudioMNIST/data/33/1_33_21.wav
9965	9	./AudioMNIST/data/25/9_25_20.wav
9966	9	./AudioMNIST/data/31/9_31_29.wav
9967	6	./AudioMNIST/data/24/6_24_32.wav
9968	4	./AudioMNIST/data/08/4_08_31.wav
9969	2	./AudioMNIST/data/12/2_12_21.wav
9970	8	./AudioMNIST/data/42/8_42_36.wav
9971	0	./AudioMNIST/data/47/0_47_17.wav
9972	6	./AudioMNIST/data/09/6_09_31.wav
9973	1	./AudioMNIST/data/01/1_01_35.wav
9974	4	./AudioMNIST/data/17/4_17_29.wav
9975	3	./AudioMNIST/data/12/3_12_27.wav
9976	7	./AudioMNIST/data/51/7_51_4.wav
9977	6	./AudioMNIST/data/07/6_07_31.wav
9978	0	./AudioMNIST/data/02/0_02_14.wav
9979	8	./AudioMNIST/data/56/8_56_47.wav
9980	4	./AudioMNIST/data/50/4_50_9.wav
9981	7	./AudioMNIST/data/30/7_30_39.wav
9982	2	./AudioMNIST/data/03/2_03_9.wav
9983	2	./AudioMNIST/data/07/2_07_39.wav
9984	2	./AudioMNIST/data/03/2_03_25.wav
9985	8	./AudioMNIST/data/37/8_37_15.wav
9986	0	./AudioMNIST/data/24/0_24_13.wav
9987	4	./AudioMNIST/data/16/4_16_32.wav
9988	1	./AudioMNIST/data/14/1_14_8.wav
9989	9	./AudioMNIST/data/13/9_13_39.wav
9990	9	./AudioMNIST/data/48/9_48_15.wav
9991	9	./AudioMNIST/data/49/9_49_0.wav
9992	4	./AudioMNIST/data/52/4_52_29.wav
9993	1	./AudioMNIST/data/57/1_57_42.wav
9994	2	./AudioMNIST/data/23/2_23_33.wav
9995	1	./AudioMNIST/data/18/1_18_26.wav
9996	8	./AudioMNIST/data/25/8_25_18.wav
9997	3	./AudioMNIST/data/24/3_24_37.wav
9998	3	./AudioMNIST/data/44/3_44_15.wav
9999	0	./AudioMNIST/data/60/0_60_19.wav
10000	4	./AudioMNIST/data/51/4_51_45.wav
10001	6	./AudioMNIST/data/13/6_13_3.wav
10002	5	./AudioMNIST/data/44/5_44_39.wav
10003	0	./AudioMNIST/data/42/0_42_35.wav
10004	4	./AudioMNIST/data/58/4_58_49.wav
10005	3	./AudioMNIST/data/11/3_11_28.wav
10006	0	./AudioMNIST/data/08/0_08_10.wav
10007	3	./AudioMNIST/data/11/3_11_7.wav
10008	5	./AudioMNIST/data/38/5_38_29.wav
10009	5	./AudioMNIST/data/37/5_37_35.wav
10010	9	./AudioMNIST/data/18/9_18_47.wav
10011	7	./AudioMNIST/data/18/7_18_7.wav
10012	6	./AudioMNIST/data/51/6_51_3.wav
10013	9	./AudioMNIST/data/41/9_41_47.wav
10014	6	./AudioMNIST/data/46/6_46_41.wav
10015	2	./AudioMNIST/data/42/2_42_2.wav
10016	3	./AudioMNIST/data/28/3_28_47.wav
10017	4	./AudioMNIST/data/34/4_34_30.wav
10018	7	./AudioMNIST/data/21/7_21_38.wav
10019	9	./AudioMNIST/data/47/9_47_23.wav
10020	5	./AudioMNIST/data/16/5_16_37.wav
10021	4	./AudioMNIST/data/01/4_01_36.wav
10022	8	./AudioMNIST/data/49/8_49_24.wav
10023	4	./AudioMNIST/data/45/4_45_16.wav
10024	7	./AudioMNIST/data/06/7_06_41.wav
10025	3	./AudioMNIST/data/03/3_03_29.wav
10026	2	./AudioMNIST/data/20/2_20_38.wav
10027	2	./AudioMNIST/data/60/2_60_36.wav
10028	8	./AudioMNIST/data/53/8_53_48.wav
10029	8	./AudioMNIST/data/10/8_10_36.wav
10030	1	./AudioMNIST/data/14/1_14_11.wav
10031	8	./AudioMNIST/data/33/8_33_16.wav
10032	4	./AudioMNIST/data/33/4_33_47.wav
10033	0	./AudioMNIST/data/08/0_08_39.wav
10034	4	./AudioMNIST/data/33/4_33_18.wav
10035	8	./AudioMNIST/data/16/8_16_9.wav
10036	5	./AudioMNIST/data/17/5_17_45.wav
10037	4	./AudioMNIST/data/53/4_53_30.wav
10038	4	./AudioMNIST/data/51/4_51_40.wav
10039	3	./AudioMNIST/data/56/3_56_29.wav
10040	1	./AudioMNIST/data/16/1_16_25.wav
10041	6	./AudioMNIST/data/15/6_15_5.wav
10042	2	./AudioMNIST/data/37/2_37_49.wav
10043	6	./AudioMNIST/data/33/6_33_15.wav
10044	4	./AudioMNIST/data/60/4_60_41.wav
10045	2	./AudioMNIST/data/28/2_28_2.wav
10046	0	./AudioMNIST/data/58/0_58_11.wav
10047	8	./AudioMNIST/data/04/8_04_29.wav
10048	6	./AudioMNIST/data/13/6_13_8.wav
10049	6	./AudioMNIST/data/08/6_08_12.wav
10050	4	./AudioMNIST/data/57/4_57_41.wav
10051	8	./AudioMNIST/data/34/8_34_12.wav
10052	0	./AudioMNIST/data/07/0_07_45.wav
10053	0	./AudioMNIST/data/17/0_17_23.wav
10054	7	./AudioMNIST/data/52/7_52_8.wav
10055	9	./AudioMNIST/data/36/9_36_2.wav
10056	7	./AudioMNIST/data/42/7_42_0.wav
10057	9	./AudioMNIST/data/60/9_60_39.wav
10058	0	./AudioMNIST/data/02/0_02_47.wav
10059	9	./AudioMNIST/data/53/9_53_36.wav
10060	6	./AudioMNIST/data/25/6_25_1.wav
10061	4	./AudioMNIST/data/42/4_42_12.wav
10062	8	./AudioMNIST/data/04/8_04_42.wav
10063	3	./AudioMNIST/data/45/3_45_2.wav
10064	9	./AudioMNIST/data/17/9_17_10.wav
10065	5	./AudioMNIST/data/32/5_32_33.wav
10066	9	./AudioMNIST/data/15/9_15_6.wav
10067	8	./AudioMNIST/data/15/8_15_47.wav
10068	8	./AudioMNIST/data/06/8_06_45.wav
10069	1	./AudioMNIST/data/06/1_06_7.wav
10070	3	./AudioMNIST/data/29/3_29_5.wav
10071	2	./AudioMNIST/data/05/2_05_4.wav
10072	8	./AudioMNIST/data/60/8_60_3.wav
10073	7	./AudioMNIST/data/41/7_41_1.wav
10074	1	./AudioMNIST/data/48/1_48_6.wav
10075	6	./AudioMNIST/data/07/6_07_2.wav
10076	4	./AudioMNIST/data/21/4_21_29.wav
10077	9	./AudioMNIST/data/49/9_49_32.wav
10078	9	./AudioMNIST/data/04/9_04_43.wav
10079	6	./AudioMNIST/data/18/6_18_45.wav
10080	5	./AudioMNIST/data/32/5_32_2.wav
10081	3	./AudioMNIST/data/19/3_19_39.wav
10082	8	./AudioMNIST/data/44/8_44_1.wav
10083	5	./AudioMNIST/data/47/5_47_26.wav
10084	4	./AudioMNIST/data/52/4_52_11.wav
10085	3	./AudioMNIST/data/10/3_10_18.wav
10086	7	./AudioMNIST/data/36/7_36_40.wav
10087	8	./AudioMNIST/data/60/8_60_44.wav
10088	5	./AudioMNIST/data/23/5_23_11.wav
10089	7	./AudioMNIST/data/08/7_08_12.wav
10090	9	./AudioMNIST/data/16/9_16_33.wav
10091	8	./AudioMNIST/data/58/8_58_8.wav
10092	9	./AudioMNIST/data/32/9_32_1.wav
10093	6	./AudioMNIST/data/27/6_27_7.wav
10094	5	./AudioMNIST/data/45/5_45_12.wav
10095	3	./AudioMNIST/data/54/3_54_4.wav
10096	1	./AudioMNIST/data/33/1_33_30.wav
10097	1	./AudioMNIST/data/39/1_39_48.wav
10098	4	./AudioMNIST/data/08/4_08_47.wav
10099	7	./AudioMNIST/data/58/7_58_34.wav
10100	4	./AudioMNIST/data/36/4_36_36.wav
10101	6	./AudioMNIST/data/05/6_05_1.wav
10102	1	./AudioMNIST/data/32/1_32_18.wav
10103	9	./AudioMNIST/data/60/9_60_43.wav
10104	4	./AudioMNIST/data/59/4_59_2.wav
10105	3	./AudioMNIST/data/33/3_33_49.wav
10106	4	./AudioMNIST/data/20/4_20_33.wav
10107	8	./AudioMNIST/data/10/8_10_0.wav
10108	7	./AudioMNIST/data/23/7_23_18.wav
10109	3	./AudioMNIST/data/55/3_55_22.wav
10110	5	./AudioMNIST/data/45/5_45_5.wav
10111	6	./AudioMNIST/data/54/6_54_18.wav
10112	7	./AudioMNIST/data/21/7_21_43.wav
10113	0	./AudioMNIST/data/42/0_42_18.wav
10114	7	./AudioMNIST/data/57/7_57_11.wav
10115	5	./AudioMNIST/data/42/5_42_35.wav
10116	0	./AudioMNIST/data/26/0_26_40.wav
10117	0	./AudioMNIST/data/40/0_40_40.wav
10118	7	./AudioMNIST/data/08/7_08_40.wav
10119	2	./AudioMNIST/data/09/2_09_26.wav
10120	4	./AudioMNIST/data/53/4_53_12.wav
10121	0	./AudioMNIST/data/59/0_59_31.wav
10122	5	./AudioMNIST/data/26/5_26_45.wav
10123	5	./AudioMNIST/data/23/5_23_44.wav
10124	1	./AudioMNIST/data/31/1_31_18.wav
10125	1	./AudioMNIST/data/37/1_37_38.wav
10126	2	./AudioMNIST/data/14/2_14_25.wav
10127	4	./AudioMNIST/data/30/4_30_17.wav
10128	8	./AudioMNIST/data/12/8_12_13.wav
10129	8	./AudioMNIST/data/15/8_15_31.wav
10130	4	./AudioMNIST/data/11/4_11_44.wav
10131	5	./AudioMNIST/data/15/5_15_34.wav
10132	8	./AudioMNIST/data/08/8_08_27.wav
10133	0	./AudioMNIST/data/57/0_57_2.wav
10134	5	./AudioMNIST/data/44/5_44_30.wav
10135	0	./AudioMNIST/data/47/0_47_41.wav
10136	1	./AudioMNIST/data/24/1_24_19.wav
10137	3	./AudioMNIST/data/47/3_47_39.wav
10138	8	./AudioMNIST/data/50/8_50_2.wav
10139	9	./AudioMNIST/data/53/9_53_27.wav
10140	9	./AudioMNIST/data/10/9_10_30.wav
10141	4	./AudioMNIST/data/20/4_20_39.wav
10142	7	./AudioMNIST/data/40/7_40_42.wav
10143	0	./AudioMNIST/data/42/0_42_25.wav
10144	7	./AudioMNIST/data/42/7_42_44.wav
10145	6	./AudioMNIST/data/39/6_39_6.wav
10146	0	./AudioMNIST/data/34/0_34_44.wav
10147	8	./AudioMNIST/data/21/8_21_25.wav
10148	1	./AudioMNIST/data/42/1_42_15.wav
10149	8	./AudioMNIST/data/45/8_45_41.wav
10150	3	./AudioMNIST/data/10/3_10_22.wav
10151	2	./AudioMNIST/data/47/2_47_43.wav
10152	7	./AudioMNIST/data/47/7_47_36.wav
10153	8	./AudioMNIST/data/04/8_04_26.wav
10154	8	./AudioMNIST/data/35/8_35_30.wav
10155	6	./AudioMNIST/data/05/6_05_14.wav
10156	6	./AudioMNIST/data/08/6_08_0.wav
10157	1	./AudioMNIST/data/57/1_57_17.wav
10158	1	./AudioMNIST/data/48/1_48_18.wav
10159	3	./AudioMNIST/data/19/3_19_1.wav
10160	4	./AudioMNIST/data/24/4_24_43.wav
10161	6	./AudioMNIST/data/33/6_33_41.wav
10162	0	./AudioMNIST/data/40/0_40_19.wav
10163	4	./AudioMNIST/data/09/4_09_40.wav
10164	3	./AudioMNIST/data/12/3_12_12.wav
10165	2	./AudioMNIST/data/40/2_40_32.wav
10166	3	./AudioMNIST/data/49/3_49_44.wav
10167	7	./AudioMNIST/data/10/7_10_16.wav
10168	9	./AudioMNIST/data/19/9_19_17.wav
10169	8	./AudioMNIST/data/27/8_27_48.wav
10170	3	./AudioMNIST/data/45/3_45_25.wav
10171	6	./AudioMNIST/data/50/6_50_38.wav
10172	2	./AudioMNIST/data/56/2_56_45.wav
10173	6	./AudioMNIST/data/06/6_06_35.wav
10174	5	./AudioMNIST/data/57/5_57_10.wav
10175	2	./AudioMNIST/data/14/2_14_20.wav
10176	6	./AudioMNIST/data/44/6_44_49.wav
10177	9	./AudioMNIST/data/50/9_50_25.wav
10178	5	./AudioMNIST/data/15/5_15_20.wav
10179	9	./AudioMNIST/data/29/9_29_33.wav
10180	8	./AudioMNIST/data/45/8_45_34.wav
10181	6	./AudioMNIST/data/28/6_28_15.wav
10182	4	./AudioMNIST/data/36/4_36_25.wav
10183	1	./AudioMNIST/data/54/1_54_8.wav
10184	3	./AudioMNIST/data/26/3_26_43.wav
10185	6	./AudioMNIST/data/54/6_54_43.wav
10186	9	./AudioMNIST/data/41/9_41_41.wav
10187	1	./AudioMNIST/data/59/1_59_44.wav
10188	6	./AudioMNIST/data/27/6_27_6.wav
10189	4	./AudioMNIST/data/16/4_16_47.wav
10190	3	./AudioMNIST/data/41/3_41_0.wav
10191	9	./AudioMNIST/data/31/9_31_25.wav
10192	1	./AudioMNIST/data/56/1_56_24.wav
10193	8	./AudioMNIST/data/13/8_13_37.wav
10194	5	./AudioMNIST/data/41/5_41_18.wav
10195	1	./AudioMNIST/data/38/1_38_33.wav
10196	2	./AudioMNIST/data/22/2_22_16.wav
10197	9	./AudioMNIST/data/58/9_58_3.wav
10198	4	./AudioMNIST/data/53/4_53_10.wav
10199	8	./AudioMNIST/data/41/8_41_3.wav
10200	6	./AudioMNIST/data/16/6_16_38.wav
10201	0	./AudioMNIST/data/23/0_23_17.wav
10202	1	./AudioMNIST/data/36/1_36_40.wav
10203	1	./AudioMNIST/data/55/1_55_27.wav
10204	9	./AudioMNIST/data/15/9_15_21.wav
10205	3	./AudioMNIST/data/49/3_49_35.wav
10206	8	./AudioMNIST/data/09/8_09_36.wav
10207	4	./AudioMNIST/data/17/4_17_25.wav
10208	9	./AudioMNIST/data/07/9_07_5.wav
10209	2	./AudioMNIST/data/13/2_13_19.wav
10210	9	./AudioMNIST/data/13/9_13_8.wav
10211	1	./AudioMNIST/data/58/1_58_25.wav
10212	1	./AudioMNIST/data/55/1_55_46.wav
10213	0	./AudioMNIST/data/36/0_36_1.wav
10214	2	./AudioMNIST/data/32/2_32_46.wav
10215	7	./AudioMNIST/data/18/7_18_21.wav
10216	2	./AudioMNIST/data/45/2_45_25.wav
10217	2	./AudioMNIST/data/21/2_21_26.wav
10218	4	./AudioMNIST/data/43/4_43_13.wav
10219	2	./AudioMNIST/data/18/2_18_18.wav
10220	9	./AudioMNIST/data/33/9_33_34.wav
10221	4	./AudioMNIST/data/33/4_33_5.wav
10222	6	./AudioMNIST/data/60/6_60_21.wav
10223	8	./AudioMNIST/data/19/8_19_43.wav
10224	3	./AudioMNIST/data/22/3_22_11.wav
10225	4	./AudioMNIST/data/04/4_04_38.wav
10226	8	./AudioMNIST/data/06/8_06_5.wav
10227	3	./AudioMNIST/data/41/3_41_47.wav
10228	6	./AudioMNIST/data/45/6_45_4.wav
10229	0	./AudioMNIST/data/58/0_58_23.wav
10230	4	./AudioMNIST/data/30/4_30_20.wav
10231	4	./AudioMNIST/data/13/4_13_19.wav
10232	5	./AudioMNIST/data/09/5_09_22.wav
10233	3	./AudioMNIST/data/53/3_53_8.wav
10234	1	./AudioMNIST/data/45/1_45_44.wav
10235	9	./AudioMNIST/data/22/9_22_22.wav
10236	7	./AudioMNIST/data/10/7_10_6.wav
10237	8	./AudioMNIST/data/12/8_12_46.wav
10238	7	./AudioMNIST/data/59/7_59_43.wav
10239	5	./AudioMNIST/data/18/5_18_39.wav
10240	3	./AudioMNIST/data/37/3_37_38.wav
10241	4	./AudioMNIST/data/45/4_45_9.wav
10242	8	./AudioMNIST/data/20/8_20_18.wav
10243	6	./AudioMNIST/data/27/6_27_3.wav
10244	5	./AudioMNIST/data/51/5_51_28.wav
10245	9	./AudioMNIST/data/36/9_36_44.wav
10246	0	./AudioMNIST/data/12/0_12_33.wav
10247	1	./AudioMNIST/data/11/1_11_36.wav
10248	4	./AudioMNIST/data/05/4_05_41.wav
10249	5	./AudioMNIST/data/28/5_28_41.wav
10250	8	./AudioMNIST/data/29/8_29_10.wav
10251	8	./AudioMNIST/data/53/8_53_13.wav
10252	6	./AudioMNIST/data/44/6_44_44.wav
10253	8	./AudioMNIST/data/13/8_13_11.wav
10254	8	./AudioMNIST/data/34/8_34_32.wav
10255	7	./AudioMNIST/data/11/7_11_49.wav
10256	5	./AudioMNIST/data/26/5_26_46.wav
10257	6	./AudioMNIST/data/16/6_16_12.wav
10258	1	./AudioMNIST/data/59/1_59_21.wav
10259	8	./AudioMNIST/data/11/8_11_31.wav
10260	8	./AudioMNIST/data/26/8_26_39.wav
10261	5	./AudioMNIST/data/57/5_57_6.wav
10262	0	./AudioMNIST/data/15/0_15_9.wav
10263	0	./AudioMNIST/data/01/0_01_47.wav
10264	8	./AudioMNIST/data/15/8_15_33.wav
10265	9	./AudioMNIST/data/03/9_03_46.wav
10266	1	./AudioMNIST/data/22/1_22_31.wav
10267	2	./AudioMNIST/data/07/2_07_2.wav
10268	4	./AudioMNIST/data/38/4_38_21.wav
10269	1	./AudioMNIST/data/51/1_51_3.wav
10270	9	./AudioMNIST/data/24/9_24_30.wav
10271	6	./AudioMNIST/data/01/6_01_10.wav
10272	7	./AudioMNIST/data/60/7_60_29.wav
10273	5	./AudioMNIST/data/42/5_42_36.wav
10274	9	./AudioMNIST/data/06/9_06_33.wav
10275	0	./AudioMNIST/data/10/0_10_21.wav
10276	7	./AudioMNIST/data/60/7_60_30.wav
10277	7	./AudioMNIST/data/06/7_06_32.wav
10278	8	./AudioMNIST/data/01/8_01_35.wav
10279	4	./AudioMNIST/data/50/4_50_43.wav
10280	1	./AudioMNIST/data/15/1_15_36.wav
10281	9	./AudioMNIST/data/39/9_39_4.wav
10282	6	./AudioMNIST/data/06/6_06_39.wav
10283	6	./AudioMNIST/data/25/6_25_17.wav
10284	6	./AudioMNIST/data/58/6_58_49.wav
10285	9	./AudioMNIST/data/45/9_45_25.wav
10286	8	./AudioMNIST/data/33/8_33_6.wav
10287	1	./AudioMNIST/data/42/1_42_39.wav
10288	2	./AudioMNIST/data/30/2_30_15.wav
10289	5	./AudioMNIST/data/52/5_52_5.wav
10290	4	./AudioMNIST/data/16/4_16_39.wav
10291	0	./AudioMNIST/data/21/0_21_9.wav
10292	4	./AudioMNIST/data/29/4_29_47.wav
10293	7	./AudioMNIST/data/27/7_27_12.wav
10294	9	./AudioMNIST/data/31/9_31_26.wav
10295	9	./AudioMNIST/data/60/9_60_18.wav
10296	4	./AudioMNIST/data/32/4_32_24.wav
10297	8	./AudioMNIST/data/14/8_14_27.wav
10298	3	./AudioMNIST/data/10/3_10_28.wav
10299	5	./AudioMNIST/data/02/5_02_25.wav
10300	4	./AudioMNIST/data/42/4_42_11.wav
10301	2	./AudioMNIST/data/02/2_02_32.wav
10302	0	./AudioMNIST/data/16/0_16_5.wav
10303	4	./AudioMNIST/data/37/4_37_31.wav
10304	4	./AudioMNIST/data/43/4_43_25.wav
10305	9	./AudioMNIST/data/60/9_60_33.wav
10306	6	./AudioMNIST/data/45/6_45_32.wav
10307	0	./AudioMNIST/data/27/0_27_39.wav
10308	2	./AudioMNIST/data/30/2_30_0.wav
10309	1	./AudioMNIST/data/06/1_06_5.wav
10310	2	./AudioMNIST/data/29/2_29_0.wav
10311	0	./AudioMNIST/data/27/0_27_20.wav
10312	6	./AudioMNIST/data/32/6_32_47.wav
10313	5	./AudioMNIST/data/36/5_36_0.wav
10314	4	./AudioMNIST/data/15/4_15_39.wav
10315	4	./AudioMNIST/data/15/4_15_15.wav
10316	2	./AudioMNIST/data/54/2_54_6.wav
10317	4	./AudioMNIST/data/38/4_38_45.wav
10318	6	./AudioMNIST/data/17/6_17_22.wav
10319	5	./AudioMNIST/data/57/5_57_41.wav
10320	5	./AudioMNIST/data/48/5_48_2.wav
10321	5	./AudioMNIST/data/29/5_29_9.wav
10322	6	./AudioMNIST/data/39/6_39_35.wav
10323	1	./AudioMNIST/data/52/1_52_6.wav
10324	9	./AudioMNIST/data/13/9_13_4.wav
10325	3	./AudioMNIST/data/31/3_31_10.wav
10326	6	./AudioMNIST/data/39/6_39_26.wav
10327	1	./AudioMNIST/data/26/1_26_8.wav
10328	7	./AudioMNIST/data/06/7_06_9.wav
10329	1	./AudioMNIST/data/28/1_28_28.wav
10330	0	./AudioMNIST/data/02/0_02_43.wav
10331	3	./AudioMNIST/data/18/3_18_17.wav
10332	4	./AudioMNIST/data/41/4_41_16.wav
10333	2	./AudioMNIST/data/34/2_34_42.wav
10334	9	./AudioMNIST/data/33/9_33_13.wav
10335	3	./AudioMNIST/data/24/3_24_0.wav
10336	0	./AudioMNIST/data/58/0_58_27.wav
10337	4	./AudioMNIST/data/05/4_05_46.wav
10338	2	./AudioMNIST/data/31/2_31_46.wav
10339	3	./AudioMNIST/data/50/3_50_28.wav
10340	5	./AudioMNIST/data/21/5_21_33.wav
10341	7	./AudioMNIST/data/02/7_02_19.wav
10342	2	./AudioMNIST/data/07/2_07_47.wav
10343	9	./AudioMNIST/data/31/9_31_11.wav
10344	6	./AudioMNIST/data/13/6_13_41.wav
10345	1	./AudioMNIST/data/37/1_37_19.wav
10346	9	./AudioMNIST/data/02/9_02_10.wav
10347	2	./AudioMNIST/data/09/2_09_2.wav
10348	2	./AudioMNIST/data/39/2_39_0.wav
10349	9	./AudioMNIST/data/57/9_57_46.wav
10350	7	./AudioMNIST/data/25/7_25_42.wav
10351	8	./AudioMNIST/data/35/8_35_38.wav
10352	0	./AudioMNIST/data/42/0_42_28.wav
10353	3	./AudioMNIST/data/09/3_09_33.wav
10354	8	./AudioMNIST/data/25/8_25_35.wav
10355	3	./AudioMNIST/data/30/3_30_18.wav
10356	9	./AudioMNIST/data/20/9_20_48.wav
10357	9	./AudioMNIST/data/41/9_41_23.wav
10358	3	./AudioMNIST/data/24/3_24_32.wav
10359	5	./AudioMNIST/data/14/5_14_30.wav
10360	0	./AudioMNIST/data/22/0_22_3.wav
10361	3	./AudioMNIST/data/08/3_08_25.wav
10362	2	./AudioMNIST/data/16/2_16_39.wav
10363	6	./AudioMNIST/data/22/6_22_18.wav
10364	8	./AudioMNIST/data/55/8_55_7.wav
10365	9	./AudioMNIST/data/40/9_40_42.wav
10366	6	./AudioMNIST/data/55/6_55_49.wav
10367	9	./AudioMNIST/data/52/9_52_34.wav
10368	1	./AudioMNIST/data/23/1_23_30.wav
10369	4	./AudioMNIST/data/10/4_10_8.wav
10370	9	./AudioMNIST/data/47/9_47_49.wav
10371	8	./AudioMNIST/data/34/8_34_35.wav
10372	4	./AudioMNIST/data/45/4_45_43.wav
10373	3	./AudioMNIST/data/14/3_14_8.wav
10374	4	./AudioMNIST/data/24/4_24_1.wav
10375	1	./AudioMNIST/data/24/1_24_44.wav
10376	0	./AudioMNIST/data/24/0_24_21.wav
10377	7	./AudioMNIST/data/18/7_18_18.wav
10378	2	./AudioMNIST/data/57/2_57_46.wav
10379	5	./AudioMNIST/data/14/5_14_18.wav
10380	2	./AudioMNIST/data/44/2_44_19.wav
10381	2	./AudioMNIST/data/21/2_21_13.wav
10382	7	./AudioMNIST/data/32/7_32_5.wav
10383	7	./AudioMNIST/data/59/7_59_24.wav
10384	0	./AudioMNIST/data/21/0_21_7.wav
10385	2	./AudioMNIST/data/36/2_36_7.wav
10386	2	./AudioMNIST/data/34/2_34_13.wav
10387	3	./AudioMNIST/data/16/3_16_47.wav
10388	4	./AudioMNIST/data/38/4_38_47.wav
10389	0	./AudioMNIST/data/34/0_34_16.wav
10390	3	./AudioMNIST/data/59/3_59_5.wav
10391	9	./AudioMNIST/data/23/9_23_42.wav
10392	2	./AudioMNIST/data/21/2_21_10.wav
10393	5	./AudioMNIST/data/28/5_28_18.wav
10394	5	./AudioMNIST/data/26/5_26_4.wav
10395	2	./AudioMNIST/data/08/2_08_47.wav
10396	5	./AudioMNIST/data/11/5_11_31.wav
10397	1	./AudioMNIST/data/09/1_09_39.wav
10398	8	./AudioMNIST/data/34/8_34_3.wav
10399	8	./AudioMNIST/data/33/8_33_15.wav
10400	8	./AudioMNIST/data/31/8_31_21.wav
10401	8	./AudioMNIST/data/56/8_56_37.wav
10402	6	./AudioMNIST/data/44/6_44_11.wav
10403	8	./AudioMNIST/data/50/8_50_43.wav
10404	5	./AudioMNIST/data/15/5_15_10.wav
10405	3	./AudioMNIST/data/51/3_51_1.wav
10406	7	./AudioMNIST/data/22/7_22_38.wav
10407	1	./AudioMNIST/data/50/1_50_10.wav
10408	8	./AudioMNIST/data/51/8_51_28.wav
10409	6	./AudioMNIST/data/20/6_20_47.wav
10410	3	./AudioMNIST/data/59/3_59_25.wav
10411	7	./AudioMNIST/data/51/7_51_33.wav
10412	2	./AudioMNIST/data/52/2_52_31.wav
10413	6	./AudioMNIST/data/02/6_02_10.wav
10414	0	./AudioMNIST/data/12/0_12_4.wav
10415	8	./AudioMNIST/data/09/8_09_20.wav
10416	9	./AudioMNIST/data/24/9_24_40.wav
10417	5	./AudioMNIST/data/05/5_05_31.wav
10418	6	./AudioMNIST/data/24/6_24_1.wav
10419	2	./AudioMNIST/data/42/2_42_23.wav
10420	3	./AudioMNIST/data/03/3_03_36.wav
10421	0	./AudioMNIST/data/08/0_08_12.wav
10422	3	./AudioMNIST/data/22/3_22_30.wav
10423	5	./AudioMNIST/data/46/5_46_28.wav
10424	2	./AudioMNIST/data/22/2_22_19.wav
10425	3	./AudioMNIST/data/01/3_01_9.wav
10426	7	./AudioMNIST/data/57/7_57_43.wav
10427	1	./AudioMNIST/data/60/1_60_23.wav
10428	3	./AudioMNIST/data/26/3_26_35.wav
10429	4	./AudioMNIST/data/26/4_26_35.wav
10430	1	./AudioMNIST/data/23/1_23_36.wav
10431	1	./AudioMNIST/data/43/1_43_33.wav
10432	1	./AudioMNIST/data/57/1_57_39.wav
10433	8	./AudioMNIST/data/44/8_44_21.wav
10434	7	./AudioMNIST/data/41/7_41_18.wav
10435	9	./AudioMNIST/data/46/9_46_7.wav
10436	0	./AudioMNIST/data/52/0_52_43.wav
10437	9	./AudioMNIST/data/59/9_59_29.wav
10438	9	./AudioMNIST/data/39/9_39_40.wav
10439	9	./AudioMNIST/data/28/9_28_18.wav
10440	1	./AudioMNIST/data/14/1_14_0.wav
10441	0	./AudioMNIST/data/58/0_58_36.wav
10442	6	./AudioMNIST/data/45/6_45_13.wav
10443	6	./AudioMNIST/data/26/6_26_43.wav
10444	2	./AudioMNIST/data/43/2_43_2.wav
10445	3	./AudioMNIST/data/09/3_09_44.wav
10446	0	./AudioMNIST/data/14/0_14_5.wav
10447	7	./AudioMNIST/data/24/7_24_48.wav
10448	5	./AudioMNIST/data/27/5_27_45.wav
10449	3	./AudioMNIST/data/50/3_50_26.wav
10450	9	./AudioMNIST/data/45/9_45_5.wav
10451	8	./AudioMNIST/data/12/8_12_48.wav
10452	3	./AudioMNIST/data/04/3_04_29.wav
10453	7	./AudioMNIST/data/11/7_11_13.wav
10454	1	./AudioMNIST/data/11/1_11_2.wav
10455	6	./AudioMNIST/data/20/6_20_11.wav
10456	4	./AudioMNIST/data/36/4_36_4.wav
10457	2	./AudioMNIST/data/40/2_40_44.wav
10458	6	./AudioMNIST/data/20/6_20_14.wav
10459	0	./AudioMNIST/data/01/0_01_3.wav
10460	9	./AudioMNIST/data/31/9_31_6.wav
10461	8	./AudioMNIST/data/11/8_11_25.wav
10462	2	./AudioMNIST/data/48/2_48_36.wav
10463	6	./AudioMNIST/data/57/6_57_26.wav
10464	3	./AudioMNIST/data/21/3_21_32.wav
10465	1	./AudioMNIST/data/43/1_43_5.wav
10466	5	./AudioMNIST/data/05/5_05_27.wav
10467	4	./AudioMNIST/data/03/4_03_45.wav
10468	1	./AudioMNIST/data/29/1_29_4.wav
10469	7	./AudioMNIST/data/02/7_02_2.wav
10470	1	./AudioMNIST/data/31/1_31_8.wav
10471	8	./AudioMNIST/data/01/8_01_14.wav
10472	6	./AudioMNIST/data/22/6_22_34.wav
10473	6	./AudioMNIST/data/44/6_44_12.wav
10474	6	./AudioMNIST/data/18/6_18_12.wav
10475	6	./AudioMNIST/data/26/6_26_29.wav
10476	5	./AudioMNIST/data/43/5_43_3.wav
10477	5	./AudioMNIST/data/37/5_37_28.wav
10478	9	./AudioMNIST/data/44/9_44_18.wav
10479	3	./AudioMNIST/data/13/3_13_6.wav
10480	3	./AudioMNIST/data/49/3_49_13.wav
10481	4	./AudioMNIST/data/22/4_22_41.wav
10482	9	./AudioMNIST/data/11/9_11_39.wav
10483	7	./AudioMNIST/data/40/7_40_21.wav
10484	7	./AudioMNIST/data/20/7_20_38.wav
10485	4	./AudioMNIST/data/42/4_42_4.wav
10486	4	./AudioMNIST/data/49/4_49_16.wav
10487	2	./AudioMNIST/data/24/2_24_1.wav
10488	1	./AudioMNIST/data/51/1_51_34.wav
10489	7	./AudioMNIST/data/57/7_57_35.wav
10490	8	./AudioMNIST/data/09/8_09_34.wav
10491	9	./AudioMNIST/data/48/9_48_9.wav
10492	4	./AudioMNIST/data/02/4_02_7.wav
10493	4	./AudioMNIST/data/23/4_23_22.wav
10494	7	./AudioMNIST/data/57/7_57_4.wav
10495	2	./AudioMNIST/data/43/2_43_6.wav
10496	1	./AudioMNIST/data/44/1_44_31.wav
10497	5	./AudioMNIST/data/20/5_20_8.wav
10498	1	./AudioMNIST/data/38/1_38_39.wav
10499	1	./AudioMNIST/data/28/1_28_33.wav
10500	6	./AudioMNIST/data/19/6_19_37.wav
10501	9	./AudioMNIST/data/25/9_25_34.wav
10502	8	./AudioMNIST/data/23/8_23_44.wav
10503	5	./AudioMNIST/data/24/5_24_36.wav
10504	9	./AudioMNIST/data/30/9_30_30.wav
10505	4	./AudioMNIST/data/37/4_37_34.wav
10506	9	./AudioMNIST/data/18/9_18_14.wav
10507	7	./AudioMNIST/data/01/7_01_33.wav
10508	5	./AudioMNIST/data/32/5_32_44.wav
10509	7	./AudioMNIST/data/42/7_42_17.wav
10510	0	./AudioMNIST/data/47/0_47_27.wav
10511	4	./AudioMNIST/data/20/4_20_27.wav
10512	1	./AudioMNIST/data/53/1_53_0.wav
10513	8	./AudioMNIST/data/45/8_45_43.wav
10514	5	./AudioMNIST/data/29/5_29_29.wav
10515	2	./AudioMNIST/data/56/2_56_0.wav
10516	7	./AudioMNIST/data/17/7_17_12.wav
10517	4	./AudioMNIST/data/07/4_07_27.wav
10518	6	./AudioMNIST/data/17/6_17_6.wav
10519	5	./AudioMNIST/data/54/5_54_28.wav
10520	5	./AudioMNIST/data/48/5_48_34.wav
10521	4	./AudioMNIST/data/48/4_48_19.wav
10522	2	./AudioMNIST/data/45/2_45_49.wav
10523	6	./AudioMNIST/data/55/6_55_2.wav
10524	2	./AudioMNIST/data/37/2_37_13.wav
10525	7	./AudioMNIST/data/35/7_35_8.wav
10526	3	./AudioMNIST/data/08/3_08_26.wav
10527	9	./AudioMNIST/data/34/9_34_42.wav
10528	7	./AudioMNIST/data/59/7_59_28.wav
10529	8	./AudioMNIST/data/25/8_25_43.wav
10530	9	./AudioMNIST/data/59/9_59_26.wav
10531	6	./AudioMNIST/data/49/6_49_17.wav
10532	1	./AudioMNIST/data/24/1_24_21.wav
10533	7	./AudioMNIST/data/33/7_33_6.wav
10534	0	./AudioMNIST/data/38/0_38_16.wav
10535	9	./AudioMNIST/data/51/9_51_33.wav
10536	7	./AudioMNIST/data/58/7_58_1.wav
10537	8	./AudioMNIST/data/54/8_54_29.wav
10538	5	./AudioMNIST/data/07/5_07_14.wav
10539	6	./AudioMNIST/data/43/6_43_18.wav
10540	6	./AudioMNIST/data/23/6_23_11.wav
10541	4	./AudioMNIST/data/01/4_01_5.wav
10542	8	./AudioMNIST/data/26/8_26_6.wav
10543	7	./AudioMNIST/data/40/7_40_12.wav
10544	7	./AudioMNIST/data/56/7_56_46.wav
10545	9	./AudioMNIST/data/50/9_50_46.wav
10546	9	./AudioMNIST/data/48/9_48_38.wav
10547	9	./AudioMNIST/data/25/9_25_16.wav
10548	0	./AudioMNIST/data/56/0_56_8.wav
10549	3	./AudioMNIST/data/52/3_52_12.wav
10550	5	./AudioMNIST/data/29/5_29_31.wav
10551	1	./AudioMNIST/data/42/1_42_23.wav
10552	6	./AudioMNIST/data/35/6_35_34.wav
10553	7	./AudioMNIST/data/20/7_20_11.wav
10554	5	./AudioMNIST/data/60/5_60_37.wav
10555	0	./AudioMNIST/data/49/0_49_9.wav
10556	4	./AudioMNIST/data/40/4_40_45.wav
10557	9	./AudioMNIST/data/35/9_35_34.wav
10558	8	./AudioMNIST/data/29/8_29_16.wav
10559	5	./AudioMNIST/data/29/5_29_36.wav
10560	0	./AudioMNIST/data/60/0_60_29.wav
10561	0	./AudioMNIST/data/22/0_22_43.wav
10562	2	./AudioMNIST/data/57/2_57_22.wav
10563	7	./AudioMNIST/data/05/7_05_11.wav
10564	3	./AudioMNIST/data/31/3_31_37.wav
10565	2	./AudioMNIST/data/17/2_17_45.wav
10566	1	./AudioMNIST/data/17/1_17_19.wav
10567	6	./AudioMNIST/data/36/6_36_30.wav
10568	3	./AudioMNIST/data/54/3_54_23.wav
10569	8	./AudioMNIST/data/53/8_53_9.wav
10570	0	./AudioMNIST/data/37/0_37_39.wav
10571	8	./AudioMNIST/data/21/8_21_45.wav
10572	1	./AudioMNIST/data/03/1_03_44.wav
10573	5	./AudioMNIST/data/59/5_59_48.wav
10574	4	./AudioMNIST/data/11/4_11_21.wav
10575	8	./AudioMNIST/data/02/8_02_40.wav
10576	1	./AudioMNIST/data/48/1_48_41.wav
10577	7	./AudioMNIST/data/16/7_16_34.wav
10578	4	./AudioMNIST/data/19/4_19_31.wav
10579	7	./AudioMNIST/data/33/7_33_4.wav
10580	0	./AudioMNIST/data/11/0_11_37.wav
10581	3	./AudioMNIST/data/07/3_07_49.wav
10582	5	./AudioMNIST/data/26/5_26_43.wav
10583	1	./AudioMNIST/data/05/1_05_48.wav
10584	1	./AudioMNIST/data/04/1_04_11.wav
10585	9	./AudioMNIST/data/47/9_47_47.wav
10586	1	./AudioMNIST/data/41/1_41_30.wav
10587	4	./AudioMNIST/data/49/4_49_32.wav
10588	3	./AudioMNIST/data/36/3_36_14.wav
10589	9	./AudioMNIST/data/18/9_18_43.wav
10590	0	./AudioMNIST/data/10/0_10_16.wav
10591	3	./AudioMNIST/data/06/3_06_3.wav
10592	9	./AudioMNIST/data/35/9_35_40.wav
10593	4	./AudioMNIST/data/36/4_36_38.wav
10594	0	./AudioMNIST/data/32/0_32_34.wav
10595	1	./AudioMNIST/data/29/1_29_20.wav
10596	1	./AudioMNIST/data/59/1_59_5.wav
10597	6	./AudioMNIST/data/14/6_14_4.wav
10598	5	./AudioMNIST/data/42/5_42_5.wav
10599	7	./AudioMNIST/data/48/7_48_29.wav
10600	1	./AudioMNIST/data/48/1_48_2.wav
10601	4	./AudioMNIST/data/29/4_29_3.wav
10602	5	./AudioMNIST/data/48/5_48_24.wav
10603	2	./AudioMNIST/data/27/2_27_24.wav
10604	9	./AudioMNIST/data/34/9_34_18.wav
10605	8	./AudioMNIST/data/52/8_52_16.wav
10606	4	./AudioMNIST/data/19/4_19_11.wav
10607	7	./AudioMNIST/data/53/7_53_20.wav
10608	2	./AudioMNIST/data/52/2_52_34.wav
10609	0	./AudioMNIST/data/49/0_49_10.wav
10610	4	./AudioMNIST/data/15/4_15_13.wav
10611	2	./AudioMNIST/data/28/2_28_11.wav
10612	7	./AudioMNIST/data/49/7_49_23.wav
10613	1	./AudioMNIST/data/09/1_09_9.wav
10614	1	./AudioMNIST/data/02/1_02_5.wav
10615	7	./AudioMNIST/data/55/7_55_22.wav
10616	3	./AudioMNIST/data/59/3_59_1.wav
10617	4	./AudioMNIST/data/29/4_29_43.wav
10618	0	./AudioMNIST/data/29/0_29_47.wav
10619	4	./AudioMNIST/data/10/4_10_7.wav
10620	8	./AudioMNIST/data/33/8_33_31.wav
10621	3	./AudioMNIST/data/08/3_08_14.wav
10622	0	./AudioMNIST/data/20/0_20_24.wav
10623	8	./AudioMNIST/data/41/8_41_32.wav
10624	9	./AudioMNIST/data/04/9_04_39.wav
10625	2	./AudioMNIST/data/47/2_47_0.wav
10626	4	./AudioMNIST/data/18/4_18_43.wav
10627	1	./AudioMNIST/data/03/1_03_46.wav
10628	8	./AudioMNIST/data/60/8_60_46.wav
10629	8	./AudioMNIST/data/60/8_60_24.wav
10630	9	./AudioMNIST/data/36/9_36_7.wav
10631	4	./AudioMNIST/data/22/4_22_37.wav
10632	1	./AudioMNIST/data/17/1_17_8.wav
10633	4	./AudioMNIST/data/58/4_58_47.wav
10634	0	./AudioMNIST/data/49/0_49_39.wav
10635	4	./AudioMNIST/data/36/4_36_40.wav
10636	1	./AudioMNIST/data/04/1_04_44.wav
10637	3	./AudioMNIST/data/32/3_32_23.wav
10638	1	./AudioMNIST/data/41/1_41_48.wav
10639	7	./AudioMNIST/data/03/7_03_36.wav
10640	5	./AudioMNIST/data/26/5_26_20.wav
10641	5	./AudioMNIST/data/58/5_58_38.wav
10642	3	./AudioMNIST/data/10/3_10_0.wav
10643	9	./AudioMNIST/data/29/9_29_40.wav
10644	6	./AudioMNIST/data/45/6_45_16.wav
10645	8	./AudioMNIST/data/55/8_55_44.wav
10646	0	./AudioMNIST/data/05/0_05_15.wav
10647	7	./AudioMNIST/data/24/7_24_39.wav
10648	6	./AudioMNIST/data/50/6_50_30.wav
10649	8	./AudioMNIST/data/01/8_01_1.wav
10650	7	./AudioMNIST/data/39/7_39_27.wav
10651	9	./AudioMNIST/data/18/9_18_12.wav
10652	6	./AudioMNIST/data/44/6_44_4.wav
10653	4	./AudioMNIST/data/52/4_52_10.wav
10654	5	./AudioMNIST/data/32/5_32_35.wav
10655	4	./AudioMNIST/data/39/4_39_29.wav
10656	3	./AudioMNIST/data/40/3_40_38.wav
10657	5	./AudioMNIST/data/34/5_34_40.wav
10658	4	./AudioMNIST/data/23/4_23_8.wav
10659	3	./AudioMNIST/data/57/3_57_47.wav
10660	0	./AudioMNIST/data/52/0_52_1.wav
10661	3	./AudioMNIST/data/48/3_48_18.wav
10662	7	./AudioMNIST/data/54/7_54_41.wav
10663	0	./AudioMNIST/data/46/0_46_28.wav
10664	1	./AudioMNIST/data/07/1_07_43.wav
10665	8	./AudioMNIST/data/40/8_40_0.wav
10666	6	./AudioMNIST/data/48/6_48_18.wav
10667	4	./AudioMNIST/data/51/4_51_0.wav
10668	1	./AudioMNIST/data/19/1_19_33.wav
10669	2	./AudioMNIST/data/36/2_36_1.wav
10670	4	./AudioMNIST/data/31/4_31_12.wav
10671	8	./AudioMNIST/data/31/8_31_10.wav
10672	9	./AudioMNIST/data/16/9_16_22.wav
10673	7	./AudioMNIST/data/39/7_39_12.wav
10674	6	./AudioMNIST/data/32/6_32_29.wav
10675	5	./AudioMNIST/data/02/5_02_27.wav
10676	7	./AudioMNIST/data/08/7_08_6.wav
10677	1	./AudioMNIST/data/39/1_39_12.wav
10678	9	./AudioMNIST/data/28/9_28_41.wav
10679	1	./AudioMNIST/data/07/1_07_2.wav
10680	4	./AudioMNIST/data/36/4_36_37.wav
10681	7	./AudioMNIST/data/33/7_33_2.wav
10682	9	./AudioMNIST/data/24/9_24_47.wav
10683	5	./AudioMNIST/data/56/5_56_44.wav
10684	2	./AudioMNIST/data/42/2_42_35.wav
10685	5	./AudioMNIST/data/14/5_14_1.wav
10686	8	./AudioMNIST/data/59/8_59_21.wav
10687	1	./AudioMNIST/data/11/1_11_28.wav
10688	3	./AudioMNIST/data/13/3_13_45.wav
10689	2	./AudioMNIST/data/42/2_42_6.wav
10690	7	./AudioMNIST/data/31/7_31_33.wav
10691	9	./AudioMNIST/data/20/9_20_8.wav
10692	5	./AudioMNIST/data/50/5_50_10.wav
10693	9	./AudioMNIST/data/17/9_17_34.wav
10694	5	./AudioMNIST/data/60/5_60_11.wav
10695	2	./AudioMNIST/data/06/2_06_34.wav
10696	4	./AudioMNIST/data/26/4_26_10.wav
10697	2	./AudioMNIST/data/05/2_05_38.wav
10698	1	./AudioMNIST/data/01/1_01_49.wav
10699	2	./AudioMNIST/data/06/2_06_33.wav
10700	9	./AudioMNIST/data/34/9_34_29.wav
10701	5	./AudioMNIST/data/17/5_17_44.wav
10702	0	./AudioMNIST/data/35/0_35_19.wav
10703	4	./AudioMNIST/data/50/4_50_25.wav
10704	3	./AudioMNIST/data/13/3_13_31.wav
10705	3	./AudioMNIST/data/60/3_60_14.wav
10706	4	./AudioMNIST/data/56/4_56_19.wav
10707	3	./AudioMNIST/data/60/3_60_27.wav
10708	6	./AudioMNIST/data/25/6_25_32.wav
10709	0	./AudioMNIST/data/13/0_13_13.wav
10710	4	./AudioMNIST/data/18/4_18_49.wav
10711	9	./AudioMNIST/data/35/9_35_39.wav
10712	0	./AudioMNIST/data/08/0_08_38.wav
10713	6	./AudioMNIST/data/25/6_25_22.wav
10714	8	./AudioMNIST/data/02/8_02_48.wav
10715	8	./AudioMNIST/data/59/8_59_30.wav
10716	0	./AudioMNIST/data/57/0_57_46.wav
10717	9	./AudioMNIST/data/54/9_54_39.wav
10718	5	./AudioMNIST/data/27/5_27_5.wav
10719	0	./AudioMNIST/data/12/0_12_26.wav
10720	8	./AudioMNIST/data/37/8_37_20.wav
10721	2	./AudioMNIST/data/28/2_28_1.wav
10722	6	./AudioMNIST/data/22/6_22_3.wav
10723	6	./AudioMNIST/data/17/6_17_8.wav
10724	3	./AudioMNIST/data/40/3_40_6.wav
10725	4	./AudioMNIST/data/44/4_44_2.wav
10726	3	./AudioMNIST/data/38/3_38_23.wav
10727	9	./AudioMNIST/data/55/9_55_20.wav
10728	1	./AudioMNIST/data/09/1_09_2.wav
10729	6	./AudioMNIST/data/47/6_47_49.wav
10730	3	./AudioMNIST/data/35/3_35_30.wav
10731	6	./AudioMNIST/data/43/6_43_7.wav
10732	2	./AudioMNIST/data/07/2_07_20.wav
10733	2	./AudioMNIST/data/56/2_56_10.wav
10734	2	./AudioMNIST/data/09/2_09_24.wav
10735	7	./AudioMNIST/data/52/7_52_4.wav
10736	2	./AudioMNIST/data/09/2_09_40.wav
10737	5	./AudioMNIST/data/12/5_12_14.wav
10738	8	./AudioMNIST/data/23/8_23_28.wav
10739	4	./AudioMNIST/data/39/4_39_48.wav
10740	0	./AudioMNIST/data/27/0_27_18.wav
10741	2	./AudioMNIST/data/22/2_22_10.wav
10742	4	./AudioMNIST/data/23/4_23_28.wav
10743	6	./AudioMNIST/data/28/6_28_38.wav
10744	5	./AudioMNIST/data/20/5_20_22.wav
10745	3	./AudioMNIST/data/58/3_58_13.wav
10746	6	./AudioMNIST/data/08/6_08_19.wav
10747	7	./AudioMNIST/data/26/7_26_12.wav
10748	0	./AudioMNIST/data/33/0_33_49.wav
10749	9	./AudioMNIST/data/33/9_33_2.wav
10750	2	./AudioMNIST/data/44/2_44_31.wav
10751	1	./AudioMNIST/data/49/1_49_47.wav
10752	8	./AudioMNIST/data/48/8_48_17.wav
10753	0	./AudioMNIST/data/57/0_57_45.wav
10754	0	./AudioMNIST/data/41/0_41_19.wav
10755	7	./AudioMNIST/data/45/7_45_8.wav
10756	7	./AudioMNIST/data/18/7_18_29.wav
10757	1	./AudioMNIST/data/18/1_18_15.wav
10758	4	./AudioMNIST/data/31/4_31_31.wav
10759	0	./AudioMNIST/data/48/0_48_46.wav
10760	0	./AudioMNIST/data/44/0_44_19.wav
10761	9	./AudioMNIST/data/41/9_41_48.wav
10762	4	./AudioMNIST/data/36/4_36_30.wav
10763	2	./AudioMNIST/data/01/2_01_20.wav
10764	0	./AudioMNIST/data/51/0_51_8.wav
10765	6	./AudioMNIST/data/35/6_35_2.wav
10766	3	./AudioMNIST/data/16/3_16_33.wav
10767	8	./AudioMNIST/data/11/8_11_26.wav
10768	2	./AudioMNIST/data/17/2_17_10.wav
10769	0	./AudioMNIST/data/06/0_06_4.wav
10770	2	./AudioMNIST/data/35/2_35_35.wav
10771	7	./AudioMNIST/data/26/7_26_8.wav
10772	0	./AudioMNIST/data/55/0_55_40.wav
10773	3	./AudioMNIST/data/33/3_33_3.wav
10774	0	./AudioMNIST/data/54/0_54_25.wav
10775	0	./AudioMNIST/data/38/0_38_43.wav
10776	1	./AudioMNIST/data/22/1_22_43.wav
10777	9	./AudioMNIST/data/08/9_08_7.wav
10778	5	./AudioMNIST/data/10/5_10_47.wav
10779	2	./AudioMNIST/data/22/2_22_47.wav
10780	7	./AudioMNIST/data/43/7_43_8.wav
10781	8	./AudioMNIST/data/30/8_30_48.wav
10782	2	./AudioMNIST/data/03/2_03_7.wav
10783	2	./AudioMNIST/data/30/2_30_21.wav
10784	7	./AudioMNIST/data/24/7_24_27.wav
10785	4	./AudioMNIST/data/24/4_24_25.wav
10786	9	./AudioMNIST/data/57/9_57_39.wav
10787	9	./AudioMNIST/data/27/9_27_33.wav
10788	5	./AudioMNIST/data/14/5_14_27.wav
10789	2	./AudioMNIST/data/25/2_25_13.wav
10790	3	./AudioMNIST/data/10/3_10_34.wav
10791	9	./AudioMNIST/data/42/9_42_15.wav
10792	3	./AudioMNIST/data/53/3_53_18.wav
10793	8	./AudioMNIST/data/60/8_60_49.wav
10794	7	./AudioMNIST/data/37/7_37_3.wav
10795	3	./AudioMNIST/data/14/3_14_20.wav
10796	3	./AudioMNIST/data/49/3_49_33.wav
10797	2	./AudioMNIST/data/22/2_22_3.wav
10798	8	./AudioMNIST/data/02/8_02_43.wav
10799	5	./AudioMNIST/data/10/5_10_35.wav
10800	8	./AudioMNIST/data/58/8_58_26.wav
10801	4	./AudioMNIST/data/28/4_28_11.wav
10802	8	./AudioMNIST/data/08/8_08_13.wav
10803	7	./AudioMNIST/data/36/7_36_10.wav
10804	8	./AudioMNIST/data/30/8_30_42.wav
10805	6	./AudioMNIST/data/42/6_42_45.wav
10806	9	./AudioMNIST/data/48/9_48_3.wav
10807	5	./AudioMNIST/data/03/5_03_32.wav
10808	7	./AudioMNIST/data/50/7_50_1.wav
10809	6	./AudioMNIST/data/19/6_19_27.wav
10810	7	./AudioMNIST/data/51/7_51_0.wav
10811	2	./AudioMNIST/data/29/2_29_40.wav
10812	2	./AudioMNIST/data/40/2_40_48.wav
10813	1	./AudioMNIST/data/02/1_02_44.wav
10814	7	./AudioMNIST/data/35/7_35_29.wav
10815	2	./AudioMNIST/data/49/2_49_0.wav
10816	9	./AudioMNIST/data/17/9_17_1.wav
10817	3	./AudioMNIST/data/20/3_20_8.wav
10818	0	./AudioMNIST/data/25/0_25_14.wav
10819	0	./AudioMNIST/data/31/0_31_35.wav
10820	7	./AudioMNIST/data/48/7_48_34.wav
10821	1	./AudioMNIST/data/27/1_27_37.wav
10822	6	./AudioMNIST/data/46/6_46_9.wav
10823	2	./AudioMNIST/data/53/2_53_17.wav
10824	4	./AudioMNIST/data/31/4_31_23.wav
10825	8	./AudioMNIST/data/13/8_13_47.wav
10826	7	./AudioMNIST/data/01/7_01_3.wav
10827	4	./AudioMNIST/data/05/4_05_33.wav
10828	0	./AudioMNIST/data/45/0_45_12.wav
10829	5	./AudioMNIST/data/51/5_51_10.wav
10830	9	./AudioMNIST/data/01/9_01_40.wav
10831	3	./AudioMNIST/data/42/3_42_6.wav
10832	3	./AudioMNIST/data/51/3_51_41.wav
10833	2	./AudioMNIST/data/53/2_53_33.wav
10834	9	./AudioMNIST/data/04/9_04_49.wav
10835	3	./AudioMNIST/data/44/3_44_24.wav
10836	1	./AudioMNIST/data/27/1_27_25.wav
10837	2	./AudioMNIST/data/21/2_21_19.wav
10838	8	./AudioMNIST/data/08/8_08_49.wav
10839	0	./AudioMNIST/data/36/0_36_31.wav
10840	3	./AudioMNIST/data/16/3_16_21.wav
10841	0	./AudioMNIST/data/57/0_57_13.wav
10842	9	./AudioMNIST/data/42/9_42_14.wav
10843	3	./AudioMNIST/data/45/3_45_37.wav
10844	6	./AudioMNIST/data/25/6_25_49.wav
10845	7	./AudioMNIST/data/24/7_24_22.wav
10846	6	./AudioMNIST/data/53/6_53_36.wav
10847	7	./AudioMNIST/data/52/7_52_13.wav
10848	2	./AudioMNIST/data/14/2_14_8.wav
10849	4	./AudioMNIST/data/15/4_15_25.wav
10850	8	./AudioMNIST/data/04/8_04_22.wav
10851	2	./AudioMNIST/data/21/2_21_35.wav
10852	4	./AudioMNIST/data/55/4_55_28.wav
10853	9	./AudioMNIST/data/46/9_46_29.wav
10854	2	./AudioMNIST/data/51/2_51_23.wav
10855	7	./AudioMNIST/data/01/7_01_40.wav
10856	5	./AudioMNIST/data/49/5_49_31.wav
10857	4	./AudioMNIST/data/27/4_27_42.wav
10858	6	./AudioMNIST/data/38/6_38_48.wav
10859	6	./AudioMNIST/data/40/6_40_9.wav
10860	6	./AudioMNIST/data/18/6_18_34.wav
10861	3	./AudioMNIST/data/11/3_11_20.wav
10862	8	./AudioMNIST/data/02/8_02_17.wav
10863	6	./AudioMNIST/data/45/6_45_17.wav
10864	1	./AudioMNIST/data/49/1_49_41.wav
10865	5	./AudioMNIST/data/05/5_05_40.wav
10866	5	./AudioMNIST/data/18/5_18_35.wav
10867	9	./AudioMNIST/data/51/9_51_25.wav
10868	6	./AudioMNIST/data/12/6_12_8.wav
10869	0	./AudioMNIST/data/28/0_28_42.wav
10870	8	./AudioMNIST/data/46/8_46_39.wav
10871	9	./AudioMNIST/data/14/9_14_4.wav
10872	5	./AudioMNIST/data/15/5_15_19.wav
10873	1	./AudioMNIST/data/58/1_58_28.wav
10874	3	./AudioMNIST/data/43/3_43_13.wav
10875	5	./AudioMNIST/data/15/5_15_43.wav
10876	3	./AudioMNIST/data/48/3_48_34.wav
10877	7	./AudioMNIST/data/25/7_25_22.wav
10878	5	./AudioMNIST/data/56/5_56_27.wav
10879	9	./AudioMNIST/data/37/9_37_29.wav
10880	6	./AudioMNIST/data/52/6_52_33.wav
10881	4	./AudioMNIST/data/07/4_07_7.wav
10882	5	./AudioMNIST/data/01/5_01_16.wav
10883	3	./AudioMNIST/data/24/3_24_17.wav
10884	2	./AudioMNIST/data/38/2_38_9.wav
10885	2	./AudioMNIST/data/02/2_02_30.wav
10886	4	./AudioMNIST/data/17/4_17_14.wav
10887	5	./AudioMNIST/data/36/5_36_25.wav
10888	0	./AudioMNIST/data/16/0_16_13.wav
10889	3	./AudioMNIST/data/35/3_35_47.wav
10890	4	./AudioMNIST/data/07/4_07_40.wav
10891	7	./AudioMNIST/data/53/7_53_9.wav
10892	2	./AudioMNIST/data/57/2_57_42.wav
10893	7	./AudioMNIST/data/44/7_44_21.wav
10894	4	./AudioMNIST/data/41/4_41_8.wav
10895	4	./AudioMNIST/data/50/4_50_11.wav
10896	5	./AudioMNIST/data/04/5_04_45.wav
10897	9	./AudioMNIST/data/32/9_32_19.wav
10898	1	./AudioMNIST/data/39/1_39_38.wav
10899	6	./AudioMNIST/data/57/6_57_35.wav
10900	3	./AudioMNIST/data/35/3_35_9.wav
10901	4	./AudioMNIST/data/15/4_15_27.wav
10902	8	./AudioMNIST/data/24/8_24_42.wav
10903	8	./AudioMNIST/data/53/8_53_37.wav
10904	6	./AudioMNIST/data/08/6_08_23.wav
10905	2	./AudioMNIST/data/06/2_06_5.wav
10906	6	./AudioMNIST/data/42/6_42_43.wav
10907	8	./AudioMNIST/data/55/8_55_45.wav
10908	1	./AudioMNIST/data/60/1_60_2.wav
10909	2	./AudioMNIST/data/32/2_32_21.wav
10910	2	./AudioMNIST/data/38/2_38_18.wav
10911	1	./AudioMNIST/data/47/1_47_16.wav
10912	7	./AudioMNIST/data/06/7_06_0.wav
10913	3	./AudioMNIST/data/55/3_55_3.wav
10914	1	./AudioMNIST/data/13/1_13_49.wav
10915	2	./AudioMNIST/data/52/2_52_13.wav
10916	1	./AudioMNIST/data/43/1_43_20.wav
10917	9	./AudioMNIST/data/41/9_41_13.wav
10918	2	./AudioMNIST/data/45/2_45_35.wav
10919	1	./AudioMNIST/data/29/1_29_34.wav
10920	9	./AudioMNIST/data/58/9_58_47.wav
10921	9	./AudioMNIST/data/49/9_49_14.wav
10922	5	./AudioMNIST/data/44/5_44_20.wav
10923	3	./AudioMNIST/data/34/3_34_29.wav
10924	4	./AudioMNIST/data/07/4_07_28.wav
10925	5	./AudioMNIST/data/03/5_03_10.wav
10926	7	./AudioMNIST/data/19/7_19_1.wav
10927	8	./AudioMNIST/data/03/8_03_37.wav
10928	3	./AudioMNIST/data/50/3_50_19.wav
10929	0	./AudioMNIST/data/09/0_09_48.wav
10930	7	./AudioMNIST/data/46/7_46_41.wav
10931	8	./AudioMNIST/data/29/8_29_30.wav
10932	6	./AudioMNIST/data/45/6_45_37.wav
10933	9	./AudioMNIST/data/54/9_54_25.wav
10934	6	./AudioMNIST/data/50/6_50_40.wav
10935	1	./AudioMNIST/data/50/1_50_20.wav
10936	0	./AudioMNIST/data/27/0_27_44.wav
10937	5	./AudioMNIST/data/02/5_02_31.wav
10938	6	./AudioMNIST/data/20/6_20_44.wav
10939	6	./AudioMNIST/data/16/6_16_36.wav
10940	1	./AudioMNIST/data/29/1_29_16.wav
10941	0	./AudioMNIST/data/48/0_48_23.wav
10942	7	./AudioMNIST/data/51/7_51_20.wav
10943	9	./AudioMNIST/data/19/9_19_5.wav
10944	7	./AudioMNIST/data/31/7_31_8.wav
10945	0	./AudioMNIST/data/32/0_32_33.wav
10946	2	./AudioMNIST/data/44/2_44_26.wav
10947	3	./AudioMNIST/data/31/3_31_19.wav
10948	7	./AudioMNIST/data/20/7_20_0.wav
10949	1	./AudioMNIST/data/32/1_32_48.wav
10950	6	./AudioMNIST/data/16/6_16_26.wav
10951	4	./AudioMNIST/data/23/4_23_35.wav
10952	4	./AudioMNIST/data/39/4_39_6.wav
10953	6	./AudioMNIST/data/04/6_04_40.wav
10954	8	./AudioMNIST/data/24/8_24_6.wav
10955	6	./AudioMNIST/data/43/6_43_29.wav
10956	4	./AudioMNIST/data/02/4_02_19.wav
10957	1	./AudioMNIST/data/54/1_54_20.wav
10958	9	./AudioMNIST/data/47/9_47_15.wav
10959	3	./AudioMNIST/data/48/3_48_38.wav
10960	9	./AudioMNIST/data/19/9_19_28.wav
10961	5	./AudioMNIST/data/56/5_56_23.wav
10962	2	./AudioMNIST/data/29/2_29_11.wav
10963	9	./AudioMNIST/data/16/9_16_27.wav
10964	6	./AudioMNIST/data/17/6_17_15.wav
10965	8	./AudioMNIST/data/47/8_47_37.wav
10966	0	./AudioMNIST/data/39/0_39_38.wav
10967	6	./AudioMNIST/data/32/6_32_38.wav
10968	8	./AudioMNIST/data/39/8_39_8.wav
10969	6	./AudioMNIST/data/46/6_46_37.wav
10970	4	./AudioMNIST/data/59/4_59_19.wav
10971	8	./AudioMNIST/data/20/8_20_36.wav
10972	3	./AudioMNIST/data/41/3_41_10.wav
10973	0	./AudioMNIST/data/36/0_36_21.wav
10974	4	./AudioMNIST/data/20/4_20_25.wav
10975	8	./AudioMNIST/data/30/8_30_23.wav
10976	9	./AudioMNIST/data/37/9_37_19.wav
10977	4	./AudioMNIST/data/53/4_53_46.wav
10978	9	./AudioMNIST/data/56/9_56_48.wav
10979	4	./AudioMNIST/data/14/4_14_47.wav
10980	6	./AudioMNIST/data/45/6_45_7.wav
10981	1	./AudioMNIST/data/33/1_33_19.wav
10982	6	./AudioMNIST/data/01/6_01_39.wav
10983	1	./AudioMNIST/data/25/1_25_26.wav
10984	2	./AudioMNIST/data/09/2_09_10.wav
10985	0	./AudioMNIST/data/16/0_16_45.wav
10986	0	./AudioMNIST/data/57/0_57_10.wav
10987	1	./AudioMNIST/data/49/1_49_40.wav
10988	5	./AudioMNIST/data/08/5_08_11.wav
10989	7	./AudioMNIST/data/44/7_44_14.wav
10990	6	./AudioMNIST/data/05/6_05_16.wav
10991	0	./AudioMNIST/data/16/0_16_19.wav
10992	3	./AudioMNIST/data/31/3_31_20.wav
10993	2	./AudioMNIST/data/60/2_60_20.wav
10994	2	./AudioMNIST/data/38/2_38_15.wav
10995	0	./AudioMNIST/data/56/0_56_14.wav
10996	2	./AudioMNIST/data/12/2_12_16.wav
10997	2	./AudioMNIST/data/12/2_12_9.wav
10998	6	./AudioMNIST/data/11/6_11_20.wav
10999	0	./AudioMNIST/data/10/0_10_45.wav
11000	3	./AudioMNIST/data/10/3_10_45.wav
11001	2	./AudioMNIST/data/29/2_29_20.wav
11002	3	./AudioMNIST/data/37/3_37_26.wav
11003	7	./AudioMNIST/data/57/7_57_5.wav
11004	5	./AudioMNIST/data/48/5_48_13.wav
11005	1	./AudioMNIST/data/38/1_38_23.wav
11006	9	./AudioMNIST/data/48/9_48_2.wav
11007	8	./AudioMNIST/data/48/8_48_18.wav
11008	3	./AudioMNIST/data/06/3_06_41.wav
11009	4	./AudioMNIST/data/58/4_58_2.wav
11010	0	./AudioMNIST/data/54/0_54_26.wav
11011	3	./AudioMNIST/data/56/3_56_27.wav
11012	8	./AudioMNIST/data/49/8_49_27.wav
11013	7	./AudioMNIST/data/32/7_32_9.wav
11014	7	./AudioMNIST/data/35/7_35_23.wav
11015	9	./AudioMNIST/data/34/9_34_24.wav
11016	1	./AudioMNIST/data/41/1_41_45.wav
11017	1	./AudioMNIST/data/25/1_25_47.wav
11018	6	./AudioMNIST/data/20/6_20_27.wav
11019	2	./AudioMNIST/data/13/2_13_31.wav
11020	8	./AudioMNIST/data/56/8_56_13.wav
11021	5	./AudioMNIST/data/16/5_16_19.wav
11022	5	./AudioMNIST/data/06/5_06_13.wav
11023	9	./AudioMNIST/data/46/9_46_46.wav
11024	1	./AudioMNIST/data/55/1_55_3.wav
11025	9	./AudioMNIST/data/56/9_56_49.wav
11026	4	./AudioMNIST/data/20/4_20_43.wav
11027	7	./AudioMNIST/data/55/7_55_28.wav
11028	8	./AudioMNIST/data/58/8_58_10.wav
11029	8	./AudioMNIST/data/49/8_49_2.wav
11030	1	./AudioMNIST/data/43/1_43_6.wav
11031	6	./AudioMNIST/data/38/6_38_44.wav
11032	6	./AudioMNIST/data/31/6_31_40.wav
11033	3	./AudioMNIST/data/34/3_34_39.wav
11034	8	./AudioMNIST/data/53/8_53_2.wav
11035	7	./AudioMNIST/data/32/7_32_27.wav
11036	4	./AudioMNIST/data/30/4_30_31.wav
11037	7	./AudioMNIST/data/17/7_17_37.wav
11038	3	./AudioMNIST/data/18/3_18_6.wav
11039	6	./AudioMNIST/data/04/6_04_37.wav
11040	0	./AudioMNIST/data/51/0_51_40.wav
11041	5	./AudioMNIST/data/23/5_23_45.wav
11042	2	./AudioMNIST/data/17/2_17_4.wav
11043	3	./AudioMNIST/data/09/3_09_36.wav
11044	4	./AudioMNIST/data/04/4_04_47.wav
11045	6	./AudioMNIST/data/12/6_12_36.wav
11046	6	./AudioMNIST/data/52/6_52_36.wav
11047	4	./AudioMNIST/data/32/4_32_48.wav
11048	5	./AudioMNIST/data/25/5_25_40.wav
11049	8	./AudioMNIST/data/24/8_24_18.wav
11050	1	./AudioMNIST/data/27/1_27_1.wav
11051	5	./AudioMNIST/data/04/5_04_4.wav
11052	7	./AudioMNIST/data/53/7_53_30.wav
11053	6	./AudioMNIST/data/43/6_43_27.wav
11054	9	./AudioMNIST/data/27/9_27_17.wav
11055	9	./AudioMNIST/data/03/9_03_5.wav
11056	4	./AudioMNIST/data/57/4_57_13.wav
11057	2	./AudioMNIST/data/43/2_43_26.wav
11058	0	./AudioMNIST/data/28/0_28_29.wav
11059	8	./AudioMNIST/data/04/8_04_21.wav
11060	3	./AudioMNIST/data/20/3_20_26.wav
11061	8	./AudioMNIST/data/53/8_53_28.wav
11062	6	./AudioMNIST/data/41/6_41_27.wav
11063	9	./AudioMNIST/data/47/9_47_8.wav
11064	2	./AudioMNIST/data/07/2_07_3.wav
11065	1	./AudioMNIST/data/34/1_34_33.wav
11066	0	./AudioMNIST/data/53/0_53_21.wav
11067	2	./AudioMNIST/data/60/2_60_17.wav
11068	0	./AudioMNIST/data/14/0_14_3.wav
11069	0	./AudioMNIST/data/17/0_17_16.wav
11070	4	./AudioMNIST/data/04/4_04_14.wav
11071	8	./AudioMNIST/data/14/8_14_32.wav
11072	5	./AudioMNIST/data/36/5_36_9.wav
11073	7	./AudioMNIST/data/10/7_10_45.wav
11074	4	./AudioMNIST/data/26/4_26_14.wav
11075	6	./AudioMNIST/data/05/6_05_3.wav
11076	0	./AudioMNIST/data/42/0_42_6.wav
11077	7	./AudioMNIST/data/30/7_30_24.wav
11078	5	./AudioMNIST/data/01/5_01_5.wav
11079	2	./AudioMNIST/data/59/2_59_37.wav
11080	8	./AudioMNIST/data/59/8_59_14.wav
11081	0	./AudioMNIST/data/37/0_37_42.wav
11082	1	./AudioMNIST/data/56/1_56_31.wav
11083	3	./AudioMNIST/data/46/3_46_22.wav
11084	3	./AudioMNIST/data/21/3_21_0.wav
11085	6	./AudioMNIST/data/58/6_58_8.wav
11086	6	./AudioMNIST/data/31/6_31_44.wav
11087	9	./AudioMNIST/data/05/9_05_28.wav
11088	7	./AudioMNIST/data/17/7_17_10.wav
11089	6	./AudioMNIST/data/06/6_06_46.wav
11090	2	./AudioMNIST/data/39/2_39_3.wav
11091	1	./AudioMNIST/data/06/1_06_33.wav
11092	2	./AudioMNIST/data/28/2_28_22.wav
11093	6	./AudioMNIST/data/15/6_15_24.wav
11094	2	./AudioMNIST/data/46/2_46_6.wav
11095	2	./AudioMNIST/data/60/2_60_25.wav
11096	7	./AudioMNIST/data/28/7_28_48.wav
11097	5	./AudioMNIST/data/30/5_30_10.wav
11098	4	./AudioMNIST/data/15/4_15_3.wav
11099	9	./AudioMNIST/data/46/9_46_39.wav
11100	1	./AudioMNIST/data/53/1_53_7.wav
11101	7	./AudioMNIST/data/57/7_57_9.wav
11102	1	./AudioMNIST/data/39/1_39_22.wav
11103	9	./AudioMNIST/data/17/9_17_14.wav
11104	1	./AudioMNIST/data/30/1_30_11.wav
11105	5	./AudioMNIST/data/31/5_31_32.wav
11106	6	./AudioMNIST/data/31/6_31_26.wav
11107	0	./AudioMNIST/data/34/0_34_27.wav
11108	8	./AudioMNIST/data/35/8_35_27.wav
11109	1	./AudioMNIST/data/28/1_28_8.wav
11110	3	./AudioMNIST/data/48/3_48_20.wav
11111	3	./AudioMNIST/data/20/3_20_36.wav
11112	4	./AudioMNIST/data/51/4_51_24.wav
11113	3	./AudioMNIST/data/44/3_44_44.wav
11114	9	./AudioMNIST/data/53/9_53_3.wav
11115	5	./AudioMNIST/data/30/5_30_5.wav
11116	3	./AudioMNIST/data/04/3_04_46.wav
11117	9	./AudioMNIST/data/26/9_26_49.wav
11118	7	./AudioMNIST/data/56/7_56_40.wav
11119	3	./AudioMNIST/data/06/3_06_17.wav
11120	9	./AudioMNIST/data/11/9_11_14.wav
11121	3	./AudioMNIST/data/21/3_21_3.wav
11122	7	./AudioMNIST/data/45/7_45_6.wav
11123	2	./AudioMNIST/data/29/2_29_9.wav
11124	9	./AudioMNIST/data/49/9_49_5.wav
11125	1	./AudioMNIST/data/48/1_48_29.wav
11126	3	./AudioMNIST/data/15/3_15_3.wav
11127	8	./AudioMNIST/data/22/8_22_24.wav
11128	9	./AudioMNIST/data/43/9_43_24.wav
11129	0	./AudioMNIST/data/11/0_11_43.wav
11130	9	./AudioMNIST/data/44/9_44_37.wav
11131	6	./AudioMNIST/data/15/6_15_10.wav
11132	9	./AudioMNIST/data/48/9_48_7.wav
11133	9	./AudioMNIST/data/38/9_38_46.wav
11134	2	./AudioMNIST/data/31/2_31_13.wav
11135	7	./AudioMNIST/data/15/7_15_44.wav
11136	4	./AudioMNIST/data/39/4_39_16.wav
11137	4	./AudioMNIST/data/50/4_50_34.wav
11138	1	./AudioMNIST/data/39/1_39_23.wav
11139	7	./AudioMNIST/data/47/7_47_44.wav
11140	5	./AudioMNIST/data/53/5_53_32.wav
11141	4	./AudioMNIST/data/22/4_22_5.wav
11142	5	./AudioMNIST/data/29/5_29_16.wav
11143	9	./AudioMNIST/data/43/9_43_25.wav
11144	1	./AudioMNIST/data/01/1_01_6.wav
11145	8	./AudioMNIST/data/35/8_35_18.wav
11146	5	./AudioMNIST/data/24/5_24_13.wav
11147	0	./AudioMNIST/data/17/0_17_29.wav
11148	5	./AudioMNIST/data/48/5_48_35.wav
11149	8	./AudioMNIST/data/46/8_46_16.wav
11150	4	./AudioMNIST/data/03/4_03_0.wav
11151	6	./AudioMNIST/data/32/6_32_16.wav
11152	1	./AudioMNIST/data/36/1_36_23.wav
11153	2	./AudioMNIST/data/29/2_29_32.wav
11154	2	./AudioMNIST/data/38/2_38_25.wav
11155	6	./AudioMNIST/data/59/6_59_46.wav
11156	6	./AudioMNIST/data/58/6_58_9.wav
11157	4	./AudioMNIST/data/28/4_28_15.wav
11158	6	./AudioMNIST/data/16/6_16_6.wav
11159	0	./AudioMNIST/data/32/0_32_35.wav
11160	7	./AudioMNIST/data/43/7_43_6.wav
11161	7	./AudioMNIST/data/37/7_37_21.wav
11162	3	./AudioMNIST/data/20/3_20_9.wav
11163	2	./AudioMNIST/data/01/2_01_10.wav
11164	1	./AudioMNIST/data/40/1_40_31.wav
11165	1	./AudioMNIST/data/28/1_28_18.wav
11166	5	./AudioMNIST/data/13/5_13_7.wav
11167	5	./AudioMNIST/data/55/5_55_11.wav
11168	5	./AudioMNIST/data/05/5_05_1.wav
11169	8	./AudioMNIST/data/28/8_28_33.wav
11170	7	./AudioMNIST/data/49/7_49_1.wav
11171	7	./AudioMNIST/data/54/7_54_16.wav
11172	4	./AudioMNIST/data/15/4_15_14.wav
11173	0	./AudioMNIST/data/48/0_48_36.wav
11174	9	./AudioMNIST/data/55/9_55_9.wav
11175	8	./AudioMNIST/data/01/8_01_43.wav
11176	0	./AudioMNIST/data/09/0_09_16.wav
11177	0	./AudioMNIST/data/04/0_04_43.wav
11178	7	./AudioMNIST/data/12/7_12_3.wav
11179	0	./AudioMNIST/data/50/0_50_18.wav
11180	1	./AudioMNIST/data/44/1_44_5.wav
11181	3	./AudioMNIST/data/42/3_42_45.wav
11182	8	./AudioMNIST/data/57/8_57_7.wav
11183	2	./AudioMNIST/data/30/2_30_41.wav
11184	1	./AudioMNIST/data/29/1_29_8.wav
11185	2	./AudioMNIST/data/14/2_14_31.wav
11186	5	./AudioMNIST/data/56/5_56_16.wav
11187	3	./AudioMNIST/data/44/3_44_47.wav
11188	4	./AudioMNIST/data/07/4_07_9.wav
11189	8	./AudioMNIST/data/60/8_60_6.wav
11190	5	./AudioMNIST/data/31/5_31_35.wav
11191	0	./AudioMNIST/data/18/0_18_26.wav
11192	7	./AudioMNIST/data/46/7_46_23.wav
11193	8	./AudioMNIST/data/37/8_37_16.wav
11194	8	./AudioMNIST/data/13/8_13_33.wav
11195	4	./AudioMNIST/data/31/4_31_37.wav
11196	0	./AudioMNIST/data/15/0_15_10.wav
11197	5	./AudioMNIST/data/17/5_17_35.wav
11198	8	./AudioMNIST/data/03/8_03_31.wav
11199	4	./AudioMNIST/data/41/4_41_9.wav
11200	5	./AudioMNIST/data/29/5_29_38.wav
11201	0	./AudioMNIST/data/21/0_21_36.wav
11202	6	./AudioMNIST/data/33/6_33_13.wav
11203	8	./AudioMNIST/data/29/8_29_48.wav
11204	0	./AudioMNIST/data/53/0_53_12.wav
11205	1	./AudioMNIST/data/25/1_25_33.wav
11206	7	./AudioMNIST/data/36/7_36_32.wav
11207	6	./AudioMNIST/data/50/6_50_36.wav
11208	4	./AudioMNIST/data/07/4_07_2.wav
11209	1	./AudioMNIST/data/14/1_14_9.wav
11210	6	./AudioMNIST/data/32/6_32_46.wav
11211	1	./AudioMNIST/data/03/1_03_1.wav
11212	2	./AudioMNIST/data/05/2_05_36.wav
11213	0	./AudioMNIST/data/49/0_49_45.wav
11214	3	./AudioMNIST/data/31/3_31_38.wav
11215	9	./AudioMNIST/data/34/9_34_43.wav
11216	1	./AudioMNIST/data/60/1_60_45.wav
11217	6	./AudioMNIST/data/52/6_52_45.wav
11218	5	./AudioMNIST/data/01/5_01_32.wav
11219	7	./AudioMNIST/data/41/7_41_8.wav
11220	5	./AudioMNIST/data/02/5_02_29.wav
11221	2	./AudioMNIST/data/35/2_35_17.wav
11222	3	./AudioMNIST/data/46/3_46_6.wav
11223	1	./AudioMNIST/data/06/1_06_38.wav
11224	3	./AudioMNIST/data/32/3_32_44.wav
11225	5	./AudioMNIST/data/58/5_58_26.wav
11226	2	./AudioMNIST/data/21/2_21_5.wav
11227	4	./AudioMNIST/data/16/4_16_44.wav
11228	7	./AudioMNIST/data/24/7_24_40.wav
11229	9	./AudioMNIST/data/13/9_13_34.wav
11230	6	./AudioMNIST/data/46/6_46_4.wav
11231	3	./AudioMNIST/data/04/3_04_7.wav
11232	6	./AudioMNIST/data/32/6_32_15.wav
11233	9	./AudioMNIST/data/47/9_47_44.wav
11234	2	./AudioMNIST/data/07/2_07_13.wav
11235	1	./AudioMNIST/data/23/1_23_48.wav
11236	5	./AudioMNIST/data/08/5_08_27.wav
11237	8	./AudioMNIST/data/32/8_32_11.wav
11238	4	./AudioMNIST/data/24/4_24_28.wav
11239	9	./AudioMNIST/data/35/9_35_41.wav
11240	2	./AudioMNIST/data/44/2_44_47.wav
11241	5	./AudioMNIST/data/42/5_42_39.wav
11242	3	./AudioMNIST/data/12/3_12_0.wav
11243	1	./AudioMNIST/data/17/1_17_12.wav
11244	4	./AudioMNIST/data/52/4_52_5.wav
11245	5	./AudioMNIST/data/58/5_58_49.wav
11246	1	./AudioMNIST/data/44/1_44_33.wav
11247	7	./AudioMNIST/data/56/7_56_15.wav
11248	7	./AudioMNIST/data/56/7_56_47.wav
11249	1	./AudioMNIST/data/16/1_16_28.wav
11250	0	./AudioMNIST/data/51/0_51_36.wav
11251	8	./AudioMNIST/data/21/8_21_49.wav
11252	8	./AudioMNIST/data/40/8_40_3.wav
11253	7	./AudioMNIST/data/43/7_43_23.wav
11254	4	./AudioMNIST/data/24/4_24_37.wav
11255	4	./AudioMNIST/data/44/4_44_39.wav
11256	2	./AudioMNIST/data/20/2_20_24.wav
11257	4	./AudioMNIST/data/31/4_31_38.wav
11258	0	./AudioMNIST/data/41/0_41_11.wav
11259	5	./AudioMNIST/data/26/5_26_38.wav
11260	9	./AudioMNIST/data/10/9_10_38.wav
11261	8	./AudioMNIST/data/57/8_57_26.wav
11262	7	./AudioMNIST/data/39/7_39_7.wav
11263	7	./AudioMNIST/data/35/7_35_43.wav
11264	0	./AudioMNIST/data/17/0_17_4.wav
11265	5	./AudioMNIST/data/43/5_43_9.wav
11266	7	./AudioMNIST/data/11/7_11_7.wav
11267	7	./AudioMNIST/data/01/7_01_46.wav
11268	5	./AudioMNIST/data/10/5_10_10.wav
11269	3	./AudioMNIST/data/38/3_38_35.wav
11270	0	./AudioMNIST/data/45/0_45_42.wav
11271	1	./AudioMNIST/data/59/1_59_15.wav
11272	8	./AudioMNIST/data/38/8_38_9.wav
11273	0	./AudioMNIST/data/37/0_37_10.wav
11274	6	./AudioMNIST/data/20/6_20_4.wav
11275	7	./AudioMNIST/data/07/7_07_44.wav
11276	6	./AudioMNIST/data/47/6_47_13.wav
11277	0	./AudioMNIST/data/26/0_26_29.wav
11278	9	./AudioMNIST/data/12/9_12_7.wav
11279	0	./AudioMNIST/data/30/0_30_32.wav
11280	2	./AudioMNIST/data/41/2_41_34.wav
11281	4	./AudioMNIST/data/49/4_49_25.wav
11282	4	./AudioMNIST/data/56/4_56_45.wav
11283	5	./AudioMNIST/data/08/5_08_47.wav
11284	6	./AudioMNIST/data/20/6_20_31.wav
11285	7	./AudioMNIST/data/08/7_08_47.wav
11286	1	./AudioMNIST/data/44/1_44_30.wav
11287	8	./AudioMNIST/data/41/8_41_7.wav
11288	4	./AudioMNIST/data/04/4_04_28.wav
11289	3	./AudioMNIST/data/35/3_35_17.wav
11290	1	./AudioMNIST/data/59/1_59_27.wav
11291	2	./AudioMNIST/data/26/2_26_17.wav
11292	1	./AudioMNIST/data/58/1_58_32.wav
11293	8	./AudioMNIST/data/51/8_51_11.wav
11294	0	./AudioMNIST/data/22/0_22_17.wav
11295	6	./AudioMNIST/data/57/6_57_30.wav
11296	1	./AudioMNIST/data/48/1_48_8.wav
11297	0	./AudioMNIST/data/36/0_36_18.wav
11298	8	./AudioMNIST/data/40/8_40_32.wav
11299	0	./AudioMNIST/data/01/0_01_37.wav
11300	2	./AudioMNIST/data/18/2_18_37.wav
11301	5	./AudioMNIST/data/16/5_16_3.wav
11302	7	./AudioMNIST/data/06/7_06_36.wav
11303	4	./AudioMNIST/data/20/4_20_2.wav
11304	0	./AudioMNIST/data/09/0_09_11.wav
11305	5	./AudioMNIST/data/24/5_24_0.wav
11306	3	./AudioMNIST/data/58/3_58_38.wav
11307	4	./AudioMNIST/data/40/4_40_36.wav
11308	5	./AudioMNIST/data/44/5_44_0.wav
11309	3	./AudioMNIST/data/40/3_40_39.wav
11310	3	./AudioMNIST/data/40/3_40_19.wav
11311	3	./AudioMNIST/data/50/3_50_5.wav
11312	1	./AudioMNIST/data/59/1_59_1.wav
11313	9	./AudioMNIST/data/20/9_20_37.wav
11314	5	./AudioMNIST/data/30/5_30_14.wav
11315	3	./AudioMNIST/data/14/3_14_31.wav
11316	2	./AudioMNIST/data/36/2_36_35.wav
11317	9	./AudioMNIST/data/52/9_52_46.wav
11318	2	./AudioMNIST/data/52/2_52_16.wav
11319	4	./AudioMNIST/data/04/4_04_36.wav
11320	9	./AudioMNIST/data/08/9_08_4.wav
11321	6	./AudioMNIST/data/53/6_53_29.wav
11322	4	./AudioMNIST/data/30/4_30_23.wav
11323	4	./AudioMNIST/data/10/4_10_21.wav
11324	6	./AudioMNIST/data/40/6_40_20.wav
11325	3	./AudioMNIST/data/60/3_60_25.wav
11326	2	./AudioMNIST/data/21/2_21_36.wav
11327	4	./AudioMNIST/data/08/4_08_25.wav
11328	6	./AudioMNIST/data/55/6_55_19.wav
11329	4	./AudioMNIST/data/04/4_04_11.wav
11330	0	./AudioMNIST/data/44/0_44_43.wav
11331	7	./AudioMNIST/data/10/7_10_11.wav
11332	4	./AudioMNIST/data/16/4_16_31.wav
11333	3	./AudioMNIST/data/44/3_44_19.wav
11334	5	./AudioMNIST/data/54/5_54_35.wav
11335	8	./AudioMNIST/data/32/8_32_27.wav
11336	8	./AudioMNIST/data/11/8_11_1.wav
11337	2	./AudioMNIST/data/57/2_57_11.wav
11338	3	./AudioMNIST/data/11/3_11_21.wav
11339	3	./AudioMNIST/data/09/3_09_23.wav
11340	7	./AudioMNIST/data/03/7_03_26.wav
11341	8	./AudioMNIST/data/14/8_14_22.wav
11342	0	./AudioMNIST/data/13/0_13_15.wav
11343	0	./AudioMNIST/data/42/0_42_23.wav
11344	4	./AudioMNIST/data/28/4_28_8.wav
11345	7	./AudioMNIST/data/19/7_19_24.wav
11346	7	./AudioMNIST/data/50/7_50_34.wav
11347	2	./AudioMNIST/data/43/2_43_48.wav
11348	3	./AudioMNIST/data/06/3_06_47.wav
11349	0	./AudioMNIST/data/43/0_43_15.wav
11350	3	./AudioMNIST/data/41/3_41_36.wav
11351	3	./AudioMNIST/data/14/3_14_11.wav
11352	1	./AudioMNIST/data/13/1_13_40.wav
11353	8	./AudioMNIST/data/43/8_43_31.wav
11354	9	./AudioMNIST/data/33/9_33_37.wav
11355	2	./AudioMNIST/data/24/2_24_26.wav
11356	3	./AudioMNIST/data/59/3_59_15.wav
11357	6	./AudioMNIST/data/43/6_43_49.wav
11358	1	./AudioMNIST/data/49/1_49_7.wav
11359	2	./AudioMNIST/data/60/2_60_21.wav
11360	6	./AudioMNIST/data/56/6_56_32.wav
11361	2	./AudioMNIST/data/53/2_53_45.wav
11362	9	./AudioMNIST/data/20/9_20_19.wav
11363	2	./AudioMNIST/data/51/2_51_43.wav
11364	7	./AudioMNIST/data/01/7_01_29.wav
11365	6	./AudioMNIST/data/15/6_15_38.wav
11366	4	./AudioMNIST/data/22/4_22_25.wav
11367	9	./AudioMNIST/data/41/9_41_39.wav
11368	4	./AudioMNIST/data/09/4_09_39.wav
11369	3	./AudioMNIST/data/03/3_03_21.wav
11370	8	./AudioMNIST/data/17/8_17_48.wav
11371	7	./AudioMNIST/data/22/7_22_10.wav
11372	0	./AudioMNIST/data/26/0_26_25.wav
11373	0	./AudioMNIST/data/20/0_20_36.wav
11374	2	./AudioMNIST/data/32/2_32_5.wav
11375	3	./AudioMNIST/data/24/3_24_39.wav
11376	2	./AudioMNIST/data/36/2_36_32.wav
11377	0	./AudioMNIST/data/22/0_22_45.wav
11378	0	./AudioMNIST/data/31/0_31_33.wav
11379	3	./AudioMNIST/data/01/3_01_2.wav
11380	2	./AudioMNIST/data/40/2_40_15.wav
11381	5	./AudioMNIST/data/55/5_55_3.wav
11382	1	./AudioMNIST/data/56/1_56_27.wav
11383	4	./AudioMNIST/data/17/4_17_43.wav
11384	2	./AudioMNIST/data/32/2_32_13.wav
11385	1	./AudioMNIST/data/07/1_07_18.wav
11386	5	./AudioMNIST/data/11/5_11_28.wav
11387	7	./AudioMNIST/data/44/7_44_44.wav
11388	5	./AudioMNIST/data/06/5_06_34.wav
11389	7	./AudioMNIST/data/19/7_19_27.wav
11390	8	./AudioMNIST/data/29/8_29_5.wav
11391	0	./AudioMNIST/data/08/0_08_4.wav
11392	6	./AudioMNIST/data/47/6_47_9.wav
11393	9	./AudioMNIST/data/19/9_19_37.wav
11394	9	./AudioMNIST/data/36/9_36_18.wav
11395	2	./AudioMNIST/data/49/2_49_28.wav
11396	1	./AudioMNIST/data/15/1_15_16.wav
11397	6	./AudioMNIST/data/45/6_45_20.wav
11398	3	./AudioMNIST/data/45/3_45_13.wav
11399	5	./AudioMNIST/data/46/5_46_29.wav
11400	5	./AudioMNIST/data/49/5_49_35.wav
11401	5	./AudioMNIST/data/10/5_10_48.wav
11402	7	./AudioMNIST/data/02/7_02_24.wav
11403	9	./AudioMNIST/data/19/9_19_41.wav
11404	3	./AudioMNIST/data/25/3_25_0.wav
11405	3	./AudioMNIST/data/22/3_22_40.wav
11406	3	./AudioMNIST/data/32/3_32_41.wav
11407	3	./AudioMNIST/data/51/3_51_32.wav
11408	1	./AudioMNIST/data/57/1_57_38.wav
11409	8	./AudioMNIST/data/20/8_20_20.wav
11410	8	./AudioMNIST/data/33/8_33_29.wav
11411	2	./AudioMNIST/data/53/2_53_8.wav
11412	3	./AudioMNIST/data/19/3_19_20.wav
11413	0	./AudioMNIST/data/43/0_43_7.wav
11414	9	./AudioMNIST/data/30/9_30_36.wav
11415	0	./AudioMNIST/data/07/0_07_33.wav
11416	4	./AudioMNIST/data/39/4_39_42.wav
11417	7	./AudioMNIST/data/40/7_40_38.wav
11418	4	./AudioMNIST/data/22/4_22_36.wav
11419	6	./AudioMNIST/data/45/6_45_9.wav
11420	2	./AudioMNIST/data/02/2_02_23.wav
11421	4	./AudioMNIST/data/57/4_57_30.wav
11422	2	./AudioMNIST/data/22/2_22_24.wav
11423	6	./AudioMNIST/data/53/6_53_3.wav
11424	8	./AudioMNIST/data/45/8_45_7.wav
11425	7	./AudioMNIST/data/45/7_45_25.wav
11426	5	./AudioMNIST/data/16/5_16_28.wav
11427	0	./AudioMNIST/data/13/0_13_47.wav
11428	7	./AudioMNIST/data/04/7_04_10.wav
11429	0	./AudioMNIST/data/38/0_38_45.wav
11430	9	./AudioMNIST/data/25/9_25_24.wav
11431	5	./AudioMNIST/data/24/5_24_26.wav
11432	6	./AudioMNIST/data/19/6_19_12.wav
11433	0	./AudioMNIST/data/02/0_02_25.wav
11434	6	./AudioMNIST/data/31/6_31_37.wav
11435	2	./AudioMNIST/data/54/2_54_46.wav
11436	4	./AudioMNIST/data/38/4_38_41.wav
11437	0	./AudioMNIST/data/06/0_06_18.wav
11438	2	./AudioMNIST/data/03/2_03_47.wav
11439	5	./AudioMNIST/data/32/5_32_41.wav
11440	2	./AudioMNIST/data/40/2_40_6.wav
11441	0	./AudioMNIST/data/59/0_59_10.wav
11442	9	./AudioMNIST/data/05/9_05_9.wav
11443	6	./AudioMNIST/data/36/6_36_5.wav
11444	8	./AudioMNIST/data/40/8_40_14.wav
11445	3	./AudioMNIST/data/07/3_07_43.wav
11446	8	./AudioMNIST/data/43/8_43_15.wav
11447	2	./AudioMNIST/data/31/2_31_2.wav
11448	0	./AudioMNIST/data/24/0_24_14.wav
11449	6	./AudioMNIST/data/09/6_09_37.wav
11450	5	./AudioMNIST/data/48/5_48_18.wav
11451	2	./AudioMNIST/data/30/2_30_19.wav
11452	3	./AudioMNIST/data/13/3_13_9.wav
11453	9	./AudioMNIST/data/20/9_20_2.wav
11454	9	./AudioMNIST/data/12/9_12_40.wav
11455	3	./AudioMNIST/data/01/3_01_20.wav
11456	4	./AudioMNIST/data/21/4_21_27.wav
11457	8	./AudioMNIST/data/34/8_34_17.wav
11458	1	./AudioMNIST/data/59/1_59_42.wav
11459	0	./AudioMNIST/data/59/0_59_6.wav
11460	9	./AudioMNIST/data/02/9_02_26.wav
11461	1	./AudioMNIST/data/33/1_33_17.wav
11462	4	./AudioMNIST/data/19/4_19_17.wav
11463	1	./AudioMNIST/data/35/1_35_32.wav
11464	1	./AudioMNIST/data/14/1_14_14.wav
11465	4	./AudioMNIST/data/38/4_38_0.wav
11466	7	./AudioMNIST/data/26/7_26_17.wav
11467	8	./AudioMNIST/data/28/8_28_4.wav
11468	6	./AudioMNIST/data/27/6_27_48.wav
11469	3	./AudioMNIST/data/26/3_26_22.wav
11470	5	./AudioMNIST/data/50/5_50_39.wav
11471	3	./AudioMNIST/data/36/3_36_47.wav
11472	6	./AudioMNIST/data/04/6_04_43.wav
11473	6	./AudioMNIST/data/15/6_15_46.wav
11474	2	./AudioMNIST/data/24/2_24_40.wav
11475	2	./AudioMNIST/data/54/2_54_4.wav
11476	4	./AudioMNIST/data/21/4_21_28.wav
11477	0	./AudioMNIST/data/02/0_02_11.wav
11478	4	./AudioMNIST/data/37/4_37_23.wav
11479	8	./AudioMNIST/data/16/8_16_18.wav
11480	9	./AudioMNIST/data/45/9_45_10.wav
11481	5	./AudioMNIST/data/23/5_23_28.wav
11482	0	./AudioMNIST/data/19/0_19_32.wav
11483	6	./AudioMNIST/data/44/6_44_36.wav
11484	6	./AudioMNIST/data/60/6_60_12.wav
11485	2	./AudioMNIST/data/52/2_52_40.wav
11486	3	./AudioMNIST/data/20/3_20_35.wav
11487	7	./AudioMNIST/data/30/7_30_19.wav
11488	1	./AudioMNIST/data/60/1_60_29.wav
11489	9	./AudioMNIST/data/08/9_08_1.wav
11490	2	./AudioMNIST/data/49/2_49_35.wav
11491	7	./AudioMNIST/data/23/7_23_13.wav
11492	1	./AudioMNIST/data/41/1_41_28.wav
11493	4	./AudioMNIST/data/06/4_06_27.wav
11494	5	./AudioMNIST/data/45/5_45_33.wav
11495	2	./AudioMNIST/data/25/2_25_31.wav
11496	6	./AudioMNIST/data/57/6_57_4.wav
11497	7	./AudioMNIST/data/05/7_05_26.wav
11498	4	./AudioMNIST/data/21/4_21_20.wav
11499	0	./AudioMNIST/data/08/0_08_2.wav
11500	7	./AudioMNIST/data/02/7_02_25.wav
11501	4	./AudioMNIST/data/08/4_08_14.wav
11502	5	./AudioMNIST/data/50/5_50_43.wav
11503	6	./AudioMNIST/data/55/6_55_27.wav
11504	8	./AudioMNIST/data/02/8_02_4.wav
11505	3	./AudioMNIST/data/27/3_27_32.wav
11506	0	./AudioMNIST/data/49/0_49_3.wav
11507	6	./AudioMNIST/data/17/6_17_43.wav
11508	6	./AudioMNIST/data/05/6_05_25.wav
11509	6	./AudioMNIST/data/24/6_24_47.wav
11510	1	./AudioMNIST/data/02/1_02_47.wav
11511	4	./AudioMNIST/data/45/4_45_19.wav
11512	5	./AudioMNIST/data/31/5_31_1.wav
11513	7	./AudioMNIST/data/57/7_57_2.wav
11514	7	./AudioMNIST/data/28/7_28_27.wav
11515	8	./AudioMNIST/data/17/8_17_12.wav
11516	0	./AudioMNIST/data/53/0_53_49.wav
11517	9	./AudioMNIST/data/04/9_04_25.wav
11518	7	./AudioMNIST/data/13/7_13_49.wav
11519	9	./AudioMNIST/data/49/9_49_17.wav
11520	8	./AudioMNIST/data/18/8_18_14.wav
11521	8	./AudioMNIST/data/59/8_59_35.wav
11522	5	./AudioMNIST/data/39/5_39_15.wav
11523	1	./AudioMNIST/data/02/1_02_24.wav
11524	3	./AudioMNIST/data/35/3_35_8.wav
11525	6	./AudioMNIST/data/19/6_19_3.wav
11526	1	./AudioMNIST/data/46/1_46_22.wav
11527	4	./AudioMNIST/data/27/4_27_0.wav
11528	3	./AudioMNIST/data/24/3_24_18.wav
11529	2	./AudioMNIST/data/26/2_26_18.wav
11530	0	./AudioMNIST/data/34/0_34_38.wav
11531	4	./AudioMNIST/data/26/4_26_16.wav
11532	9	./AudioMNIST/data/54/9_54_26.wav
11533	4	./AudioMNIST/data/03/4_03_43.wav
11534	6	./AudioMNIST/data/60/6_60_36.wav
11535	3	./AudioMNIST/data/35/3_35_4.wav
11536	4	./AudioMNIST/data/56/4_56_4.wav
11537	3	./AudioMNIST/data/15/3_15_30.wav
11538	1	./AudioMNIST/data/22/1_22_29.wav
11539	0	./AudioMNIST/data/46/0_46_46.wav
11540	5	./AudioMNIST/data/36/5_36_48.wav
11541	4	./AudioMNIST/data/04/4_04_6.wav
11542	8	./AudioMNIST/data/24/8_24_26.wav
11543	5	./AudioMNIST/data/05/5_05_21.wav
11544	3	./AudioMNIST/data/38/3_38_9.wav
11545	9	./AudioMNIST/data/20/9_20_17.wav
11546	8	./AudioMNIST/data/52/8_52_22.wav
11547	6	./AudioMNIST/data/28/6_28_46.wav
11548	4	./AudioMNIST/data/37/4_37_3.wav
11549	8	./AudioMNIST/data/16/8_16_12.wav
11550	2	./AudioMNIST/data/18/2_18_39.wav
11551	0	./AudioMNIST/data/20/0_20_5.wav
11552	0	./AudioMNIST/data/23/0_23_38.wav
11553	6	./AudioMNIST/data/49/6_49_41.wav
11554	3	./AudioMNIST/data/20/3_20_25.wav
11555	6	./AudioMNIST/data/54/6_54_37.wav
11556	7	./AudioMNIST/data/08/7_08_38.wav
11557	1	./AudioMNIST/data/27/1_27_13.wav
11558	7	./AudioMNIST/data/20/7_20_43.wav
11559	3	./AudioMNIST/data/52/3_52_31.wav
11560	3	./AudioMNIST/data/32/3_32_32.wav
11561	0	./AudioMNIST/data/12/0_12_5.wav
11562	2	./AudioMNIST/data/04/2_04_18.wav
11563	8	./AudioMNIST/data/53/8_53_42.wav
11564	0	./AudioMNIST/data/14/0_14_38.wav
11565	5	./AudioMNIST/data/37/5_37_36.wav
11566	5	./AudioMNIST/data/37/5_37_11.wav
11567	6	./AudioMNIST/data/13/6_13_20.wav
11568	5	./AudioMNIST/data/01/5_01_0.wav
11569	7	./AudioMNIST/data/25/7_25_46.wav
11570	9	./AudioMNIST/data/15/9_15_13.wav
11571	5	./AudioMNIST/data/45/5_45_14.wav
11572	0	./AudioMNIST/data/19/0_19_7.wav
11573	4	./AudioMNIST/data/50/4_50_42.wav
11574	1	./AudioMNIST/data/38/1_38_11.wav
11575	5	./AudioMNIST/data/29/5_29_13.wav
11576	4	./AudioMNIST/data/39/4_39_47.wav
11577	8	./AudioMNIST/data/05/8_05_2.wav
11578	7	./AudioMNIST/data/38/7_38_14.wav
11579	3	./AudioMNIST/data/45/3_45_24.wav
11580	0	./AudioMNIST/data/13/0_13_42.wav
11581	2	./AudioMNIST/data/04/2_04_23.wav
11582	8	./AudioMNIST/data/40/8_40_10.wav
11583	7	./AudioMNIST/data/52/7_52_23.wav
11584	4	./AudioMNIST/data/27/4_27_25.wav
11585	5	./AudioMNIST/data/49/5_49_2.wav
11586	5	./AudioMNIST/data/59/5_59_47.wav
11587	6	./AudioMNIST/data/07/6_07_32.wav
11588	2	./AudioMNIST/data/34/2_34_29.wav
11589	6	./AudioMNIST/data/37/6_37_35.wav
11590	6	./AudioMNIST/data/36/6_36_47.wav
11591	7	./AudioMNIST/data/04/7_04_36.wav
11592	9	./AudioMNIST/data/38/9_38_47.wav
11593	1	./AudioMNIST/data/46/1_46_15.wav
11594	0	./AudioMNIST/data/10/0_10_19.wav
11595	5	./AudioMNIST/data/53/5_53_1.wav
11596	2	./AudioMNIST/data/23/2_23_7.wav
11597	4	./AudioMNIST/data/51/4_51_49.wav
11598	4	./AudioMNIST/data/24/4_24_39.wav
11599	0	./AudioMNIST/data/33/0_33_9.wav
11600	8	./AudioMNIST/data/14/8_14_29.wav
11601	0	./AudioMNIST/data/16/0_16_20.wav
11602	1	./AudioMNIST/data/16/1_16_3.wav
11603	7	./AudioMNIST/data/59/7_59_6.wav
11604	7	./AudioMNIST/data/53/7_53_7.wav
11605	8	./AudioMNIST/data/10/8_10_21.wav
11606	3	./AudioMNIST/data/47/3_47_5.wav
11607	1	./AudioMNIST/data/56/1_56_35.wav
11608	7	./AudioMNIST/data/15/7_15_25.wav
11609	2	./AudioMNIST/data/15/2_15_43.wav
11610	1	./AudioMNIST/data/32/1_32_24.wav
11611	3	./AudioMNIST/data/46/3_46_40.wav
11612	5	./AudioMNIST/data/13/5_13_31.wav
11613	0	./AudioMNIST/data/17/0_17_0.wav
11614	7	./AudioMNIST/data/58/7_58_21.wav
11615	0	./AudioMNIST/data/19/0_19_6.wav
11616	6	./AudioMNIST/data/51/6_51_0.wav
11617	0	./AudioMNIST/data/22/0_22_13.wav
11618	4	./AudioMNIST/data/23/4_23_32.wav
11619	6	./AudioMNIST/data/04/6_04_32.wav
11620	7	./AudioMNIST/data/38/7_38_26.wav
11621	0	./AudioMNIST/data/57/0_57_44.wav
11622	3	./AudioMNIST/data/25/3_25_28.wav
11623	1	./AudioMNIST/data/19/1_19_8.wav
11624	3	./AudioMNIST/data/24/3_24_12.wav
11625	7	./AudioMNIST/data/14/7_14_18.wav
11626	0	./AudioMNIST/data/52/0_52_20.wav
11627	9	./AudioMNIST/data/03/9_03_36.wav
11628	0	./AudioMNIST/data/36/0_36_5.wav
11629	1	./AudioMNIST/data/56/1_56_9.wav
11630	3	./AudioMNIST/data/55/3_55_39.wav
11631	1	./AudioMNIST/data/07/1_07_13.wav
11632	4	./AudioMNIST/data/36/4_36_19.wav
11633	1	./AudioMNIST/data/58/1_58_3.wav
11634	1	./AudioMNIST/data/04/1_04_13.wav
11635	9	./AudioMNIST/data/44/9_44_3.wav
11636	7	./AudioMNIST/data/02/7_02_18.wav
11637	7	./AudioMNIST/data/14/7_14_27.wav
11638	7	./AudioMNIST/data/09/7_09_44.wav
11639	4	./AudioMNIST/data/07/4_07_29.wav
11640	6	./AudioMNIST/data/05/6_05_44.wav
11641	6	./AudioMNIST/data/10/6_10_0.wav
11642	9	./AudioMNIST/data/27/9_27_35.wav
11643	6	./AudioMNIST/data/53/6_53_43.wav
11644	7	./AudioMNIST/data/32/7_32_13.wav
11645	5	./AudioMNIST/data/59/5_59_21.wav
11646	8	./AudioMNIST/data/43/8_43_0.wav
11647	1	./AudioMNIST/data/26/1_26_41.wav
11648	6	./AudioMNIST/data/48/6_48_10.wav
11649	4	./AudioMNIST/data/29/4_29_34.wav
11650	1	./AudioMNIST/data/39/1_39_47.wav
11651	3	./AudioMNIST/data/17/3_17_16.wav
11652	8	./AudioMNIST/data/03/8_03_7.wav
11653	3	./AudioMNIST/data/45/3_45_39.wav
11654	0	./AudioMNIST/data/27/0_27_4.wav
11655	9	./AudioMNIST/data/45/9_45_41.wav
11656	8	./AudioMNIST/data/25/8_25_3.wav
11657	1	./AudioMNIST/data/37/1_37_30.wav
11658	9	./AudioMNIST/data/46/9_46_4.wav
11659	5	./AudioMNIST/data/21/5_21_32.wav
11660	7	./AudioMNIST/data/53/7_53_48.wav
11661	9	./AudioMNIST/data/29/9_29_6.wav
11662	9	./AudioMNIST/data/08/9_08_39.wav
11663	9	./AudioMNIST/data/21/9_21_30.wav
11664	2	./AudioMNIST/data/34/2_34_17.wav
11665	7	./AudioMNIST/data/15/7_15_34.wav
11666	7	./AudioMNIST/data/37/7_37_19.wav
11667	5	./AudioMNIST/data/10/5_10_30.wav
11668	3	./AudioMNIST/data/24/3_24_2.wav
11669	7	./AudioMNIST/data/21/7_21_23.wav
11670	3	./AudioMNIST/data/50/3_50_10.wav
11671	9	./AudioMNIST/data/32/9_32_4.wav
11672	9	./AudioMNIST/data/15/9_15_15.wav
11673	5	./AudioMNIST/data/60/5_60_31.wav
11674	9	./AudioMNIST/data/55/9_55_3.wav
11675	7	./AudioMNIST/data/43/7_43_15.wav
11676	8	./AudioMNIST/data/15/8_15_13.wav
11677	5	./AudioMNIST/data/15/5_15_18.wav
11678	0	./AudioMNIST/data/40/0_40_36.wav
11679	4	./AudioMNIST/data/18/4_18_32.wav
11680	4	./AudioMNIST/data/56/4_56_31.wav
11681	6	./AudioMNIST/data/03/6_03_29.wav
11682	2	./AudioMNIST/data/58/2_58_11.wav
11683	1	./AudioMNIST/data/29/1_29_21.wav
11684	6	./AudioMNIST/data/37/6_37_17.wav
11685	2	./AudioMNIST/data/02/2_02_5.wav
11686	2	./AudioMNIST/data/02/2_02_0.wav
11687	9	./AudioMNIST/data/11/9_11_2.wav
11688	3	./AudioMNIST/data/48/3_48_43.wav
11689	8	./AudioMNIST/data/32/8_32_1.wav
11690	7	./AudioMNIST/data/09/7_09_33.wav
11691	8	./AudioMNIST/data/41/8_41_36.wav
11692	7	./AudioMNIST/data/28/7_28_39.wav
11693	6	./AudioMNIST/data/55/6_55_1.wav
11694	5	./AudioMNIST/data/49/5_49_22.wav
11695	2	./AudioMNIST/data/06/2_06_19.wav
11696	7	./AudioMNIST/data/43/7_43_41.wav
11697	2	./AudioMNIST/data/31/2_31_26.wav
11698	3	./AudioMNIST/data/54/3_54_37.wav
11699	0	./AudioMNIST/data/44/0_44_21.wav
11700	8	./AudioMNIST/data/49/8_49_3.wav
11701	8	./AudioMNIST/data/60/8_60_12.wav
11702	8	./AudioMNIST/data/36/8_36_15.wav
11703	4	./AudioMNIST/data/10/4_10_47.wav
11704	8	./AudioMNIST/data/58/8_58_19.wav
11705	6	./AudioMNIST/data/05/6_05_10.wav
11706	5	./AudioMNIST/data/55/5_55_27.wav
11707	2	./AudioMNIST/data/01/2_01_36.wav
11708	4	./AudioMNIST/data/36/4_36_8.wav
11709	0	./AudioMNIST/data/16/0_16_22.wav
11710	0	./AudioMNIST/data/49/0_49_48.wav
11711	2	./AudioMNIST/data/26/2_26_12.wav
11712	9	./AudioMNIST/data/25/9_25_7.wav
11713	2	./AudioMNIST/data/32/2_32_18.wav
11714	3	./AudioMNIST/data/44/3_44_22.wav
11715	6	./AudioMNIST/data/30/6_30_21.wav
11716	1	./AudioMNIST/data/22/1_22_30.wav
11717	5	./AudioMNIST/data/33/5_33_29.wav
11718	9	./AudioMNIST/data/45/9_45_30.wav
11719	0	./AudioMNIST/data/53/0_53_46.wav
11720	6	./AudioMNIST/data/48/6_48_15.wav
11721	5	./AudioMNIST/data/09/5_09_37.wav
11722	6	./AudioMNIST/data/07/6_07_45.wav
11723	9	./AudioMNIST/data/10/9_10_28.wav
11724	7	./AudioMNIST/data/15/7_15_36.wav
11725	4	./AudioMNIST/data/21/4_21_10.wav
11726	8	./AudioMNIST/data/05/8_05_39.wav
11727	9	./AudioMNIST/data/49/9_49_23.wav
11728	6	./AudioMNIST/data/22/6_22_17.wav
11729	8	./AudioMNIST/data/39/8_39_9.wav
11730	7	./AudioMNIST/data/46/7_46_49.wav
11731	6	./AudioMNIST/data/10/6_10_21.wav
11732	7	./AudioMNIST/data/35/7_35_13.wav
11733	3	./AudioMNIST/data/54/3_54_41.wav
11734	9	./AudioMNIST/data/32/9_32_37.wav
11735	7	./AudioMNIST/data/40/7_40_2.wav
11736	7	./AudioMNIST/data/25/7_25_44.wav
11737	1	./AudioMNIST/data/51/1_51_31.wav
11738	7	./AudioMNIST/data/20/7_20_5.wav
11739	4	./AudioMNIST/data/26/4_26_39.wav
11740	3	./AudioMNIST/data/14/3_14_35.wav
11741	4	./AudioMNIST/data/54/4_54_0.wav
11742	9	./AudioMNIST/data/14/9_14_18.wav
11743	8	./AudioMNIST/data/14/8_14_20.wav
11744	2	./AudioMNIST/data/47/2_47_25.wav
11745	8	./AudioMNIST/data/01/8_01_13.wav
11746	6	./AudioMNIST/data/08/6_08_5.wav
11747	4	./AudioMNIST/data/38/4_38_20.wav
11748	5	./AudioMNIST/data/17/5_17_38.wav
11749	4	./AudioMNIST/data/27/4_27_20.wav
11750	7	./AudioMNIST/data/31/7_31_1.wav
11751	6	./AudioMNIST/data/18/6_18_14.wav
11752	8	./AudioMNIST/data/36/8_36_27.wav
11753	5	./AudioMNIST/data/28/5_28_28.wav
11754	6	./AudioMNIST/data/12/6_12_31.wav
11755	1	./AudioMNIST/data/28/1_28_7.wav
11756	1	./AudioMNIST/data/50/1_50_12.wav
11757	6	./AudioMNIST/data/27/6_27_45.wav
11758	4	./AudioMNIST/data/12/4_12_25.wav
11759	2	./AudioMNIST/data/02/2_02_47.wav
11760	8	./AudioMNIST/data/42/8_42_43.wav
11761	5	./AudioMNIST/data/49/5_49_36.wav
11762	5	./AudioMNIST/data/37/5_37_40.wav
11763	7	./AudioMNIST/data/59/7_59_3.wav
11764	9	./AudioMNIST/data/21/9_21_44.wav
11765	6	./AudioMNIST/data/55/6_55_13.wav
11766	2	./AudioMNIST/data/01/2_01_40.wav
11767	5	./AudioMNIST/data/13/5_13_1.wav
11768	2	./AudioMNIST/data/21/2_21_22.wav
11769	5	./AudioMNIST/data/53/5_53_9.wav
11770	4	./AudioMNIST/data/02/4_02_34.wav
11771	7	./AudioMNIST/data/29/7_29_9.wav
11772	9	./AudioMNIST/data/24/9_24_1.wav
11773	6	./AudioMNIST/data/08/6_08_46.wav
11774	6	./AudioMNIST/data/33/6_33_24.wav
11775	5	./AudioMNIST/data/34/5_34_31.wav
11776	8	./AudioMNIST/data/51/8_51_9.wav
11777	0	./AudioMNIST/data/32/0_32_44.wav
11778	4	./AudioMNIST/data/33/4_33_17.wav
11779	0	./AudioMNIST/data/58/0_58_32.wav
11780	8	./AudioMNIST/data/58/8_58_35.wav
11781	0	./AudioMNIST/data/31/0_31_31.wav
11782	5	./AudioMNIST/data/50/5_50_25.wav
11783	0	./AudioMNIST/data/22/0_22_11.wav
11784	9	./AudioMNIST/data/53/9_53_8.wav
11785	8	./AudioMNIST/data/48/8_48_38.wav
11786	1	./AudioMNIST/data/14/1_14_4.wav
11787	3	./AudioMNIST/data/23/3_23_14.wav
11788	6	./AudioMNIST/data/60/6_60_28.wav
11789	0	./AudioMNIST/data/04/0_04_23.wav
11790	6	./AudioMNIST/data/24/6_24_42.wav
11791	7	./AudioMNIST/data/10/7_10_26.wav
11792	8	./AudioMNIST/data/01/8_01_49.wav
11793	6	./AudioMNIST/data/24/6_24_36.wav
11794	8	./AudioMNIST/data/43/8_43_12.wav
11795	7	./AudioMNIST/data/17/7_17_48.wav
11796	6	./AudioMNIST/data/43/6_43_6.wav
11797	1	./AudioMNIST/data/12/1_12_5.wav
11798	4	./AudioMNIST/data/38/4_38_24.wav
11799	8	./AudioMNIST/data/55/8_55_37.wav
11800	4	./AudioMNIST/data/10/4_10_19.wav
11801	0	./AudioMNIST/data/20/0_20_35.wav
11802	2	./AudioMNIST/data/27/2_27_6.wav
11803	9	./AudioMNIST/data/38/9_38_8.wav
11804	3	./AudioMNIST/data/13/3_13_48.wav
11805	5	./AudioMNIST/data/20/5_20_38.wav
11806	9	./AudioMNIST/data/37/9_37_11.wav
11807	9	./AudioMNIST/data/28/9_28_1.wav
11808	7	./AudioMNIST/data/01/7_01_16.wav
11809	6	./AudioMNIST/data/60/6_60_47.wav
11810	6	./AudioMNIST/data/11/6_11_49.wav
11811	6	./AudioMNIST/data/21/6_21_25.wav
11812	5	./AudioMNIST/data/51/5_51_26.wav
11813	0	./AudioMNIST/data/45/0_45_20.wav
11814	4	./AudioMNIST/data/28/4_28_33.wav
11815	0	./AudioMNIST/data/19/0_19_0.wav
11816	2	./AudioMNIST/data/08/2_08_3.wav
11817	3	./AudioMNIST/data/08/3_08_27.wav
11818	4	./AudioMNIST/data/51/4_51_15.wav
11819	3	./AudioMNIST/data/44/3_44_32.wav
11820	9	./AudioMNIST/data/12/9_12_38.wav
11821	6	./AudioMNIST/data/54/6_54_41.wav
11822	8	./AudioMNIST/data/57/8_57_32.wav
11823	5	./AudioMNIST/data/26/5_26_27.wav
11824	4	./AudioMNIST/data/52/4_52_6.wav
11825	4	./AudioMNIST/data/19/4_19_26.wav
11826	9	./AudioMNIST/data/53/9_53_25.wav
11827	5	./AudioMNIST/data/19/5_19_17.wav
11828	8	./AudioMNIST/data/16/8_16_37.wav
11829	5	./AudioMNIST/data/05/5_05_10.wav
11830	3	./AudioMNIST/data/25/3_25_31.wav
11831	5	./AudioMNIST/data/21/5_21_0.wav
11832	3	./AudioMNIST/data/19/3_19_33.wav
11833	7	./AudioMNIST/data/55/7_55_23.wav
11834	7	./AudioMNIST/data/38/7_38_17.wav
11835	2	./AudioMNIST/data/39/2_39_43.wav
11836	5	./AudioMNIST/data/55/5_55_47.wav
11837	9	./AudioMNIST/data/57/9_57_42.wav
11838	4	./AudioMNIST/data/02/4_02_23.wav
11839	4	./AudioMNIST/data/36/4_36_2.wav
11840	9	./AudioMNIST/data/23/9_23_44.wav
11841	2	./AudioMNIST/data/14/2_14_12.wav
11842	1	./AudioMNIST/data/46/1_46_36.wav
11843	4	./AudioMNIST/data/04/4_04_15.wav
11844	4	./AudioMNIST/data/25/4_25_43.wav
11845	8	./AudioMNIST/data/13/8_13_7.wav
11846	4	./AudioMNIST/data/11/4_11_18.wav
11847	4	./AudioMNIST/data/30/4_30_2.wav
11848	4	./AudioMNIST/data/31/4_31_41.wav
11849	5	./AudioMNIST/data/59/5_59_22.wav
11850	7	./AudioMNIST/data/37/7_37_34.wav
11851	1	./AudioMNIST/data/26/1_26_28.wav
11852	5	./AudioMNIST/data/40/5_40_17.wav
11853	9	./AudioMNIST/data/09/9_09_9.wav
11854	5	./AudioMNIST/data/09/5_09_20.wav
11855	2	./AudioMNIST/data/35/2_35_2.wav
11856	3	./AudioMNIST/data/20/3_20_32.wav
11857	1	./AudioMNIST/data/28/1_28_29.wav
11858	5	./AudioMNIST/data/33/5_33_40.wav
11859	3	./AudioMNIST/data/12/3_12_13.wav
11860	8	./AudioMNIST/data/11/8_11_33.wav
11861	4	./AudioMNIST/data/31/4_31_21.wav
11862	5	./AudioMNIST/data/34/5_34_3.wav
11863	5	./AudioMNIST/data/60/5_60_9.wav
11864	8	./AudioMNIST/data/04/8_04_39.wav
11865	4	./AudioMNIST/data/54/4_54_41.wav
11866	4	./AudioMNIST/data/53/4_53_31.wav
11867	5	./AudioMNIST/data/20/5_20_40.wav
11868	8	./AudioMNIST/data/11/8_11_20.wav
11869	3	./AudioMNIST/data/37/3_37_41.wav
11870	4	./AudioMNIST/data/43/4_43_42.wav
11871	9	./AudioMNIST/data/54/9_54_11.wav
11872	3	./AudioMNIST/data/13/3_13_2.wav
11873	7	./AudioMNIST/data/32/7_32_19.wav
11874	9	./AudioMNIST/data/22/9_22_1.wav
11875	9	./AudioMNIST/data/37/9_37_43.wav
11876	6	./AudioMNIST/data/22/6_22_21.wav
11877	8	./AudioMNIST/data/16/8_16_2.wav
11878	8	./AudioMNIST/data/20/8_20_27.wav
11879	7	./AudioMNIST/data/48/7_48_37.wav
11880	6	./AudioMNIST/data/37/6_37_3.wav
11881	4	./AudioMNIST/data/31/4_31_36.wav
11882	8	./AudioMNIST/data/23/8_23_38.wav
11883	5	./AudioMNIST/data/09/5_09_27.wav
11884	0	./AudioMNIST/data/51/0_51_47.wav
11885	4	./AudioMNIST/data/19/4_19_28.wav
11886	3	./AudioMNIST/data/30/3_30_26.wav
11887	8	./AudioMNIST/data/53/8_53_34.wav
11888	1	./AudioMNIST/data/41/1_41_32.wav
11889	6	./AudioMNIST/data/19/6_19_15.wav
11890	7	./AudioMNIST/data/42/7_42_16.wav
11891	3	./AudioMNIST/data/24/3_24_47.wav
11892	3	./AudioMNIST/data/13/3_13_38.wav
11893	8	./AudioMNIST/data/24/8_24_39.wav
11894	7	./AudioMNIST/data/26/7_26_26.wav
11895	5	./AudioMNIST/data/46/5_46_47.wav
11896	5	./AudioMNIST/data/36/5_36_12.wav
11897	9	./AudioMNIST/data/60/9_60_29.wav
11898	8	./AudioMNIST/data/13/8_13_13.wav
11899	7	./AudioMNIST/data/28/7_28_41.wav
11900	4	./AudioMNIST/data/24/4_24_45.wav
11901	2	./AudioMNIST/data/54/2_54_13.wav
11902	1	./AudioMNIST/data/26/1_26_32.wav
11903	0	./AudioMNIST/data/55/0_55_30.wav
11904	1	./AudioMNIST/data/06/1_06_27.wav
11905	6	./AudioMNIST/data/25/6_25_47.wav
11906	0	./AudioMNIST/data/53/0_53_24.wav
11907	4	./AudioMNIST/data/16/4_16_2.wav
11908	9	./AudioMNIST/data/47/9_47_39.wav
11909	3	./AudioMNIST/data/50/3_50_32.wav
11910	1	./AudioMNIST/data/40/1_40_34.wav
11911	3	./AudioMNIST/data/58/3_58_35.wav
11912	4	./AudioMNIST/data/45/4_45_41.wav
11913	0	./AudioMNIST/data/08/0_08_36.wav
11914	2	./AudioMNIST/data/09/2_09_38.wav
11915	7	./AudioMNIST/data/04/7_04_2.wav
11916	1	./AudioMNIST/data/45/1_45_14.wav
11917	8	./AudioMNIST/data/06/8_06_35.wav
11918	3	./AudioMNIST/data/08/3_08_4.wav
11919	0	./AudioMNIST/data/43/0_43_21.wav
11920	4	./AudioMNIST/data/29/4_29_46.wav
11921	0	./AudioMNIST/data/27/0_27_26.wav
11922	8	./AudioMNIST/data/37/8_37_26.wav
11923	4	./AudioMNIST/data/54/4_54_31.wav
11924	3	./AudioMNIST/data/49/3_49_15.wav
11925	3	./AudioMNIST/data/36/3_36_6.wav
11926	0	./AudioMNIST/data/30/0_30_13.wav
11927	2	./AudioMNIST/data/11/2_11_40.wav
11928	4	./AudioMNIST/data/37/4_37_45.wav
11929	4	./AudioMNIST/data/18/4_18_18.wav
11930	4	./AudioMNIST/data/23/4_23_2.wav
11931	8	./AudioMNIST/data/41/8_41_28.wav
11932	7	./AudioMNIST/data/34/7_34_22.wav
11933	0	./AudioMNIST/data/37/0_37_9.wav
11934	3	./AudioMNIST/data/28/3_28_19.wav
11935	6	./AudioMNIST/data/06/6_06_38.wav
11936	7	./AudioMNIST/data/50/7_50_39.wav
11937	3	./AudioMNIST/data/33/3_33_20.wav
11938	5	./AudioMNIST/data/04/5_04_34.wav
11939	8	./AudioMNIST/data/16/8_16_5.wav
11940	6	./AudioMNIST/data/12/6_12_6.wav
11941	7	./AudioMNIST/data/59/7_59_40.wav
11942	7	./AudioMNIST/data/17/7_17_15.wav
11943	0	./AudioMNIST/data/02/0_02_33.wav
11944	9	./AudioMNIST/data/22/9_22_31.wav
11945	6	./AudioMNIST/data/51/6_51_5.wav
11946	3	./AudioMNIST/data/59/3_59_16.wav
11947	5	./AudioMNIST/data/60/5_60_39.wav
11948	5	./AudioMNIST/data/35/5_35_5.wav
11949	6	./AudioMNIST/data/57/6_57_31.wav
11950	0	./AudioMNIST/data/02/0_02_7.wav
11951	2	./AudioMNIST/data/39/2_39_2.wav
11952	9	./AudioMNIST/data/36/9_36_28.wav
11953	3	./AudioMNIST/data/33/3_33_19.wav
11954	0	./AudioMNIST/data/31/0_31_42.wav
11955	9	./AudioMNIST/data/18/9_18_27.wav
11956	9	./AudioMNIST/data/28/9_28_15.wav
11957	1	./AudioMNIST/data/28/1_28_25.wav
11958	4	./AudioMNIST/data/41/4_41_22.wav
11959	2	./AudioMNIST/data/56/2_56_48.wav
11960	4	./AudioMNIST/data/20/4_20_37.wav
11961	5	./AudioMNIST/data/40/5_40_42.wav
11962	6	./AudioMNIST/data/24/6_24_44.wav
11963	6	./AudioMNIST/data/17/6_17_10.wav
11964	8	./AudioMNIST/data/15/8_15_4.wav
11965	3	./AudioMNIST/data/18/3_18_23.wav
11966	9	./AudioMNIST/data/05/9_05_19.wav
11967	1	./AudioMNIST/data/59/1_59_12.wav
11968	0	./AudioMNIST/data/37/0_37_17.wav
11969	2	./AudioMNIST/data/37/2_37_3.wav
11970	5	./AudioMNIST/data/38/5_38_16.wav
11971	5	./AudioMNIST/data/15/5_15_32.wav
11972	0	./AudioMNIST/data/16/0_16_48.wav
11973	1	./AudioMNIST/data/01/1_01_46.wav
11974	0	./AudioMNIST/data/21/0_21_14.wav
11975	5	./AudioMNIST/data/04/5_04_14.wav
11976	8	./AudioMNIST/data/01/8_01_41.wav
11977	0	./AudioMNIST/data/18/0_18_49.wav
11978	5	./AudioMNIST/data/17/5_17_1.wav
11979	8	./AudioMNIST/data/22/8_22_37.wav
11980	0	./AudioMNIST/data/55/0_55_35.wav
11981	0	./AudioMNIST/data/15/0_15_28.wav
11982	7	./AudioMNIST/data/18/7_18_9.wav
11983	5	./AudioMNIST/data/10/5_10_43.wav
11984	7	./AudioMNIST/data/17/7_17_8.wav
11985	2	./AudioMNIST/data/41/2_41_42.wav
11986	1	./AudioMNIST/data/20/1_20_16.wav
11987	5	./AudioMNIST/data/30/5_30_11.wav
11988	9	./AudioMNIST/data/59/9_59_47.wav
11989	7	./AudioMNIST/data/31/7_31_48.wav
11990	6	./AudioMNIST/data/28/6_28_17.wav
11991	0	./AudioMNIST/data/32/0_32_24.wav
11992	7	./AudioMNIST/data/03/7_03_27.wav
11993	1	./AudioMNIST/data/15/1_15_41.wav
11994	1	./AudioMNIST/data/17/1_17_5.wav
11995	9	./AudioMNIST/data/50/9_50_41.wav
11996	8	./AudioMNIST/data/42/8_42_16.wav
11997	8	./AudioMNIST/data/35/8_35_37.wav
11998	7	./AudioMNIST/data/06/7_06_13.wav
11999	2	./AudioMNIST/data/52/2_52_8.wav
12000	4	./AudioMNIST/data/55/4_55_6.wav
12001	9	./AudioMNIST/data/58/9_58_39.wav
12002	1	./AudioMNIST/data/22/1_22_11.wav
12003	1	./AudioMNIST/data/02/1_02_17.wav
12004	0	./AudioMNIST/data/43/0_43_22.wav
12005	5	./AudioMNIST/data/36/5_36_17.wav
12006	3	./AudioMNIST/data/13/3_13_39.wav
12007	4	./AudioMNIST/data/37/4_37_15.wav
12008	0	./AudioMNIST/data/29/0_29_7.wav
12009	6	./AudioMNIST/data/13/6_13_27.wav
12010	9	./AudioMNIST/data/08/9_08_32.wav
12011	1	./AudioMNIST/data/52/1_52_32.wav
12012	2	./AudioMNIST/data/48/2_48_38.wav
12013	0	./AudioMNIST/data/60/0_60_49.wav
12014	5	./AudioMNIST/data/57/5_57_3.wav
12015	3	./AudioMNIST/data/35/3_35_36.wav
12016	8	./AudioMNIST/data/29/8_29_32.wav
12017	8	./AudioMNIST/data/23/8_23_14.wav
12018	6	./AudioMNIST/data/41/6_41_48.wav
12019	3	./AudioMNIST/data/53/3_53_37.wav
12020	6	./AudioMNIST/data/51/6_51_31.wav
12021	6	./AudioMNIST/data/54/6_54_15.wav
12022	4	./AudioMNIST/data/01/4_01_17.wav
12023	4	./AudioMNIST/data/12/4_12_0.wav
12024	6	./AudioMNIST/data/59/6_59_39.wav
12025	4	./AudioMNIST/data/24/4_24_30.wav
12026	0	./AudioMNIST/data/50/0_50_39.wav
12027	2	./AudioMNIST/data/44/2_44_18.wav
12028	5	./AudioMNIST/data/48/5_48_1.wav
12029	9	./AudioMNIST/data/42/9_42_32.wav
12030	5	./AudioMNIST/data/09/5_09_25.wav
12031	5	./AudioMNIST/data/19/5_19_16.wav
12032	1	./AudioMNIST/data/34/1_34_5.wav
12033	6	./AudioMNIST/data/05/6_05_17.wav
12034	4	./AudioMNIST/data/34/4_34_48.wav
12035	5	./AudioMNIST/data/56/5_56_2.wav
12036	7	./AudioMNIST/data/56/7_56_9.wav
12037	6	./AudioMNIST/data/22/6_22_39.wav
12038	1	./AudioMNIST/data/10/1_10_5.wav
12039	3	./AudioMNIST/data/23/3_23_6.wav
12040	8	./AudioMNIST/data/25/8_25_20.wav
12041	5	./AudioMNIST/data/12/5_12_48.wav
12042	0	./AudioMNIST/data/37/0_37_46.wav
12043	9	./AudioMNIST/data/18/9_18_26.wav
12044	8	./AudioMNIST/data/04/8_04_16.wav
12045	7	./AudioMNIST/data/49/7_49_22.wav
12046	1	./AudioMNIST/data/13/1_13_20.wav
12047	3	./AudioMNIST/data/53/3_53_4.wav
12048	1	./AudioMNIST/data/17/1_17_22.wav
12049	2	./AudioMNIST/data/07/2_07_28.wav
12050	7	./AudioMNIST/data/05/7_05_0.wav
12051	1	./AudioMNIST/data/17/1_17_2.wav
12052	1	./AudioMNIST/data/47/1_47_24.wav
12053	0	./AudioMNIST/data/15/0_15_16.wav
12054	6	./AudioMNIST/data/41/6_41_10.wav
12055	7	./AudioMNIST/data/48/7_48_9.wav
12056	4	./AudioMNIST/data/54/4_54_23.wav
12057	2	./AudioMNIST/data/18/2_18_9.wav
12058	0	./AudioMNIST/data/04/0_04_37.wav
12059	8	./AudioMNIST/data/27/8_27_21.wav
12060	1	./AudioMNIST/data/57/1_57_0.wav
12061	0	./AudioMNIST/data/35/0_35_17.wav
12062	5	./AudioMNIST/data/21/5_21_9.wav
12063	7	./AudioMNIST/data/32/7_32_11.wav
12064	8	./AudioMNIST/data/13/8_13_18.wav
12065	1	./AudioMNIST/data/34/1_34_47.wav
12066	3	./AudioMNIST/data/57/3_57_0.wav
12067	8	./AudioMNIST/data/44/8_44_46.wav
12068	2	./AudioMNIST/data/02/2_02_1.wav
12069	7	./AudioMNIST/data/13/7_13_16.wav
12070	0	./AudioMNIST/data/05/0_05_30.wav
12071	7	./AudioMNIST/data/55/7_55_0.wav
12072	6	./AudioMNIST/data/50/6_50_14.wav
12073	3	./AudioMNIST/data/46/3_46_0.wav
12074	5	./AudioMNIST/data/35/5_35_25.wav
12075	4	./AudioMNIST/data/35/4_35_5.wav
12076	3	./AudioMNIST/data/37/3_37_37.wav
12077	0	./AudioMNIST/data/21/0_21_2.wav
12078	1	./AudioMNIST/data/15/1_15_45.wav
12079	6	./AudioMNIST/data/19/6_19_9.wav
12080	0	./AudioMNIST/data/15/0_15_23.wav
12081	8	./AudioMNIST/data/25/8_25_15.wav
12082	2	./AudioMNIST/data/27/2_27_33.wav
12083	7	./AudioMNIST/data/41/7_41_39.wav
12084	2	./AudioMNIST/data/55/2_55_22.wav
12085	9	./AudioMNIST/data/38/9_38_22.wav
12086	3	./AudioMNIST/data/43/3_43_9.wav
12087	7	./AudioMNIST/data/44/7_44_12.wav
12088	2	./AudioMNIST/data/19/2_19_20.wav
12089	3	./AudioMNIST/data/21/3_21_46.wav
12090	7	./AudioMNIST/data/30/7_30_31.wav
12091	0	./AudioMNIST/data/15/0_15_48.wav
12092	7	./AudioMNIST/data/27/7_27_14.wav
12093	3	./AudioMNIST/data/22/3_22_27.wav
12094	3	./AudioMNIST/data/42/3_42_25.wav
12095	3	./AudioMNIST/data/16/3_16_12.wav
12096	2	./AudioMNIST/data/04/2_04_46.wav
12097	8	./AudioMNIST/data/54/8_54_21.wav
12098	2	./AudioMNIST/data/14/2_14_28.wav
12099	7	./AudioMNIST/data/16/7_16_0.wav
12100	8	./AudioMNIST/data/43/8_43_48.wav
12101	9	./AudioMNIST/data/14/9_14_12.wav
12102	0	./AudioMNIST/data/15/0_15_18.wav
12103	5	./AudioMNIST/data/51/5_51_3.wav
12104	1	./AudioMNIST/data/52/1_52_36.wav
12105	2	./AudioMNIST/data/34/2_34_28.wav
12106	6	./AudioMNIST/data/07/6_07_6.wav
12107	9	./AudioMNIST/data/04/9_04_33.wav
12108	1	./AudioMNIST/data/06/1_06_31.wav
12109	3	./AudioMNIST/data/44/3_44_33.wav
12110	4	./AudioMNIST/data/56/4_56_41.wav
12111	9	./AudioMNIST/data/49/9_49_38.wav
12112	6	./AudioMNIST/data/09/6_09_5.wav
12113	3	./AudioMNIST/data/54/3_54_20.wav
12114	5	./AudioMNIST/data/54/5_54_37.wav
12115	1	./AudioMNIST/data/29/1_29_36.wav
12116	9	./AudioMNIST/data/09/9_09_42.wav
12117	4	./AudioMNIST/data/49/4_49_46.wav
12118	0	./AudioMNIST/data/24/0_24_33.wav
12119	6	./AudioMNIST/data/53/6_53_16.wav
12120	9	./AudioMNIST/data/58/9_58_12.wav
12121	5	./AudioMNIST/data/50/5_50_23.wav
12122	9	./AudioMNIST/data/51/9_51_23.wav
12123	5	./AudioMNIST/data/22/5_22_47.wav
12124	3	./AudioMNIST/data/51/3_51_18.wav
12125	5	./AudioMNIST/data/30/5_30_4.wav
12126	1	./AudioMNIST/data/11/1_11_30.wav
12127	4	./AudioMNIST/data/53/4_53_1.wav
12128	4	./AudioMNIST/data/27/4_27_15.wav
12129	5	./AudioMNIST/data/35/5_35_16.wav
12130	6	./AudioMNIST/data/04/6_04_7.wav
12131	6	./AudioMNIST/data/44/6_44_24.wav
12132	2	./AudioMNIST/data/14/2_14_23.wav
12133	1	./AudioMNIST/data/07/1_07_7.wav
12134	9	./AudioMNIST/data/48/9_48_4.wav
12135	1	./AudioMNIST/data/47/1_47_35.wav
12136	6	./AudioMNIST/data/02/6_02_49.wav
12137	2	./AudioMNIST/data/53/2_53_4.wav
12138	4	./AudioMNIST/data/44/4_44_48.wav
12139	6	./AudioMNIST/data/57/6_57_21.wav
12140	5	./AudioMNIST/data/58/5_58_11.wav
12141	2	./AudioMNIST/data/48/2_48_45.wav
12142	9	./AudioMNIST/data/02/9_02_8.wav
12143	7	./AudioMNIST/data/39/7_39_14.wav
12144	9	./AudioMNIST/data/56/9_56_33.wav
12145	3	./AudioMNIST/data/26/3_26_16.wav
12146	3	./AudioMNIST/data/03/3_03_31.wav
12147	1	./AudioMNIST/data/02/1_02_29.wav
12148	4	./AudioMNIST/data/53/4_53_41.wav
12149	5	./AudioMNIST/data/58/5_58_13.wav
12150	7	./AudioMNIST/data/26/7_26_1.wav
12151	2	./AudioMNIST/data/60/2_60_7.wav
12152	3	./AudioMNIST/data/16/3_16_5.wav
12153	4	./AudioMNIST/data/08/4_08_29.wav
12154	9	./AudioMNIST/data/41/9_41_33.wav
12155	5	./AudioMNIST/data/01/5_01_15.wav
12156	0	./AudioMNIST/data/20/0_20_44.wav
12157	6	./AudioMNIST/data/25/6_25_38.wav
12158	1	./AudioMNIST/data/47/1_47_20.wav
12159	7	./AudioMNIST/data/36/7_36_24.wav
12160	8	./AudioMNIST/data/31/8_31_12.wav
12161	0	./AudioMNIST/data/10/0_10_42.wav
12162	0	./AudioMNIST/data/16/0_16_30.wav
12163	6	./AudioMNIST/data/55/6_55_47.wav
12164	7	./AudioMNIST/data/50/7_50_20.wav
12165	2	./AudioMNIST/data/29/2_29_22.wav
12166	8	./AudioMNIST/data/22/8_22_25.wav
12167	2	./AudioMNIST/data/60/2_60_38.wav
12168	0	./AudioMNIST/data/38/0_38_30.wav
12169	4	./AudioMNIST/data/60/4_60_32.wav
12170	9	./AudioMNIST/data/15/9_15_42.wav
12171	6	./AudioMNIST/data/33/6_33_30.wav
12172	4	./AudioMNIST/data/27/4_27_18.wav
12173	6	./AudioMNIST/data/51/6_51_18.wav
12174	3	./AudioMNIST/data/44/3_44_35.wav
12175	6	./AudioMNIST/data/58/6_58_25.wav
12176	3	./AudioMNIST/data/09/3_09_28.wav
12177	6	./AudioMNIST/data/33/6_33_9.wav
12178	6	./AudioMNIST/data/21/6_21_10.wav
12179	4	./AudioMNIST/data/51/4_51_13.wav
12180	3	./AudioMNIST/data/58/3_58_28.wav
12181	6	./AudioMNIST/data/34/6_34_12.wav
12182	0	./AudioMNIST/data/59/0_59_8.wav
12183	5	./AudioMNIST/data/06/5_06_23.wav
12184	5	./AudioMNIST/data/44/5_44_34.wav
12185	6	./AudioMNIST/data/55/6_55_5.wav
12186	5	./AudioMNIST/data/21/5_21_14.wav
12187	7	./AudioMNIST/data/03/7_03_30.wav
12188	5	./AudioMNIST/data/20/5_20_16.wav
12189	9	./AudioMNIST/data/27/9_27_9.wav
12190	1	./AudioMNIST/data/24/1_24_12.wav
12191	3	./AudioMNIST/data/44/3_44_13.wav
12192	6	./AudioMNIST/data/56/6_56_43.wav
12193	8	./AudioMNIST/data/05/8_05_31.wav
12194	2	./AudioMNIST/data/50/2_50_46.wav
12195	5	./AudioMNIST/data/53/5_53_27.wav
12196	6	./AudioMNIST/data/49/6_49_11.wav
12197	1	./AudioMNIST/data/28/1_28_3.wav
12198	4	./AudioMNIST/data/13/4_13_23.wav
12199	6	./AudioMNIST/data/02/6_02_1.wav
12200	3	./AudioMNIST/data/36/3_36_46.wav
12201	1	./AudioMNIST/data/03/1_03_11.wav
12202	6	./AudioMNIST/data/01/6_01_2.wav
12203	5	./AudioMNIST/data/12/5_12_10.wav
12204	0	./AudioMNIST/data/56/0_56_11.wav
12205	3	./AudioMNIST/data/23/3_23_49.wav
12206	7	./AudioMNIST/data/05/7_05_4.wav
12207	4	./AudioMNIST/data/18/4_18_41.wav
12208	1	./AudioMNIST/data/38/1_38_26.wav
12209	0	./AudioMNIST/data/32/0_32_4.wav
12210	7	./AudioMNIST/data/20/7_20_30.wav
12211	9	./AudioMNIST/data/21/9_21_33.wav
12212	4	./AudioMNIST/data/27/4_27_31.wav
12213	8	./AudioMNIST/data/37/8_37_44.wav
12214	6	./AudioMNIST/data/52/6_52_47.wav
12215	0	./AudioMNIST/data/54/0_54_35.wav
12216	0	./AudioMNIST/data/50/0_50_16.wav
12217	3	./AudioMNIST/data/39/3_39_18.wav
12218	4	./AudioMNIST/data/43/4_43_14.wav
12219	9	./AudioMNIST/data/59/9_59_38.wav
12220	8	./AudioMNIST/data/42/8_42_19.wav
12221	7	./AudioMNIST/data/39/7_39_2.wav
12222	1	./AudioMNIST/data/40/1_40_47.wav
12223	0	./AudioMNIST/data/18/0_18_46.wav
12224	2	./AudioMNIST/data/43/2_43_42.wav
12225	6	./AudioMNIST/data/49/6_49_1.wav
12226	4	./AudioMNIST/data/15/4_15_18.wav
12227	2	./AudioMNIST/data/08/2_08_36.wav
12228	7	./AudioMNIST/data/55/7_55_8.wav
12229	1	./AudioMNIST/data/43/1_43_9.wav
12230	7	./AudioMNIST/data/18/7_18_43.wav
12231	6	./AudioMNIST/data/03/6_03_10.wav
12232	7	./AudioMNIST/data/09/7_09_15.wav
12233	3	./AudioMNIST/data/05/3_05_35.wav
12234	3	./AudioMNIST/data/31/3_31_42.wav
12235	0	./AudioMNIST/data/30/0_30_44.wav
12236	8	./AudioMNIST/data/54/8_54_31.wav
12237	6	./AudioMNIST/data/10/6_10_39.wav
12238	3	./AudioMNIST/data/59/3_59_2.wav
12239	4	./AudioMNIST/data/39/4_39_39.wav
12240	4	./AudioMNIST/data/06/4_06_39.wav
12241	8	./AudioMNIST/data/52/8_52_27.wav
12242	2	./AudioMNIST/data/12/2_12_14.wav
12243	0	./AudioMNIST/data/34/0_34_18.wav
12244	1	./AudioMNIST/data/30/1_30_0.wav
12245	4	./AudioMNIST/data/06/4_06_31.wav
12246	7	./AudioMNIST/data/07/7_07_17.wav
12247	9	./AudioMNIST/data/43/9_43_29.wav
12248	6	./AudioMNIST/data/04/6_04_11.wav
12249	4	./AudioMNIST/data/05/4_05_23.wav
12250	7	./AudioMNIST/data/23/7_23_41.wav
12251	7	./AudioMNIST/data/52/7_52_18.wav
12252	5	./AudioMNIST/data/32/5_32_24.wav
12253	9	./AudioMNIST/data/41/9_41_12.wav
12254	9	./AudioMNIST/data/25/9_25_18.wav
12255	1	./AudioMNIST/data/37/1_37_40.wav
12256	0	./AudioMNIST/data/48/0_48_27.wav
12257	8	./AudioMNIST/data/12/8_12_39.wav
12258	7	./AudioMNIST/data/43/7_43_34.wav
12259	6	./AudioMNIST/data/27/6_27_22.wav
12260	9	./AudioMNIST/data/17/9_17_9.wav
12261	0	./AudioMNIST/data/42/0_42_31.wav
12262	1	./AudioMNIST/data/40/1_40_3.wav
12263	1	./AudioMNIST/data/52/1_52_38.wav
12264	8	./AudioMNIST/data/52/8_52_33.wav
12265	8	./AudioMNIST/data/49/8_49_21.wav
12266	3	./AudioMNIST/data/41/3_41_21.wav
12267	1	./AudioMNIST/data/50/1_50_38.wav
12268	1	./AudioMNIST/data/04/1_04_33.wav
12269	6	./AudioMNIST/data/16/6_16_45.wav
12270	0	./AudioMNIST/data/10/0_10_27.wav
12271	5	./AudioMNIST/data/45/5_45_24.wav
12272	4	./AudioMNIST/data/49/4_49_42.wav
12273	5	./AudioMNIST/data/14/5_14_21.wav
12274	2	./AudioMNIST/data/25/2_25_29.wav
12275	0	./AudioMNIST/data/51/0_51_24.wav
12276	8	./AudioMNIST/data/27/8_27_14.wav
12277	7	./AudioMNIST/data/26/7_26_10.wav
12278	5	./AudioMNIST/data/32/5_32_43.wav
12279	5	./AudioMNIST/data/06/5_06_38.wav
12280	3	./AudioMNIST/data/52/3_52_7.wav
12281	2	./AudioMNIST/data/45/2_45_42.wav
12282	9	./AudioMNIST/data/60/9_60_24.wav
12283	2	./AudioMNIST/data/39/2_39_22.wav
12284	0	./AudioMNIST/data/12/0_12_30.wav
12285	0	./AudioMNIST/data/05/0_05_41.wav
12286	9	./AudioMNIST/data/40/9_40_22.wav
12287	4	./AudioMNIST/data/36/4_36_46.wav
12288	9	./AudioMNIST/data/04/9_04_41.wav
12289	5	./AudioMNIST/data/35/5_35_41.wav
12290	0	./AudioMNIST/data/58/0_58_0.wav
12291	1	./AudioMNIST/data/59/1_59_7.wav
12292	0	./AudioMNIST/data/13/0_13_49.wav
12293	0	./AudioMNIST/data/23/0_23_20.wav
12294	4	./AudioMNIST/data/59/4_59_16.wav
12295	1	./AudioMNIST/data/14/1_14_40.wav
12296	6	./AudioMNIST/data/06/6_06_20.wav
12297	1	./AudioMNIST/data/10/1_10_3.wav
12298	5	./AudioMNIST/data/04/5_04_25.wav
12299	0	./AudioMNIST/data/14/0_14_33.wav
12300	5	./AudioMNIST/data/59/5_59_44.wav
12301	3	./AudioMNIST/data/48/3_48_12.wav
12302	2	./AudioMNIST/data/26/2_26_6.wav
12303	4	./AudioMNIST/data/37/4_37_24.wav
12304	9	./AudioMNIST/data/59/9_59_13.wav
12305	1	./AudioMNIST/data/14/1_14_15.wav
12306	6	./AudioMNIST/data/15/6_15_20.wav
12307	0	./AudioMNIST/data/60/0_60_33.wav
12308	1	./AudioMNIST/data/15/1_15_40.wav
12309	3	./AudioMNIST/data/56/3_56_31.wav
12310	0	./AudioMNIST/data/57/0_57_11.wav
12311	9	./AudioMNIST/data/45/9_45_42.wav
12312	2	./AudioMNIST/data/08/2_08_37.wav
12313	8	./AudioMNIST/data/19/8_19_41.wav
12314	1	./AudioMNIST/data/33/1_33_0.wav
12315	0	./AudioMNIST/data/33/0_33_40.wav
12316	2	./AudioMNIST/data/27/2_27_40.wav
12317	7	./AudioMNIST/data/47/7_47_12.wav
12318	7	./AudioMNIST/data/08/7_08_8.wav
12319	0	./AudioMNIST/data/19/0_19_10.wav
12320	5	./AudioMNIST/data/54/5_54_9.wav
12321	8	./AudioMNIST/data/14/8_14_43.wav
12322	8	./AudioMNIST/data/24/8_24_32.wav
12323	3	./AudioMNIST/data/28/3_28_34.wav
12324	1	./AudioMNIST/data/58/1_58_11.wav
12325	2	./AudioMNIST/data/18/2_18_48.wav
12326	0	./AudioMNIST/data/11/0_11_1.wav
12327	0	./AudioMNIST/data/17/0_17_48.wav
12328	2	./AudioMNIST/data/07/2_07_24.wav
12329	6	./AudioMNIST/data/52/6_52_22.wav
12330	2	./AudioMNIST/data/40/2_40_43.wav
12331	9	./AudioMNIST/data/35/9_35_3.wav
12332	3	./AudioMNIST/data/04/3_04_14.wav
12333	7	./AudioMNIST/data/24/7_24_26.wav
12334	1	./AudioMNIST/data/03/1_03_30.wav
12335	8	./AudioMNIST/data/26/8_26_0.wav
12336	3	./AudioMNIST/data/14/3_14_18.wav
12337	4	./AudioMNIST/data/57/4_57_12.wav
12338	8	./AudioMNIST/data/24/8_24_1.wav
12339	3	./AudioMNIST/data/43/3_43_16.wav
12340	6	./AudioMNIST/data/21/6_21_34.wav
12341	7	./AudioMNIST/data/10/7_10_12.wav
12342	1	./AudioMNIST/data/22/1_22_2.wav
12343	3	./AudioMNIST/data/03/3_03_49.wav
12344	0	./AudioMNIST/data/43/0_43_48.wav
12345	9	./AudioMNIST/data/19/9_19_22.wav
12346	5	./AudioMNIST/data/04/5_04_8.wav
12347	6	./AudioMNIST/data/47/6_47_26.wav
12348	6	./AudioMNIST/data/13/6_13_5.wav
12349	8	./AudioMNIST/data/42/8_42_38.wav
12350	1	./AudioMNIST/data/40/1_40_37.wav
12351	0	./AudioMNIST/data/33/0_33_13.wav
12352	0	./AudioMNIST/data/44/0_44_23.wav
12353	5	./AudioMNIST/data/52/5_52_37.wav
12354	2	./AudioMNIST/data/04/2_04_1.wav
12355	2	./AudioMNIST/data/55/2_55_39.wav
12356	7	./AudioMNIST/data/13/7_13_17.wav
12357	3	./AudioMNIST/data/36/3_36_23.wav
12358	3	./AudioMNIST/data/52/3_52_4.wav
12359	9	./AudioMNIST/data/29/9_29_3.wav
12360	8	./AudioMNIST/data/17/8_17_21.wav
12361	0	./AudioMNIST/data/01/0_01_49.wav
12362	3	./AudioMNIST/data/22/3_22_22.wav
12363	1	./AudioMNIST/data/05/1_05_5.wav
12364	1	./AudioMNIST/data/37/1_37_1.wav
12365	4	./AudioMNIST/data/15/4_15_4.wav
12366	4	./AudioMNIST/data/55/4_55_30.wav
12367	4	./AudioMNIST/data/12/4_12_17.wav
12368	2	./AudioMNIST/data/44/2_44_36.wav
12369	9	./AudioMNIST/data/15/9_15_19.wav
12370	5	./AudioMNIST/data/46/5_46_42.wav
12371	8	./AudioMNIST/data/50/8_50_11.wav
12372	3	./AudioMNIST/data/45/3_45_7.wav
12373	9	./AudioMNIST/data/05/9_05_6.wav
12374	4	./AudioMNIST/data/18/4_18_20.wav
12375	6	./AudioMNIST/data/28/6_28_21.wav
12376	5	./AudioMNIST/data/05/5_05_45.wav
12377	7	./AudioMNIST/data/13/7_13_33.wav
12378	4	./AudioMNIST/data/47/4_47_6.wav
12379	8	./AudioMNIST/data/17/8_17_8.wav
12380	1	./AudioMNIST/data/43/1_43_25.wav
12381	6	./AudioMNIST/data/60/6_60_45.wav
12382	8	./AudioMNIST/data/22/8_22_47.wav
12383	4	./AudioMNIST/data/47/4_47_48.wav
12384	4	./AudioMNIST/data/57/4_57_3.wav
12385	6	./AudioMNIST/data/51/6_51_26.wav
12386	8	./AudioMNIST/data/55/8_55_17.wav
12387	1	./AudioMNIST/data/04/1_04_1.wav
12388	8	./AudioMNIST/data/17/8_17_7.wav
12389	5	./AudioMNIST/data/18/5_18_33.wav
12390	7	./AudioMNIST/data/43/7_43_48.wav
12391	5	./AudioMNIST/data/46/5_46_22.wav
12392	1	./AudioMNIST/data/37/1_37_27.wav
12393	2	./AudioMNIST/data/35/2_35_5.wav
12394	4	./AudioMNIST/data/31/4_31_9.wav
12395	5	./AudioMNIST/data/23/5_23_47.wav
12396	7	./AudioMNIST/data/10/7_10_33.wav
12397	1	./AudioMNIST/data/03/1_03_3.wav
12398	3	./AudioMNIST/data/60/3_60_19.wav
12399	1	./AudioMNIST/data/28/1_28_34.wav
12400	0	./AudioMNIST/data/36/0_36_13.wav
12401	4	./AudioMNIST/data/41/4_41_34.wav
12402	7	./AudioMNIST/data/57/7_57_46.wav
12403	8	./AudioMNIST/data/13/8_13_16.wav
12404	1	./AudioMNIST/data/10/1_10_38.wav
12405	0	./AudioMNIST/data/21/0_21_24.wav
12406	9	./AudioMNIST/data/11/9_11_40.wav
12407	7	./AudioMNIST/data/37/7_37_47.wav
12408	8	./AudioMNIST/data/56/8_56_30.wav
12409	6	./AudioMNIST/data/35/6_35_49.wav
12410	8	./AudioMNIST/data/07/8_07_18.wav
12411	7	./AudioMNIST/data/39/7_39_0.wav
12412	8	./AudioMNIST/data/43/8_43_42.wav
12413	5	./AudioMNIST/data/10/5_10_4.wav
12414	5	./AudioMNIST/data/01/5_01_49.wav
12415	7	./AudioMNIST/data/45/7_45_43.wav
12416	9	./AudioMNIST/data/03/9_03_41.wav
12417	4	./AudioMNIST/data/10/4_10_11.wav
12418	2	./AudioMNIST/data/17/2_17_1.wav
12419	5	./AudioMNIST/data/28/5_28_13.wav
12420	4	./AudioMNIST/data/06/4_06_7.wav
12421	6	./AudioMNIST/data/20/6_20_36.wav
12422	7	./AudioMNIST/data/34/7_34_10.wav
12423	1	./AudioMNIST/data/40/1_40_15.wav
12424	2	./AudioMNIST/data/38/2_38_1.wav
12425	2	./AudioMNIST/data/34/2_34_35.wav
12426	7	./AudioMNIST/data/24/7_24_2.wav
12427	3	./AudioMNIST/data/54/3_54_32.wav
12428	2	./AudioMNIST/data/17/2_17_7.wav
12429	4	./AudioMNIST/data/20/4_20_18.wav
12430	9	./AudioMNIST/data/20/9_20_9.wav
12431	1	./AudioMNIST/data/46/1_46_19.wav
12432	9	./AudioMNIST/data/04/9_04_9.wav
12433	0	./AudioMNIST/data/14/0_14_21.wav
12434	8	./AudioMNIST/data/01/8_01_7.wav
12435	5	./AudioMNIST/data/34/5_34_4.wav
12436	9	./AudioMNIST/data/30/9_30_13.wav
12437	0	./AudioMNIST/data/54/0_54_8.wav
12438	3	./AudioMNIST/data/38/3_38_2.wav
12439	3	./AudioMNIST/data/11/3_11_25.wav
12440	8	./AudioMNIST/data/25/8_25_11.wav
12441	0	./AudioMNIST/data/23/0_23_39.wav
12442	3	./AudioMNIST/data/14/3_14_13.wav
12443	7	./AudioMNIST/data/05/7_05_49.wav
12444	7	./AudioMNIST/data/24/7_24_41.wav
12445	0	./AudioMNIST/data/45/0_45_43.wav
12446	1	./AudioMNIST/data/17/1_17_46.wav
12447	8	./AudioMNIST/data/60/8_60_38.wav
12448	2	./AudioMNIST/data/38/2_38_44.wav
12449	0	./AudioMNIST/data/31/0_31_41.wav
12450	9	./AudioMNIST/data/55/9_55_15.wav
12451	2	./AudioMNIST/data/16/2_16_11.wav
12452	8	./AudioMNIST/data/56/8_56_12.wav
12453	7	./AudioMNIST/data/03/7_03_18.wav
12454	4	./AudioMNIST/data/26/4_26_27.wav
12455	1	./AudioMNIST/data/22/1_22_9.wav
12456	0	./AudioMNIST/data/54/0_54_20.wav
12457	3	./AudioMNIST/data/40/3_40_3.wav
12458	8	./AudioMNIST/data/09/8_09_45.wav
12459	6	./AudioMNIST/data/14/6_14_34.wav
12460	3	./AudioMNIST/data/16/3_16_46.wav
12461	2	./AudioMNIST/data/57/2_57_36.wav
12462	0	./AudioMNIST/data/06/0_06_13.wav
12463	4	./AudioMNIST/data/07/4_07_25.wav
12464	5	./AudioMNIST/data/56/5_56_6.wav
12465	6	./AudioMNIST/data/02/6_02_41.wav
12466	3	./AudioMNIST/data/28/3_28_36.wav
12467	6	./AudioMNIST/data/23/6_23_2.wav
12468	5	./AudioMNIST/data/54/5_54_46.wav
12469	2	./AudioMNIST/data/52/2_52_39.wav
12470	8	./AudioMNIST/data/25/8_25_28.wav
12471	2	./AudioMNIST/data/14/2_14_32.wav
12472	9	./AudioMNIST/data/05/9_05_10.wav
12473	2	./AudioMNIST/data/23/2_23_46.wav
12474	6	./AudioMNIST/data/33/6_33_42.wav
12475	2	./AudioMNIST/data/28/2_28_33.wav
12476	7	./AudioMNIST/data/17/7_17_40.wav
12477	7	./AudioMNIST/data/31/7_31_21.wav
12478	1	./AudioMNIST/data/38/1_38_31.wav
12479	9	./AudioMNIST/data/11/9_11_31.wav
12480	8	./AudioMNIST/data/58/8_58_7.wav
12481	0	./AudioMNIST/data/50/0_50_10.wav
12482	6	./AudioMNIST/data/50/6_50_23.wav
12483	7	./AudioMNIST/data/46/7_46_6.wav
12484	7	./AudioMNIST/data/51/7_51_1.wav
12485	8	./AudioMNIST/data/30/8_30_30.wav
12486	0	./AudioMNIST/data/34/0_34_37.wav
12487	4	./AudioMNIST/data/18/4_18_42.wav
12488	6	./AudioMNIST/data/22/6_22_24.wav
12489	2	./AudioMNIST/data/57/2_57_33.wav
12490	3	./AudioMNIST/data/36/3_36_32.wav
12491	1	./AudioMNIST/data/35/1_35_3.wav
12492	8	./AudioMNIST/data/27/8_27_3.wav
12493	4	./AudioMNIST/data/20/4_20_20.wav
12494	1	./AudioMNIST/data/09/1_09_45.wav
12495	5	./AudioMNIST/data/20/5_20_36.wav
12496	7	./AudioMNIST/data/05/7_05_44.wav
12497	0	./AudioMNIST/data/42/0_42_48.wav
12498	6	./AudioMNIST/data/33/6_33_22.wav
12499	8	./AudioMNIST/data/01/8_01_24.wav
12500	7	./AudioMNIST/data/09/7_09_49.wav
12501	2	./AudioMNIST/data/02/2_02_3.wav
12502	3	./AudioMNIST/data/34/3_34_7.wav
12503	5	./AudioMNIST/data/35/5_35_37.wav
12504	0	./AudioMNIST/data/34/0_34_1.wav
12505	4	./AudioMNIST/data/50/4_50_6.wav
12506	5	./AudioMNIST/data/48/5_48_32.wav
12507	3	./AudioMNIST/data/53/3_53_34.wav
12508	8	./AudioMNIST/data/18/8_18_21.wav
12509	4	./AudioMNIST/data/19/4_19_44.wav
12510	9	./AudioMNIST/data/14/9_14_16.wav
12511	0	./AudioMNIST/data/29/0_29_10.wav
12512	1	./AudioMNIST/data/48/1_48_36.wav
12513	5	./AudioMNIST/data/42/5_42_11.wav
12514	5	./AudioMNIST/data/28/5_28_1.wav
12515	1	./AudioMNIST/data/32/1_32_49.wav
12516	4	./AudioMNIST/data/07/4_07_13.wav
12517	4	./AudioMNIST/data/22/4_22_45.wav
12518	5	./AudioMNIST/data/07/5_07_43.wav
12519	3	./AudioMNIST/data/05/3_05_0.wav
12520	6	./AudioMNIST/data/30/6_30_41.wav
12521	4	./AudioMNIST/data/13/4_13_0.wav
12522	2	./AudioMNIST/data/37/2_37_6.wav
12523	1	./AudioMNIST/data/40/1_40_35.wav
12524	6	./AudioMNIST/data/40/6_40_43.wav
12525	0	./AudioMNIST/data/40/0_40_17.wav
12526	2	./AudioMNIST/data/58/2_58_25.wav
12527	6	./AudioMNIST/data/39/6_39_33.wav
12528	8	./AudioMNIST/data/29/8_29_8.wav
12529	6	./AudioMNIST/data/44/6_44_39.wav
12530	9	./AudioMNIST/data/20/9_20_12.wav
12531	2	./AudioMNIST/data/20/2_20_25.wav
12532	3	./AudioMNIST/data/30/3_30_19.wav
12533	7	./AudioMNIST/data/37/7_37_9.wav
12534	7	./AudioMNIST/data/48/7_48_47.wav
12535	1	./AudioMNIST/data/25/1_25_5.wav
12536	4	./AudioMNIST/data/43/4_43_36.wav
12537	6	./AudioMNIST/data/54/6_54_5.wav
12538	1	./AudioMNIST/data/01/1_01_12.wav
12539	2	./AudioMNIST/data/19/2_19_23.wav
12540	2	./AudioMNIST/data/11/2_11_4.wav
12541	7	./AudioMNIST/data/07/7_07_2.wav
12542	0	./AudioMNIST/data/22/0_22_46.wav
12543	4	./AudioMNIST/data/44/4_44_31.wav
12544	4	./AudioMNIST/data/51/4_51_17.wav
12545	1	./AudioMNIST/data/21/1_21_27.wav
12546	5	./AudioMNIST/data/03/5_03_8.wav
12547	0	./AudioMNIST/data/07/0_07_29.wav
12548	2	./AudioMNIST/data/47/2_47_23.wav
12549	2	./AudioMNIST/data/40/2_40_24.wav
12550	1	./AudioMNIST/data/31/1_31_3.wav
12551	1	./AudioMNIST/data/06/1_06_22.wav
12552	8	./AudioMNIST/data/51/8_51_21.wav
12553	4	./AudioMNIST/data/31/4_31_7.wav
12554	3	./AudioMNIST/data/19/3_19_27.wav
12555	2	./AudioMNIST/data/07/2_07_48.wav
12556	6	./AudioMNIST/data/18/6_18_46.wav
12557	9	./AudioMNIST/data/44/9_44_26.wav
12558	8	./AudioMNIST/data/02/8_02_38.wav
12559	5	./AudioMNIST/data/03/5_03_12.wav
12560	3	./AudioMNIST/data/46/3_46_48.wav
12561	0	./AudioMNIST/data/51/0_51_31.wav
12562	7	./AudioMNIST/data/35/7_35_42.wav
12563	6	./AudioMNIST/data/55/6_55_4.wav
12564	9	./AudioMNIST/data/29/9_29_8.wav
12565	1	./AudioMNIST/data/53/1_53_18.wav
12566	7	./AudioMNIST/data/57/7_57_6.wav
12567	4	./AudioMNIST/data/05/4_05_17.wav
12568	2	./AudioMNIST/data/39/2_39_44.wav
12569	1	./AudioMNIST/data/08/1_08_16.wav
12570	1	./AudioMNIST/data/31/1_31_40.wav
12571	9	./AudioMNIST/data/47/9_47_26.wav
12572	4	./AudioMNIST/data/54/4_54_7.wav
12573	0	./AudioMNIST/data/37/0_37_24.wav
12574	8	./AudioMNIST/data/18/8_18_17.wav
12575	1	./AudioMNIST/data/18/1_18_27.wav
12576	7	./AudioMNIST/data/08/7_08_2.wav
12577	9	./AudioMNIST/data/05/9_05_46.wav
12578	7	./AudioMNIST/data/59/7_59_37.wav
12579	8	./AudioMNIST/data/26/8_26_9.wav
12580	6	./AudioMNIST/data/23/6_23_22.wav
12581	1	./AudioMNIST/data/07/1_07_24.wav
12582	7	./AudioMNIST/data/22/7_22_0.wav
12583	0	./AudioMNIST/data/58/0_58_7.wav
12584	2	./AudioMNIST/data/59/2_59_8.wav
12585	3	./AudioMNIST/data/06/3_06_48.wav
12586	2	./AudioMNIST/data/49/2_49_23.wav
12587	2	./AudioMNIST/data/16/2_16_48.wav
12588	2	./AudioMNIST/data/33/2_33_6.wav
12589	7	./AudioMNIST/data/12/7_12_31.wav
12590	3	./AudioMNIST/data/13/3_13_11.wav
12591	1	./AudioMNIST/data/18/1_18_35.wav
12592	0	./AudioMNIST/data/49/0_49_31.wav
12593	2	./AudioMNIST/data/32/2_32_6.wav
12594	1	./AudioMNIST/data/30/1_30_32.wav
12595	3	./AudioMNIST/data/32/3_32_25.wav
12596	5	./AudioMNIST/data/10/5_10_5.wav
12597	3	./AudioMNIST/data/50/3_50_22.wav
12598	9	./AudioMNIST/data/52/9_52_20.wav
12599	1	./AudioMNIST/data/08/1_08_7.wav
12600	7	./AudioMNIST/data/25/7_25_3.wav
12601	6	./AudioMNIST/data/29/6_29_34.wav
12602	1	./AudioMNIST/data/60/1_60_36.wav
12603	3	./AudioMNIST/data/24/3_24_46.wav
12604	3	./AudioMNIST/data/23/3_23_13.wav
12605	4	./AudioMNIST/data/57/4_57_28.wav
12606	9	./AudioMNIST/data/06/9_06_29.wav
12607	4	./AudioMNIST/data/10/4_10_37.wav
12608	0	./AudioMNIST/data/32/0_32_6.wav
12609	0	./AudioMNIST/data/32/0_32_46.wav
12610	0	./AudioMNIST/data/43/0_43_24.wav
12611	8	./AudioMNIST/data/57/8_57_4.wav
12612	1	./AudioMNIST/data/18/1_18_47.wav
12613	6	./AudioMNIST/data/57/6_57_7.wav
12614	3	./AudioMNIST/data/27/3_27_15.wav
12615	4	./AudioMNIST/data/07/4_07_8.wav
12616	3	./AudioMNIST/data/21/3_21_36.wav
12617	9	./AudioMNIST/data/15/9_15_0.wav
12618	0	./AudioMNIST/data/37/0_37_30.wav
12619	1	./AudioMNIST/data/57/1_57_48.wav
12620	8	./AudioMNIST/data/49/8_49_0.wav
12621	6	./AudioMNIST/data/43/6_43_41.wav
12622	1	./AudioMNIST/data/22/1_22_12.wav
12623	1	./AudioMNIST/data/40/1_40_46.wav
12624	1	./AudioMNIST/data/05/1_05_37.wav
12625	1	./AudioMNIST/data/53/1_53_45.wav
12626	5	./AudioMNIST/data/05/5_05_26.wav
12627	1	./AudioMNIST/data/43/1_43_8.wav
12628	3	./AudioMNIST/data/10/3_10_20.wav
12629	0	./AudioMNIST/data/33/0_33_5.wav
12630	9	./AudioMNIST/data/08/9_08_22.wav
12631	1	./AudioMNIST/data/46/1_46_2.wav
12632	0	./AudioMNIST/data/40/0_40_43.wav
12633	1	./AudioMNIST/data/60/1_60_37.wav
12634	3	./AudioMNIST/data/57/3_57_25.wav
12635	5	./AudioMNIST/data/11/5_11_9.wav
12636	3	./AudioMNIST/data/04/3_04_20.wav
12637	4	./AudioMNIST/data/39/4_39_25.wav
12638	6	./AudioMNIST/data/42/6_42_1.wav
12639	9	./AudioMNIST/data/29/9_29_10.wav
12640	9	./AudioMNIST/data/47/9_47_18.wav
12641	4	./AudioMNIST/data/24/4_24_20.wav
12642	5	./AudioMNIST/data/18/5_18_15.wav
12643	2	./AudioMNIST/data/03/2_03_22.wav
12644	9	./AudioMNIST/data/03/9_03_14.wav
12645	5	./AudioMNIST/data/54/5_54_3.wav
12646	6	./AudioMNIST/data/27/6_27_16.wav
12647	1	./AudioMNIST/data/02/1_02_32.wav
12648	3	./AudioMNIST/data/31/3_31_35.wav
12649	8	./AudioMNIST/data/37/8_37_45.wav
12650	2	./AudioMNIST/data/50/2_50_42.wav
12651	9	./AudioMNIST/data/52/9_52_0.wav
12652	4	./AudioMNIST/data/31/4_31_45.wav
12653	0	./AudioMNIST/data/03/0_03_30.wav
12654	0	./AudioMNIST/data/33/0_33_44.wav
12655	6	./AudioMNIST/data/59/6_59_1.wav
12656	9	./AudioMNIST/data/18/9_18_48.wav
12657	3	./AudioMNIST/data/47/3_47_22.wav
12658	6	./AudioMNIST/data/31/6_31_0.wav
12659	4	./AudioMNIST/data/33/4_33_23.wav
12660	6	./AudioMNIST/data/33/6_33_44.wav
12661	8	./AudioMNIST/data/17/8_17_16.wav
12662	3	./AudioMNIST/data/40/3_40_29.wav
12663	7	./AudioMNIST/data/25/7_25_2.wav
12664	6	./AudioMNIST/data/48/6_48_7.wav
12665	0	./AudioMNIST/data/08/0_08_16.wav
12666	8	./AudioMNIST/data/50/8_50_5.wav
12667	3	./AudioMNIST/data/54/3_54_2.wav
12668	5	./AudioMNIST/data/23/5_23_37.wav
12669	4	./AudioMNIST/data/12/4_12_6.wav
12670	7	./AudioMNIST/data/23/7_23_34.wav
12671	4	./AudioMNIST/data/59/4_59_28.wav
12672	0	./AudioMNIST/data/54/0_54_19.wav
12673	0	./AudioMNIST/data/55/0_55_23.wav
12674	6	./AudioMNIST/data/48/6_48_49.wav
12675	2	./AudioMNIST/data/35/2_35_39.wav
12676	9	./AudioMNIST/data/29/9_29_49.wav
12677	8	./AudioMNIST/data/14/8_14_18.wav
12678	5	./AudioMNIST/data/10/5_10_29.wav
12679	8	./AudioMNIST/data/23/8_23_17.wav
12680	9	./AudioMNIST/data/18/9_18_0.wav
12681	0	./AudioMNIST/data/24/0_24_24.wav
12682	5	./AudioMNIST/data/43/5_43_24.wav
12683	2	./AudioMNIST/data/18/2_18_35.wav
12684	0	./AudioMNIST/data/57/0_57_3.wav
12685	4	./AudioMNIST/data/06/4_06_37.wav
12686	4	./AudioMNIST/data/03/4_03_2.wav
12687	5	./AudioMNIST/data/01/5_01_1.wav
12688	0	./AudioMNIST/data/16/0_16_43.wav
12689	0	./AudioMNIST/data/07/0_07_28.wav
12690	9	./AudioMNIST/data/03/9_03_10.wav
12691	7	./AudioMNIST/data/54/7_54_17.wav
12692	5	./AudioMNIST/data/05/5_05_25.wav
12693	8	./AudioMNIST/data/34/8_34_11.wav
12694	2	./AudioMNIST/data/13/2_13_14.wav
12695	5	./AudioMNIST/data/16/5_16_7.wav
12696	0	./AudioMNIST/data/16/0_16_10.wav
12697	6	./AudioMNIST/data/50/6_50_11.wav
12698	5	./AudioMNIST/data/08/5_08_12.wav
12699	9	./AudioMNIST/data/20/9_20_39.wav
12700	3	./AudioMNIST/data/51/3_51_42.wav
12701	2	./AudioMNIST/data/02/2_02_21.wav
12702	3	./AudioMNIST/data/30/3_30_10.wav
12703	8	./AudioMNIST/data/40/8_40_31.wav
12704	8	./AudioMNIST/data/31/8_31_28.wav
12705	9	./AudioMNIST/data/06/9_06_23.wav
12706	6	./AudioMNIST/data/33/6_33_20.wav
12707	8	./AudioMNIST/data/49/8_49_14.wav
12708	8	./AudioMNIST/data/23/8_23_24.wav
12709	6	./AudioMNIST/data/59/6_59_18.wav
12710	0	./AudioMNIST/data/34/0_34_29.wav
12711	1	./AudioMNIST/data/02/1_02_1.wav
12712	1	./AudioMNIST/data/44/1_44_0.wav
12713	0	./AudioMNIST/data/49/0_49_7.wav
12714	1	./AudioMNIST/data/54/1_54_46.wav
12715	5	./AudioMNIST/data/54/5_54_31.wav
12716	7	./AudioMNIST/data/19/7_19_42.wav
12717	8	./AudioMNIST/data/16/8_16_33.wav
12718	4	./AudioMNIST/data/41/4_41_48.wav
12719	2	./AudioMNIST/data/12/2_12_31.wav
12720	5	./AudioMNIST/data/26/5_26_5.wav
12721	7	./AudioMNIST/data/60/7_60_44.wav
12722	1	./AudioMNIST/data/56/1_56_20.wav
12723	5	./AudioMNIST/data/51/5_51_38.wav
12724	2	./AudioMNIST/data/25/2_25_42.wav
12725	6	./AudioMNIST/data/16/6_16_13.wav
12726	3	./AudioMNIST/data/23/3_23_39.wav
12727	1	./AudioMNIST/data/32/1_32_31.wav
12728	8	./AudioMNIST/data/56/8_56_9.wav
12729	7	./AudioMNIST/data/25/7_25_8.wav
12730	5	./AudioMNIST/data/11/5_11_46.wav
12731	2	./AudioMNIST/data/48/2_48_15.wav
12732	6	./AudioMNIST/data/05/6_05_19.wav
12733	2	./AudioMNIST/data/32/2_32_0.wav
12734	6	./AudioMNIST/data/55/6_55_32.wav
12735	9	./AudioMNIST/data/08/9_08_20.wav
12736	7	./AudioMNIST/data/07/7_07_47.wav
12737	9	./AudioMNIST/data/26/9_26_36.wav
12738	2	./AudioMNIST/data/53/2_53_25.wav
12739	6	./AudioMNIST/data/08/6_08_7.wav
12740	1	./AudioMNIST/data/44/1_44_17.wav
12741	5	./AudioMNIST/data/34/5_34_11.wav
12742	5	./AudioMNIST/data/26/5_26_31.wav
12743	3	./AudioMNIST/data/58/3_58_49.wav
12744	0	./AudioMNIST/data/53/0_53_7.wav
12745	1	./AudioMNIST/data/22/1_22_46.wav
12746	8	./AudioMNIST/data/02/8_02_41.wav
12747	5	./AudioMNIST/data/48/5_48_19.wav
12748	2	./AudioMNIST/data/39/2_39_40.wav
12749	8	./AudioMNIST/data/24/8_24_40.wav
12750	0	./AudioMNIST/data/27/0_27_35.wav
12751	6	./AudioMNIST/data/18/6_18_37.wav
12752	4	./AudioMNIST/data/33/4_33_26.wav
12753	4	./AudioMNIST/data/17/4_17_32.wav
12754	1	./AudioMNIST/data/34/1_34_13.wav
12755	1	./AudioMNIST/data/22/1_22_28.wav
12756	4	./AudioMNIST/data/14/4_14_4.wav
12757	5	./AudioMNIST/data/27/5_27_39.wav
12758	7	./AudioMNIST/data/49/7_49_5.wav
12759	0	./AudioMNIST/data/24/0_24_42.wav
12760	1	./AudioMNIST/data/18/1_18_18.wav
12761	3	./AudioMNIST/data/53/3_53_33.wav
12762	9	./AudioMNIST/data/23/9_23_2.wav
12763	6	./AudioMNIST/data/28/6_28_37.wav
12764	4	./AudioMNIST/data/37/4_37_30.wav
12765	8	./AudioMNIST/data/03/8_03_15.wav
12766	7	./AudioMNIST/data/55/7_55_21.wav
12767	1	./AudioMNIST/data/38/1_38_49.wav
12768	3	./AudioMNIST/data/32/3_32_26.wav
12769	3	./AudioMNIST/data/45/3_45_29.wav
12770	1	./AudioMNIST/data/26/1_26_23.wav
12771	1	./AudioMNIST/data/45/1_45_12.wav
12772	4	./AudioMNIST/data/09/4_09_34.wav
12773	3	./AudioMNIST/data/42/3_42_29.wav
12774	8	./AudioMNIST/data/46/8_46_42.wav
12775	4	./AudioMNIST/data/08/4_08_38.wav
12776	6	./AudioMNIST/data/35/6_35_9.wav
12777	6	./AudioMNIST/data/03/6_03_20.wav
12778	8	./AudioMNIST/data/27/8_27_20.wav
12779	3	./AudioMNIST/data/26/3_26_47.wav
12780	8	./AudioMNIST/data/14/8_14_11.wav
12781	8	./AudioMNIST/data/04/8_04_4.wav
12782	7	./AudioMNIST/data/18/7_18_45.wav
12783	4	./AudioMNIST/data/05/4_05_31.wav
12784	1	./AudioMNIST/data/18/1_18_19.wav
12785	5	./AudioMNIST/data/54/5_54_10.wav
12786	2	./AudioMNIST/data/24/2_24_23.wav
12787	8	./AudioMNIST/data/09/8_09_29.wav
12788	1	./AudioMNIST/data/38/1_38_27.wav
12789	1	./AudioMNIST/data/21/1_21_39.wav
12790	0	./AudioMNIST/data/03/0_03_38.wav
12791	3	./AudioMNIST/data/27/3_27_10.wav
12792	8	./AudioMNIST/data/50/8_50_39.wav
12793	1	./AudioMNIST/data/40/1_40_28.wav
12794	1	./AudioMNIST/data/38/1_38_21.wav
12795	8	./AudioMNIST/data/10/8_10_47.wav
12796	9	./AudioMNIST/data/59/9_59_30.wav
12797	6	./AudioMNIST/data/55/6_55_11.wav
12798	5	./AudioMNIST/data/38/5_38_26.wav
12799	3	./AudioMNIST/data/23/3_23_38.wav
12800	9	./AudioMNIST/data/32/9_32_41.wav
12801	5	./AudioMNIST/data/28/5_28_0.wav
12802	4	./AudioMNIST/data/50/4_50_44.wav
12803	1	./AudioMNIST/data/33/1_33_43.wav
12804	5	./AudioMNIST/data/11/5_11_47.wav
12805	2	./AudioMNIST/data/09/2_09_16.wav
12806	3	./AudioMNIST/data/19/3_19_34.wav
12807	9	./AudioMNIST/data/54/9_54_18.wav
12808	8	./AudioMNIST/data/51/8_51_7.wav
12809	3	./AudioMNIST/data/36/3_36_43.wav
12810	1	./AudioMNIST/data/18/1_18_3.wav
12811	1	./AudioMNIST/data/04/1_04_28.wav
12812	5	./AudioMNIST/data/46/5_46_18.wav
12813	3	./AudioMNIST/data/15/3_15_9.wav
12814	3	./AudioMNIST/data/49/3_49_48.wav
12815	5	./AudioMNIST/data/42/5_42_32.wav
12816	5	./AudioMNIST/data/41/5_41_41.wav
12817	2	./AudioMNIST/data/05/2_05_1.wav
12818	9	./AudioMNIST/data/02/9_02_36.wav
12819	5	./AudioMNIST/data/34/5_34_27.wav
12820	1	./AudioMNIST/data/23/1_23_11.wav
12821	0	./AudioMNIST/data/30/0_30_38.wav
12822	6	./AudioMNIST/data/17/6_17_4.wav
12823	9	./AudioMNIST/data/25/9_25_33.wav
12824	4	./AudioMNIST/data/20/4_20_28.wav
12825	7	./AudioMNIST/data/53/7_53_26.wav
12826	4	./AudioMNIST/data/59/4_59_47.wav
12827	5	./AudioMNIST/data/41/5_41_46.wav
12828	9	./AudioMNIST/data/58/9_58_11.wav
12829	8	./AudioMNIST/data/27/8_27_15.wav
12830	5	./AudioMNIST/data/25/5_25_13.wav
12831	7	./AudioMNIST/data/05/7_05_34.wav
12832	6	./AudioMNIST/data/27/6_27_10.wav
12833	3	./AudioMNIST/data/51/3_51_45.wav
12834	3	./AudioMNIST/data/27/3_27_41.wav
12835	2	./AudioMNIST/data/17/2_17_36.wav
12836	5	./AudioMNIST/data/48/5_48_0.wav
12837	0	./AudioMNIST/data/54/0_54_24.wav
12838	5	./AudioMNIST/data/20/5_20_14.wav
12839	7	./AudioMNIST/data/17/7_17_36.wav
12840	7	./AudioMNIST/data/22/7_22_25.wav
12841	3	./AudioMNIST/data/12/3_12_1.wav
12842	2	./AudioMNIST/data/08/2_08_40.wav
12843	1	./AudioMNIST/data/48/1_48_49.wav
12844	9	./AudioMNIST/data/16/9_16_38.wav
12845	5	./AudioMNIST/data/02/5_02_12.wav
12846	9	./AudioMNIST/data/14/9_14_8.wav
12847	5	./AudioMNIST/data/20/5_20_28.wav
12848	1	./AudioMNIST/data/60/1_60_11.wav
12849	7	./AudioMNIST/data/09/7_09_45.wav
12850	2	./AudioMNIST/data/50/2_50_26.wav
12851	6	./AudioMNIST/data/26/6_26_8.wav
12852	9	./AudioMNIST/data/59/9_59_25.wav
12853	3	./AudioMNIST/data/30/3_30_5.wav
12854	2	./AudioMNIST/data/27/2_27_9.wav
12855	3	./AudioMNIST/data/46/3_46_27.wav
12856	3	./AudioMNIST/data/57/3_57_37.wav
12857	1	./AudioMNIST/data/58/1_58_27.wav
12858	0	./AudioMNIST/data/21/0_21_41.wav
12859	3	./AudioMNIST/data/43/3_43_1.wav
12860	0	./AudioMNIST/data/06/0_06_3.wav
12861	0	./AudioMNIST/data/51/0_51_41.wav
12862	1	./AudioMNIST/data/20/1_20_37.wav
12863	3	./AudioMNIST/data/07/3_07_23.wav
12864	4	./AudioMNIST/data/56/4_56_16.wav
12865	4	./AudioMNIST/data/06/4_06_9.wav
12866	8	./AudioMNIST/data/59/8_59_38.wav
12867	0	./AudioMNIST/data/03/0_03_5.wav
12868	1	./AudioMNIST/data/45/1_45_9.wav
12869	3	./AudioMNIST/data/45/3_45_41.wav
12870	4	./AudioMNIST/data/25/4_25_34.wav
12871	4	./AudioMNIST/data/19/4_19_16.wav
12872	2	./AudioMNIST/data/33/2_33_46.wav
12873	2	./AudioMNIST/data/50/2_50_34.wav
12874	5	./AudioMNIST/data/28/5_28_40.wav
12875	5	./AudioMNIST/data/23/5_23_30.wav
12876	6	./AudioMNIST/data/48/6_48_19.wav
12877	2	./AudioMNIST/data/11/2_11_11.wav
12878	7	./AudioMNIST/data/01/7_01_9.wav
12879	8	./AudioMNIST/data/35/8_35_10.wav
12880	6	./AudioMNIST/data/30/6_30_19.wav
12881	5	./AudioMNIST/data/11/5_11_7.wav
12882	0	./AudioMNIST/data/19/0_19_46.wav
12883	5	./AudioMNIST/data/57/5_57_30.wav
12884	5	./AudioMNIST/data/28/5_28_15.wav
12885	2	./AudioMNIST/data/06/2_06_27.wav
12886	1	./AudioMNIST/data/42/1_42_7.wav
12887	9	./AudioMNIST/data/22/9_22_28.wav
12888	5	./AudioMNIST/data/26/5_26_34.wav
12889	7	./AudioMNIST/data/33/7_33_12.wav
12890	6	./AudioMNIST/data/56/6_56_47.wav
12891	2	./AudioMNIST/data/16/2_16_4.wav
12892	2	./AudioMNIST/data/30/2_30_29.wav
12893	9	./AudioMNIST/data/51/9_51_9.wav
12894	4	./AudioMNIST/data/54/4_54_38.wav
12895	1	./AudioMNIST/data/20/1_20_42.wav
12896	4	./AudioMNIST/data/09/4_09_38.wav
12897	4	./AudioMNIST/data/38/4_38_28.wav
12898	3	./AudioMNIST/data/41/3_41_6.wav
12899	2	./AudioMNIST/data/43/2_43_38.wav
12900	4	./AudioMNIST/data/31/4_31_28.wav
12901	2	./AudioMNIST/data/25/2_25_6.wav
12902	0	./AudioMNIST/data/30/0_30_48.wav
12903	2	./AudioMNIST/data/29/2_29_38.wav
12904	4	./AudioMNIST/data/37/4_37_19.wav
12905	1	./AudioMNIST/data/37/1_37_3.wav
12906	8	./AudioMNIST/data/54/8_54_28.wav
12907	5	./AudioMNIST/data/50/5_50_28.wav
12908	2	./AudioMNIST/data/44/2_44_33.wav
12909	2	./AudioMNIST/data/28/2_28_17.wav
12910	8	./AudioMNIST/data/29/8_29_20.wav
12911	4	./AudioMNIST/data/14/4_14_44.wav
12912	3	./AudioMNIST/data/01/3_01_27.wav
12913	4	./AudioMNIST/data/46/4_46_48.wav
12914	4	./AudioMNIST/data/04/4_04_26.wav
12915	2	./AudioMNIST/data/57/2_57_5.wav
12916	2	./AudioMNIST/data/07/2_07_11.wav
12917	9	./AudioMNIST/data/36/9_36_25.wav
12918	9	./AudioMNIST/data/27/9_27_22.wav
12919	8	./AudioMNIST/data/55/8_55_5.wav
12920	0	./AudioMNIST/data/05/0_05_0.wav
12921	0	./AudioMNIST/data/50/0_50_14.wav
12922	8	./AudioMNIST/data/30/8_30_1.wav
12923	9	./AudioMNIST/data/38/9_38_32.wav
12924	6	./AudioMNIST/data/56/6_56_11.wav
12925	5	./AudioMNIST/data/56/5_56_42.wav
12926	6	./AudioMNIST/data/49/6_49_25.wav
12927	9	./AudioMNIST/data/41/9_41_31.wav
12928	3	./AudioMNIST/data/09/3_09_37.wav
12929	5	./AudioMNIST/data/54/5_54_0.wav
12930	4	./AudioMNIST/data/18/4_18_23.wav
12931	3	./AudioMNIST/data/60/3_60_15.wav
12932	0	./AudioMNIST/data/26/0_26_38.wav
12933	2	./AudioMNIST/data/04/2_04_32.wav
12934	3	./AudioMNIST/data/23/3_23_11.wav
12935	3	./AudioMNIST/data/17/3_17_45.wav
12936	9	./AudioMNIST/data/06/9_06_12.wav
12937	3	./AudioMNIST/data/49/3_49_0.wav
12938	5	./AudioMNIST/data/12/5_12_12.wav
12939	9	./AudioMNIST/data/08/9_08_43.wav
12940	7	./AudioMNIST/data/19/7_19_34.wav
12941	4	./AudioMNIST/data/36/4_36_24.wav
12942	4	./AudioMNIST/data/43/4_43_41.wav
12943	2	./AudioMNIST/data/14/2_14_45.wav
12944	3	./AudioMNIST/data/41/3_41_12.wav
12945	6	./AudioMNIST/data/25/6_25_30.wav
12946	8	./AudioMNIST/data/53/8_53_44.wav
12947	3	./AudioMNIST/data/37/3_37_10.wav
12948	8	./AudioMNIST/data/08/8_08_23.wav
12949	1	./AudioMNIST/data/29/1_29_23.wav
12950	7	./AudioMNIST/data/51/7_51_12.wav
12951	2	./AudioMNIST/data/31/2_31_23.wav
12952	3	./AudioMNIST/data/59/3_59_0.wav
12953	1	./AudioMNIST/data/10/1_10_15.wav
12954	7	./AudioMNIST/data/11/7_11_36.wav
12955	1	./AudioMNIST/data/17/1_17_6.wav
12956	1	./AudioMNIST/data/48/1_48_28.wav
12957	1	./AudioMNIST/data/10/1_10_36.wav
12958	1	./AudioMNIST/data/09/1_09_29.wav
12959	9	./AudioMNIST/data/17/9_17_49.wav
12960	9	./AudioMNIST/data/02/9_02_23.wav
12961	3	./AudioMNIST/data/51/3_51_44.wav
12962	5	./AudioMNIST/data/22/5_22_17.wav
12963	2	./AudioMNIST/data/04/2_04_30.wav
12964	5	./AudioMNIST/data/39/5_39_43.wav
12965	7	./AudioMNIST/data/37/7_37_26.wav
12966	0	./AudioMNIST/data/20/0_20_22.wav
12967	9	./AudioMNIST/data/39/9_39_7.wav
12968	4	./AudioMNIST/data/20/4_20_44.wav
12969	6	./AudioMNIST/data/39/6_39_1.wav
12970	4	./AudioMNIST/data/58/4_58_36.wav
12971	1	./AudioMNIST/data/17/1_17_11.wav
12972	0	./AudioMNIST/data/50/0_50_40.wav
12973	1	./AudioMNIST/data/29/1_29_44.wav
12974	6	./AudioMNIST/data/50/6_50_12.wav
12975	9	./AudioMNIST/data/35/9_35_19.wav
12976	4	./AudioMNIST/data/53/4_53_32.wav
12977	7	./AudioMNIST/data/11/7_11_5.wav
12978	1	./AudioMNIST/data/12/1_12_28.wav
12979	5	./AudioMNIST/data/33/5_33_14.wav
12980	3	./AudioMNIST/data/17/3_17_14.wav
12981	9	./AudioMNIST/data/13/9_13_32.wav
12982	4	./AudioMNIST/data/25/4_25_40.wav
12983	5	./AudioMNIST/data/55/5_55_23.wav
12984	5	./AudioMNIST/data/35/5_35_28.wav
12985	6	./AudioMNIST/data/41/6_41_21.wav
12986	9	./AudioMNIST/data/49/9_49_40.wav
12987	2	./AudioMNIST/data/46/2_46_26.wav
12988	7	./AudioMNIST/data/08/7_08_23.wav
12989	8	./AudioMNIST/data/59/8_59_42.wav
12990	0	./AudioMNIST/data/03/0_03_37.wav
12991	6	./AudioMNIST/data/38/6_38_45.wav
12992	7	./AudioMNIST/data/05/7_05_20.wav
12993	5	./AudioMNIST/data/40/5_40_46.wav
12994	4	./AudioMNIST/data/10/4_10_40.wav
12995	9	./AudioMNIST/data/13/9_13_37.wav
12996	4	./AudioMNIST/data/28/4_28_35.wav
12997	4	./AudioMNIST/data/42/4_42_18.wav
12998	4	./AudioMNIST/data/43/4_43_17.wav
12999	4	./AudioMNIST/data/32/4_32_5.wav
13000	1	./AudioMNIST/data/48/1_48_0.wav
13001	6	./AudioMNIST/data/26/6_26_26.wav
13002	4	./AudioMNIST/data/27/4_27_38.wav
13003	6	./AudioMNIST/data/54/6_54_30.wav
13004	1	./AudioMNIST/data/26/1_26_39.wav
13005	9	./AudioMNIST/data/09/9_09_38.wav
13006	5	./AudioMNIST/data/19/5_19_19.wav
13007	8	./AudioMNIST/data/07/8_07_28.wav
13008	9	./AudioMNIST/data/07/9_07_42.wav
13009	0	./AudioMNIST/data/44/0_44_41.wav
13010	1	./AudioMNIST/data/23/1_23_20.wav
13011	5	./AudioMNIST/data/46/5_46_33.wav
13012	4	./AudioMNIST/data/45/4_45_13.wav
13013	0	./AudioMNIST/data/54/0_54_40.wav
13014	6	./AudioMNIST/data/52/6_52_40.wav
13015	6	./AudioMNIST/data/20/6_20_7.wav
13016	7	./AudioMNIST/data/09/7_09_2.wav
13017	3	./AudioMNIST/data/11/3_11_39.wav
13018	7	./AudioMNIST/data/48/7_48_4.wav
13019	9	./AudioMNIST/data/15/9_15_44.wav
13020	1	./AudioMNIST/data/37/1_37_26.wav
13021	8	./AudioMNIST/data/38/8_38_41.wav
13022	9	./AudioMNIST/data/59/9_59_28.wav
13023	6	./AudioMNIST/data/02/6_02_36.wav
13024	2	./AudioMNIST/data/37/2_37_47.wav
13025	2	./AudioMNIST/data/15/2_15_17.wav
13026	7	./AudioMNIST/data/07/7_07_26.wav
13027	3	./AudioMNIST/data/48/3_48_0.wav
13028	1	./AudioMNIST/data/27/1_27_26.wav
13029	0	./AudioMNIST/data/24/0_24_12.wav
13030	2	./AudioMNIST/data/53/2_53_24.wav
13031	7	./AudioMNIST/data/19/7_19_5.wav
13032	6	./AudioMNIST/data/52/6_52_49.wav
13033	7	./AudioMNIST/data/50/7_50_21.wav
13034	9	./AudioMNIST/data/51/9_51_7.wav
13035	4	./AudioMNIST/data/30/4_30_33.wav
13036	3	./AudioMNIST/data/16/3_16_7.wav
13037	5	./AudioMNIST/data/17/5_17_4.wav
13038	8	./AudioMNIST/data/20/8_20_40.wav
13039	8	./AudioMNIST/data/06/8_06_25.wav
13040	4	./AudioMNIST/data/41/4_41_49.wav
13041	9	./AudioMNIST/data/39/9_39_1.wav
13042	6	./AudioMNIST/data/37/6_37_22.wav
13043	4	./AudioMNIST/data/38/4_38_8.wav
13044	0	./AudioMNIST/data/50/0_50_48.wav
13045	0	./AudioMNIST/data/19/0_19_9.wav
13046	9	./AudioMNIST/data/47/9_47_27.wav
13047	4	./AudioMNIST/data/48/4_48_6.wav
13048	2	./AudioMNIST/data/37/2_37_25.wav
13049	2	./AudioMNIST/data/10/2_10_26.wav
13050	3	./AudioMNIST/data/26/3_26_12.wav
13051	8	./AudioMNIST/data/29/8_29_1.wav
13052	5	./AudioMNIST/data/04/5_04_1.wav
13053	6	./AudioMNIST/data/23/6_23_5.wav
13054	8	./AudioMNIST/data/52/8_52_32.wav
13055	3	./AudioMNIST/data/39/3_39_36.wav
13056	3	./AudioMNIST/data/33/3_33_29.wav
13057	8	./AudioMNIST/data/08/8_08_37.wav
13058	0	./AudioMNIST/data/42/0_42_46.wav
13059	5	./AudioMNIST/data/30/5_30_41.wav
13060	3	./AudioMNIST/data/36/3_36_18.wav
13061	1	./AudioMNIST/data/32/1_32_46.wav
13062	9	./AudioMNIST/data/50/9_50_28.wav
13063	1	./AudioMNIST/data/04/1_04_8.wav
13064	9	./AudioMNIST/data/49/9_49_6.wav
13065	5	./AudioMNIST/data/06/5_06_43.wav
13066	5	./AudioMNIST/data/06/5_06_29.wav
13067	3	./AudioMNIST/data/40/3_40_1.wav
13068	0	./AudioMNIST/data/39/0_39_36.wav
13069	5	./AudioMNIST/data/46/5_46_44.wav
13070	3	./AudioMNIST/data/43/3_43_34.wav
13071	7	./AudioMNIST/data/53/7_53_24.wav
13072	6	./AudioMNIST/data/59/6_59_17.wav
13073	9	./AudioMNIST/data/37/9_37_28.wav
13074	4	./AudioMNIST/data/39/4_39_0.wav
13075	8	./AudioMNIST/data/14/8_14_8.wav
13076	0	./AudioMNIST/data/17/0_17_38.wav
13077	2	./AudioMNIST/data/47/2_47_49.wav
13078	5	./AudioMNIST/data/11/5_11_2.wav
13079	7	./AudioMNIST/data/26/7_26_31.wav
13080	4	./AudioMNIST/data/44/4_44_21.wav
13081	0	./AudioMNIST/data/05/0_05_49.wav
13082	3	./AudioMNIST/data/28/3_28_33.wav
13083	7	./AudioMNIST/data/18/7_18_23.wav
13084	5	./AudioMNIST/data/46/5_46_39.wav
13085	4	./AudioMNIST/data/08/4_08_12.wav
13086	8	./AudioMNIST/data/28/8_28_21.wav
13087	2	./AudioMNIST/data/52/2_52_29.wav
13088	3	./AudioMNIST/data/23/3_23_35.wav
13089	1	./AudioMNIST/data/31/1_31_39.wav
13090	4	./AudioMNIST/data/55/4_55_8.wav
13091	9	./AudioMNIST/data/10/9_10_26.wav
13092	1	./AudioMNIST/data/33/1_33_23.wav
13093	0	./AudioMNIST/data/30/0_30_46.wav
13094	4	./AudioMNIST/data/24/4_24_5.wav
13095	3	./AudioMNIST/data/56/3_56_0.wav
13096	0	./AudioMNIST/data/19/0_19_25.wav
13097	1	./AudioMNIST/data/47/1_47_27.wav
13098	7	./AudioMNIST/data/16/7_16_12.wav
13099	5	./AudioMNIST/data/56/5_56_31.wav
13100	2	./AudioMNIST/data/43/2_43_43.wav
13101	4	./AudioMNIST/data/49/4_49_40.wav
13102	3	./AudioMNIST/data/24/3_24_21.wav
13103	9	./AudioMNIST/data/54/9_54_36.wav
13104	0	./AudioMNIST/data/38/0_38_26.wav
13105	4	./AudioMNIST/data/38/4_38_22.wav
13106	5	./AudioMNIST/data/49/5_49_18.wav
13107	4	./AudioMNIST/data/38/4_38_6.wav
13108	3	./AudioMNIST/data/37/3_37_8.wav
13109	3	./AudioMNIST/data/48/3_48_45.wav
13110	3	./AudioMNIST/data/20/3_20_1.wav
13111	5	./AudioMNIST/data/27/5_27_22.wav
13112	2	./AudioMNIST/data/37/2_37_18.wav
13113	0	./AudioMNIST/data/39/0_39_46.wav
13114	9	./AudioMNIST/data/13/9_13_26.wav
13115	2	./AudioMNIST/data/15/2_15_21.wav
13116	9	./AudioMNIST/data/06/9_06_49.wav
13117	8	./AudioMNIST/data/07/8_07_2.wav
13118	6	./AudioMNIST/data/44/6_44_29.wav
13119	1	./AudioMNIST/data/38/1_38_4.wav
13120	1	./AudioMNIST/data/15/1_15_22.wav
13121	3	./AudioMNIST/data/12/3_12_38.wav
13122	9	./AudioMNIST/data/53/9_53_41.wav
13123	5	./AudioMNIST/data/28/5_28_5.wav
13124	0	./AudioMNIST/data/42/0_42_24.wav
13125	4	./AudioMNIST/data/17/4_17_7.wav
13126	8	./AudioMNIST/data/50/8_50_28.wav
13127	4	./AudioMNIST/data/04/4_04_21.wav
13128	3	./AudioMNIST/data/30/3_30_37.wav
13129	6	./AudioMNIST/data/25/6_25_43.wav
13130	3	./AudioMNIST/data/15/3_15_17.wav
13131	1	./AudioMNIST/data/53/1_53_15.wav
13132	6	./AudioMNIST/data/08/6_08_44.wav
13133	1	./AudioMNIST/data/16/1_16_2.wav
13134	5	./AudioMNIST/data/47/5_47_43.wav
13135	7	./AudioMNIST/data/14/7_14_8.wav
13136	7	./AudioMNIST/data/38/7_38_29.wav
13137	1	./AudioMNIST/data/56/1_56_41.wav
13138	5	./AudioMNIST/data/48/5_48_43.wav
13139	3	./AudioMNIST/data/42/3_42_38.wav
13140	0	./AudioMNIST/data/59/0_59_15.wav
13141	7	./AudioMNIST/data/13/7_13_10.wav
13142	4	./AudioMNIST/data/42/4_42_29.wav
13143	7	./AudioMNIST/data/34/7_34_48.wav
13144	5	./AudioMNIST/data/33/5_33_15.wav
13145	3	./AudioMNIST/data/15/3_15_27.wav
13146	5	./AudioMNIST/data/57/5_57_4.wav
13147	8	./AudioMNIST/data/48/8_48_49.wav
13148	2	./AudioMNIST/data/60/2_60_8.wav
13149	5	./AudioMNIST/data/15/5_15_40.wav
13150	3	./AudioMNIST/data/51/3_51_7.wav
13151	5	./AudioMNIST/data/53/5_53_15.wav
13152	8	./AudioMNIST/data/15/8_15_46.wav
13153	1	./AudioMNIST/data/23/1_23_32.wav
13154	9	./AudioMNIST/data/13/9_13_36.wav
13155	3	./AudioMNIST/data/18/3_18_22.wav
13156	6	./AudioMNIST/data/21/6_21_46.wav
13157	5	./AudioMNIST/data/06/5_06_45.wav
13158	1	./AudioMNIST/data/18/1_18_4.wav
13159	7	./AudioMNIST/data/15/7_15_47.wav
13160	1	./AudioMNIST/data/57/1_57_37.wav
13161	4	./AudioMNIST/data/50/4_50_35.wav
13162	2	./AudioMNIST/data/21/2_21_48.wav
13163	7	./AudioMNIST/data/16/7_16_1.wav
13164	1	./AudioMNIST/data/44/1_44_25.wav
13165	2	./AudioMNIST/data/06/2_06_31.wav
13166	2	./AudioMNIST/data/50/2_50_30.wav
13167	1	./AudioMNIST/data/51/1_51_26.wav
13168	9	./AudioMNIST/data/48/9_48_19.wav
13169	9	./AudioMNIST/data/41/9_41_21.wav
13170	9	./AudioMNIST/data/01/9_01_49.wav
13171	0	./AudioMNIST/data/58/0_58_12.wav
13172	2	./AudioMNIST/data/58/2_58_12.wav
13173	4	./AudioMNIST/data/35/4_35_25.wav
13174	4	./AudioMNIST/data/01/4_01_2.wav
13175	6	./AudioMNIST/data/59/6_59_23.wav
13176	8	./AudioMNIST/data/55/8_55_3.wav
13177	4	./AudioMNIST/data/33/4_33_10.wav
13178	9	./AudioMNIST/data/23/9_23_28.wav
13179	4	./AudioMNIST/data/32/4_32_11.wav
13180	5	./AudioMNIST/data/34/5_34_49.wav
13181	2	./AudioMNIST/data/13/2_13_21.wav
13182	4	./AudioMNIST/data/60/4_60_33.wav
13183	6	./AudioMNIST/data/27/6_27_30.wav
13184	5	./AudioMNIST/data/55/5_55_39.wav
13185	2	./AudioMNIST/data/29/2_29_47.wav
13186	7	./AudioMNIST/data/53/7_53_8.wav
13187	9	./AudioMNIST/data/57/9_57_15.wav
13188	7	./AudioMNIST/data/37/7_37_29.wav
13189	0	./AudioMNIST/data/02/0_02_42.wav
13190	1	./AudioMNIST/data/40/1_40_1.wav
13191	5	./AudioMNIST/data/34/5_34_23.wav
13192	3	./AudioMNIST/data/45/3_45_11.wav
13193	9	./AudioMNIST/data/53/9_53_12.wav
13194	3	./AudioMNIST/data/23/3_23_19.wav
13195	7	./AudioMNIST/data/08/7_08_16.wav
13196	8	./AudioMNIST/data/32/8_32_30.wav
13197	9	./AudioMNIST/data/52/9_52_1.wav
13198	4	./AudioMNIST/data/26/4_26_11.wav
13199	1	./AudioMNIST/data/46/1_46_35.wav
13200	3	./AudioMNIST/data/14/3_14_10.wav
13201	4	./AudioMNIST/data/45/4_45_1.wav
13202	4	./AudioMNIST/data/16/4_16_34.wav
13203	7	./AudioMNIST/data/23/7_23_7.wav
13204	5	./AudioMNIST/data/34/5_34_34.wav
13205	9	./AudioMNIST/data/33/9_33_32.wav
13206	3	./AudioMNIST/data/40/3_40_47.wav
13207	5	./AudioMNIST/data/31/5_31_48.wav
13208	1	./AudioMNIST/data/01/1_01_25.wav
13209	6	./AudioMNIST/data/48/6_48_37.wav
13210	4	./AudioMNIST/data/05/4_05_3.wav
13211	0	./AudioMNIST/data/08/0_08_33.wav
13212	0	./AudioMNIST/data/27/0_27_7.wav
13213	6	./AudioMNIST/data/46/6_46_45.wav
13214	8	./AudioMNIST/data/23/8_23_21.wav
13215	6	./AudioMNIST/data/09/6_09_15.wav
13216	7	./AudioMNIST/data/04/7_04_35.wav
13217	5	./AudioMNIST/data/11/5_11_34.wav
13218	3	./AudioMNIST/data/20/3_20_43.wav
13219	0	./AudioMNIST/data/10/0_10_15.wav
13220	3	./AudioMNIST/data/30/3_30_44.wav
13221	1	./AudioMNIST/data/52/1_52_22.wav
13222	3	./AudioMNIST/data/60/3_60_4.wav
13223	0	./AudioMNIST/data/55/0_55_46.wav
13224	6	./AudioMNIST/data/44/6_44_38.wav
13225	6	./AudioMNIST/data/21/6_21_16.wav
13226	1	./AudioMNIST/data/17/1_17_0.wav
13227	1	./AudioMNIST/data/30/1_30_10.wav
13228	3	./AudioMNIST/data/11/3_11_17.wav
13229	1	./AudioMNIST/data/41/1_41_26.wav
13230	4	./AudioMNIST/data/11/4_11_31.wav
13231	0	./AudioMNIST/data/60/0_60_16.wav
13232	0	./AudioMNIST/data/58/0_58_8.wav
13233	5	./AudioMNIST/data/37/5_37_33.wav
13234	1	./AudioMNIST/data/48/1_48_22.wav
13235	1	./AudioMNIST/data/03/1_03_15.wav
13236	1	./AudioMNIST/data/40/1_40_25.wav
13237	7	./AudioMNIST/data/22/7_22_37.wav
13238	3	./AudioMNIST/data/05/3_05_7.wav
13239	3	./AudioMNIST/data/27/3_27_23.wav
13240	6	./AudioMNIST/data/29/6_29_8.wav
13241	1	./AudioMNIST/data/48/1_48_47.wav
13242	5	./AudioMNIST/data/49/5_49_38.wav
13243	6	./AudioMNIST/data/59/6_59_4.wav
13244	5	./AudioMNIST/data/33/5_33_48.wav
13245	8	./AudioMNIST/data/45/8_45_47.wav
13246	3	./AudioMNIST/data/56/3_56_7.wav
13247	8	./AudioMNIST/data/52/8_52_31.wav
13248	1	./AudioMNIST/data/57/1_57_21.wav
13249	3	./AudioMNIST/data/52/3_52_25.wav
13250	2	./AudioMNIST/data/03/2_03_38.wav
13251	0	./AudioMNIST/data/52/0_52_45.wav
13252	0	./AudioMNIST/data/09/0_09_4.wav
13253	3	./AudioMNIST/data/38/3_38_11.wav
13254	1	./AudioMNIST/data/04/1_04_29.wav
13255	1	./AudioMNIST/data/46/1_46_46.wav
13256	6	./AudioMNIST/data/28/6_28_22.wav
13257	0	./AudioMNIST/data/07/0_07_20.wav
13258	8	./AudioMNIST/data/49/8_49_29.wav
13259	1	./AudioMNIST/data/08/1_08_20.wav
13260	4	./AudioMNIST/data/06/4_06_15.wav
13261	4	./AudioMNIST/data/21/4_21_3.wav
13262	4	./AudioMNIST/data/21/4_21_8.wav
13263	3	./AudioMNIST/data/18/3_18_31.wav
13264	1	./AudioMNIST/data/32/1_32_7.wav
13265	7	./AudioMNIST/data/47/7_47_37.wav
13266	9	./AudioMNIST/data/60/9_60_22.wav
13267	6	./AudioMNIST/data/10/6_10_12.wav
13268	1	./AudioMNIST/data/07/1_07_1.wav
13269	1	./AudioMNIST/data/60/1_60_44.wav
13270	4	./AudioMNIST/data/14/4_14_9.wav
13271	1	./AudioMNIST/data/35/1_35_34.wav
13272	1	./AudioMNIST/data/39/1_39_25.wav
13273	3	./AudioMNIST/data/22/3_22_15.wav
13274	7	./AudioMNIST/data/60/7_60_49.wav
13275	2	./AudioMNIST/data/34/2_34_36.wav
13276	9	./AudioMNIST/data/29/9_29_15.wav
13277	6	./AudioMNIST/data/40/6_40_40.wav
13278	8	./AudioMNIST/data/31/8_31_39.wav
13279	0	./AudioMNIST/data/45/0_45_45.wav
13280	9	./AudioMNIST/data/32/9_32_13.wav
13281	1	./AudioMNIST/data/51/1_51_49.wav
13282	8	./AudioMNIST/data/38/8_38_45.wav
13283	4	./AudioMNIST/data/22/4_22_40.wav
13284	0	./AudioMNIST/data/42/0_42_37.wav
13285	8	./AudioMNIST/data/39/8_39_12.wav
13286	4	./AudioMNIST/data/38/4_38_12.wav
13287	3	./AudioMNIST/data/55/3_55_12.wav
13288	0	./AudioMNIST/data/10/0_10_3.wav
13289	0	./AudioMNIST/data/15/0_15_39.wav
13290	7	./AudioMNIST/data/56/7_56_37.wav
13291	8	./AudioMNIST/data/01/8_01_20.wav
13292	6	./AudioMNIST/data/19/6_19_14.wav
13293	9	./AudioMNIST/data/07/9_07_39.wav
13294	5	./AudioMNIST/data/16/5_16_30.wav
13295	3	./AudioMNIST/data/18/3_18_8.wav
13296	7	./AudioMNIST/data/19/7_19_18.wav
13297	6	./AudioMNIST/data/52/6_52_30.wav
13298	9	./AudioMNIST/data/18/9_18_17.wav
13299	2	./AudioMNIST/data/37/2_37_0.wav
13300	2	./AudioMNIST/data/45/2_45_28.wav
13301	2	./AudioMNIST/data/44/2_44_35.wav
13302	0	./AudioMNIST/data/28/0_28_3.wav
13303	5	./AudioMNIST/data/40/5_40_1.wav
13304	8	./AudioMNIST/data/06/8_06_12.wav
13305	0	./AudioMNIST/data/12/0_12_31.wav
13306	2	./AudioMNIST/data/46/2_46_21.wav
13307	6	./AudioMNIST/data/37/6_37_42.wav
13308	9	./AudioMNIST/data/39/9_39_27.wav
13309	3	./AudioMNIST/data/33/3_33_18.wav
13310	4	./AudioMNIST/data/53/4_53_20.wav
13311	2	./AudioMNIST/data/53/2_53_28.wav
13312	7	./AudioMNIST/data/11/7_11_28.wav
13313	5	./AudioMNIST/data/13/5_13_43.wav
13314	3	./AudioMNIST/data/16/3_16_13.wav
13315	6	./AudioMNIST/data/55/6_55_33.wav
13316	2	./AudioMNIST/data/19/2_19_32.wav
13317	6	./AudioMNIST/data/12/6_12_5.wav
13318	2	./AudioMNIST/data/16/2_16_47.wav
13319	9	./AudioMNIST/data/25/9_25_13.wav
13320	0	./AudioMNIST/data/25/0_25_27.wav
13321	8	./AudioMNIST/data/35/8_35_6.wav
13322	1	./AudioMNIST/data/45/1_45_0.wav
13323	9	./AudioMNIST/data/49/9_49_43.wav
13324	2	./AudioMNIST/data/48/2_48_23.wav
13325	7	./AudioMNIST/data/27/7_27_16.wav
13326	8	./AudioMNIST/data/06/8_06_13.wav
13327	3	./AudioMNIST/data/49/3_49_3.wav
13328	6	./AudioMNIST/data/40/6_40_19.wav
13329	9	./AudioMNIST/data/58/9_58_33.wav
13330	3	./AudioMNIST/data/17/3_17_49.wav
13331	9	./AudioMNIST/data/57/9_57_36.wav
13332	8	./AudioMNIST/data/06/8_06_47.wav
13333	1	./AudioMNIST/data/21/1_21_18.wav
13334	5	./AudioMNIST/data/31/5_31_40.wav
13335	0	./AudioMNIST/data/53/0_53_29.wav
13336	1	./AudioMNIST/data/17/1_17_20.wav
13337	5	./AudioMNIST/data/19/5_19_38.wav
13338	8	./AudioMNIST/data/42/8_42_15.wav
13339	3	./AudioMNIST/data/53/3_53_45.wav
13340	3	./AudioMNIST/data/09/3_09_8.wav
13341	2	./AudioMNIST/data/42/2_42_28.wav
13342	7	./AudioMNIST/data/59/7_59_33.wav
13343	8	./AudioMNIST/data/51/8_51_37.wav
13344	5	./AudioMNIST/data/29/5_29_12.wav
13345	1	./AudioMNIST/data/14/1_14_25.wav
13346	0	./AudioMNIST/data/38/0_38_12.wav
13347	8	./AudioMNIST/data/10/8_10_45.wav
13348	8	./AudioMNIST/data/09/8_09_28.wav
13349	3	./AudioMNIST/data/60/3_60_49.wav
13350	5	./AudioMNIST/data/40/5_40_16.wav
13351	4	./AudioMNIST/data/16/4_16_23.wav
13352	9	./AudioMNIST/data/23/9_23_26.wav
13353	4	./AudioMNIST/data/41/4_41_12.wav
13354	5	./AudioMNIST/data/08/5_08_5.wav
13355	6	./AudioMNIST/data/47/6_47_34.wav
13356	3	./AudioMNIST/data/27/3_27_22.wav
13357	4	./AudioMNIST/data/16/4_16_42.wav
13358	4	./AudioMNIST/data/15/4_15_22.wav
13359	3	./AudioMNIST/data/51/3_51_12.wav
13360	6	./AudioMNIST/data/19/6_19_33.wav
13361	0	./AudioMNIST/data/21/0_21_18.wav
13362	5	./AudioMNIST/data/32/5_32_10.wav
13363	3	./AudioMNIST/data/25/3_25_4.wav
13364	5	./AudioMNIST/data/13/5_13_11.wav
13365	2	./AudioMNIST/data/60/2_60_2.wav
13366	9	./AudioMNIST/data/57/9_57_26.wav
13367	1	./AudioMNIST/data/13/1_13_11.wav
13368	8	./AudioMNIST/data/35/8_35_43.wav
13369	9	./AudioMNIST/data/51/9_51_17.wav
13370	0	./AudioMNIST/data/39/0_39_39.wav
13371	4	./AudioMNIST/data/22/4_22_30.wav
13372	7	./AudioMNIST/data/53/7_53_22.wav
13373	2	./AudioMNIST/data/58/2_58_31.wav
13374	0	./AudioMNIST/data/03/0_03_48.wav
13375	2	./AudioMNIST/data/48/2_48_3.wav
13376	2	./AudioMNIST/data/16/2_16_6.wav
13377	0	./AudioMNIST/data/08/0_08_0.wav
13378	9	./AudioMNIST/data/19/9_19_26.wav
13379	8	./AudioMNIST/data/18/8_18_47.wav
13380	1	./AudioMNIST/data/16/1_16_34.wav
13381	9	./AudioMNIST/data/05/9_05_47.wav
13382	8	./AudioMNIST/data/35/8_35_15.wav
13383	2	./AudioMNIST/data/31/2_31_7.wav
13384	3	./AudioMNIST/data/22/3_22_41.wav
13385	4	./AudioMNIST/data/35/4_35_43.wav
13386	6	./AudioMNIST/data/26/6_26_24.wav
13387	0	./AudioMNIST/data/04/0_04_48.wav
13388	5	./AudioMNIST/data/53/5_53_47.wav
13389	7	./AudioMNIST/data/29/7_29_2.wav
13390	5	./AudioMNIST/data/55/5_55_13.wav
13391	5	./AudioMNIST/data/05/5_05_18.wav
13392	2	./AudioMNIST/data/32/2_32_12.wav
13393	9	./AudioMNIST/data/33/9_33_11.wav
13394	4	./AudioMNIST/data/55/4_55_9.wav
13395	5	./AudioMNIST/data/47/5_47_49.wav
13396	1	./AudioMNIST/data/34/1_34_35.wav
13397	6	./AudioMNIST/data/04/6_04_33.wav
13398	1	./AudioMNIST/data/55/1_55_21.wav
13399	5	./AudioMNIST/data/07/5_07_48.wav
13400	3	./AudioMNIST/data/45/3_45_45.wav
13401	3	./AudioMNIST/data/37/3_37_12.wav
13402	3	./AudioMNIST/data/56/3_56_22.wav
13403	8	./AudioMNIST/data/06/8_06_43.wav
13404	5	./AudioMNIST/data/19/5_19_46.wav
13405	9	./AudioMNIST/data/04/9_04_27.wav
13406	5	./AudioMNIST/data/25/5_25_1.wav
13407	2	./AudioMNIST/data/07/2_07_17.wav
13408	0	./AudioMNIST/data/05/0_05_34.wav
13409	6	./AudioMNIST/data/17/6_17_42.wav
13410	5	./AudioMNIST/data/20/5_20_18.wav
13411	0	./AudioMNIST/data/37/0_37_1.wav
13412	4	./AudioMNIST/data/43/4_43_21.wav
13413	5	./AudioMNIST/data/55/5_55_44.wav
13414	8	./AudioMNIST/data/54/8_54_47.wav
13415	0	./AudioMNIST/data/11/0_11_16.wav
13416	6	./AudioMNIST/data/19/6_19_43.wav
13417	5	./AudioMNIST/data/02/5_02_6.wav
13418	1	./AudioMNIST/data/19/1_19_38.wav
13419	6	./AudioMNIST/data/35/6_35_36.wav
13420	2	./AudioMNIST/data/04/2_04_31.wav
13421	9	./AudioMNIST/data/39/9_39_45.wav
13422	8	./AudioMNIST/data/22/8_22_45.wav
13423	6	./AudioMNIST/data/52/6_52_25.wav
13424	8	./AudioMNIST/data/34/8_34_36.wav
13425	4	./AudioMNIST/data/18/4_18_37.wav
13426	0	./AudioMNIST/data/07/0_07_36.wav
13427	3	./AudioMNIST/data/47/3_47_32.wav
13428	1	./AudioMNIST/data/44/1_44_19.wav
13429	7	./AudioMNIST/data/23/7_23_46.wav
13430	3	./AudioMNIST/data/59/3_59_27.wav
13431	2	./AudioMNIST/data/07/2_07_16.wav
13432	6	./AudioMNIST/data/29/6_29_43.wav
13433	6	./AudioMNIST/data/58/6_58_35.wav
13434	3	./AudioMNIST/data/10/3_10_5.wav
13435	7	./AudioMNIST/data/27/7_27_34.wav
13436	4	./AudioMNIST/data/16/4_16_24.wav
13437	2	./AudioMNIST/data/49/2_49_12.wav
13438	5	./AudioMNIST/data/20/5_20_12.wav
13439	7	./AudioMNIST/data/45/7_45_41.wav
13440	2	./AudioMNIST/data/07/2_07_1.wav
13441	2	./AudioMNIST/data/59/2_59_32.wav
13442	8	./AudioMNIST/data/53/8_53_6.wav
13443	8	./AudioMNIST/data/08/8_08_7.wav
13444	7	./AudioMNIST/data/21/7_21_25.wav
13445	7	./AudioMNIST/data/21/7_21_42.wav
13446	0	./AudioMNIST/data/08/0_08_21.wav
13447	9	./AudioMNIST/data/05/9_05_0.wav
13448	8	./AudioMNIST/data/40/8_40_13.wav
13449	5	./AudioMNIST/data/46/5_46_16.wav
13450	2	./AudioMNIST/data/07/2_07_14.wav
13451	1	./AudioMNIST/data/26/1_26_38.wav
13452	1	./AudioMNIST/data/55/1_55_2.wav
13453	0	./AudioMNIST/data/52/0_52_22.wav
13454	4	./AudioMNIST/data/51/4_51_25.wav
13455	5	./AudioMNIST/data/24/5_24_27.wav
13456	7	./AudioMNIST/data/45/7_45_40.wav
13457	0	./AudioMNIST/data/38/0_38_15.wav
13458	4	./AudioMNIST/data/04/4_04_4.wav
13459	5	./AudioMNIST/data/13/5_13_2.wav
13460	5	./AudioMNIST/data/56/5_56_35.wav
13461	5	./AudioMNIST/data/39/5_39_41.wav
13462	2	./AudioMNIST/data/38/2_38_42.wav
13463	5	./AudioMNIST/data/51/5_51_43.wav
13464	0	./AudioMNIST/data/11/0_11_21.wav
13465	4	./AudioMNIST/data/45/4_45_39.wav
13466	7	./AudioMNIST/data/08/7_08_31.wav
13467	7	./AudioMNIST/data/20/7_20_42.wav
13468	6	./AudioMNIST/data/37/6_37_29.wav
13469	3	./AudioMNIST/data/17/3_17_34.wav
13470	9	./AudioMNIST/data/29/9_29_12.wav
13471	2	./AudioMNIST/data/57/2_57_21.wav
13472	9	./AudioMNIST/data/05/9_05_42.wav
13473	2	./AudioMNIST/data/20/2_20_3.wav
13474	0	./AudioMNIST/data/57/0_57_4.wav
13475	5	./AudioMNIST/data/18/5_18_42.wav
13476	3	./AudioMNIST/data/12/3_12_2.wav
13477	0	./AudioMNIST/data/13/0_13_48.wav
13478	1	./AudioMNIST/data/08/1_08_8.wav
13479	8	./AudioMNIST/data/02/8_02_28.wav
13480	5	./AudioMNIST/data/39/5_39_20.wav
13481	9	./AudioMNIST/data/27/9_27_1.wav
13482	7	./AudioMNIST/data/13/7_13_36.wav
13483	1	./AudioMNIST/data/37/1_37_36.wav
13484	1	./AudioMNIST/data/29/1_29_45.wav
13485	8	./AudioMNIST/data/36/8_36_22.wav
13486	5	./AudioMNIST/data/50/5_50_46.wav
13487	2	./AudioMNIST/data/03/2_03_43.wav
13488	2	./AudioMNIST/data/22/2_22_12.wav
13489	6	./AudioMNIST/data/38/6_38_12.wav
13490	6	./AudioMNIST/data/38/6_38_38.wav
13491	2	./AudioMNIST/data/36/2_36_37.wav
13492	9	./AudioMNIST/data/55/9_55_40.wav
13493	3	./AudioMNIST/data/59/3_59_17.wav
13494	6	./AudioMNIST/data/02/6_02_35.wav
13495	7	./AudioMNIST/data/55/7_55_41.wav
13496	3	./AudioMNIST/data/03/3_03_6.wav
13497	0	./AudioMNIST/data/48/0_48_17.wav
13498	1	./AudioMNIST/data/46/1_46_28.wav
13499	6	./AudioMNIST/data/30/6_30_16.wav
13500	8	./AudioMNIST/data/21/8_21_10.wav
13501	4	./AudioMNIST/data/32/4_32_22.wav
13502	5	./AudioMNIST/data/53/5_53_40.wav
13503	5	./AudioMNIST/data/18/5_18_28.wav
13504	9	./AudioMNIST/data/27/9_27_47.wav
13505	7	./AudioMNIST/data/53/7_53_32.wav
13506	6	./AudioMNIST/data/42/6_42_19.wav
13507	8	./AudioMNIST/data/24/8_24_3.wav
13508	3	./AudioMNIST/data/05/3_05_12.wav
13509	1	./AudioMNIST/data/39/1_39_24.wav
13510	3	./AudioMNIST/data/52/3_52_11.wav
13511	4	./AudioMNIST/data/06/4_06_1.wav
13512	8	./AudioMNIST/data/39/8_39_15.wav
13513	3	./AudioMNIST/data/54/3_54_42.wav
13514	6	./AudioMNIST/data/25/6_25_3.wav
13515	3	./AudioMNIST/data/04/3_04_2.wav
13516	3	./AudioMNIST/data/35/3_35_1.wav
13517	5	./AudioMNIST/data/09/5_09_34.wav
13518	5	./AudioMNIST/data/41/5_41_3.wav
13519	8	./AudioMNIST/data/07/8_07_26.wav
13520	4	./AudioMNIST/data/03/4_03_16.wav
13521	5	./AudioMNIST/data/35/5_35_38.wav
13522	2	./AudioMNIST/data/02/2_02_8.wav
13523	7	./AudioMNIST/data/02/7_02_27.wav
13524	1	./AudioMNIST/data/36/1_36_46.wav
13525	3	./AudioMNIST/data/41/3_41_27.wav
13526	5	./AudioMNIST/data/47/5_47_35.wav
13527	8	./AudioMNIST/data/36/8_36_44.wav
13528	4	./AudioMNIST/data/07/4_07_14.wav
13529	9	./AudioMNIST/data/08/9_08_6.wav
13530	0	./AudioMNIST/data/40/0_40_32.wav
13531	8	./AudioMNIST/data/10/8_10_30.wav
13532	3	./AudioMNIST/data/47/3_47_11.wav
13533	8	./AudioMNIST/data/11/8_11_48.wav
13534	9	./AudioMNIST/data/01/9_01_39.wav
13535	8	./AudioMNIST/data/35/8_35_42.wav
13536	9	./AudioMNIST/data/01/9_01_7.wav
13537	1	./AudioMNIST/data/14/1_14_7.wav
13538	0	./AudioMNIST/data/56/0_56_4.wav
13539	9	./AudioMNIST/data/32/9_32_14.wav
13540	1	./AudioMNIST/data/16/1_16_32.wav
13541	6	./AudioMNIST/data/35/6_35_11.wav
13542	5	./AudioMNIST/data/07/5_07_6.wav
13543	5	./AudioMNIST/data/46/5_46_41.wav
13544	8	./AudioMNIST/data/05/8_05_47.wav
13545	0	./AudioMNIST/data/05/0_05_1.wav
13546	7	./AudioMNIST/data/49/7_49_11.wav
13547	6	./AudioMNIST/data/32/6_32_12.wav
13548	3	./AudioMNIST/data/40/3_40_49.wav
13549	0	./AudioMNIST/data/56/0_56_9.wav
13550	8	./AudioMNIST/data/54/8_54_26.wav
13551	7	./AudioMNIST/data/15/7_15_35.wav
13552	2	./AudioMNIST/data/37/2_37_12.wav
13553	2	./AudioMNIST/data/35/2_35_10.wav
13554	0	./AudioMNIST/data/42/0_42_19.wav
13555	3	./AudioMNIST/data/56/3_56_34.wav
13556	2	./AudioMNIST/data/39/2_39_18.wav
13557	8	./AudioMNIST/data/18/8_18_22.wav
13558	6	./AudioMNIST/data/18/6_18_24.wav
13559	9	./AudioMNIST/data/28/9_28_21.wav
13560	0	./AudioMNIST/data/22/0_22_15.wav
13561	9	./AudioMNIST/data/53/9_53_6.wav
13562	4	./AudioMNIST/data/44/4_44_27.wav
13563	5	./AudioMNIST/data/08/5_08_18.wav
13564	7	./AudioMNIST/data/52/7_52_24.wav
13565	5	./AudioMNIST/data/44/5_44_15.wav
13566	2	./AudioMNIST/data/36/2_36_43.wav
13567	6	./AudioMNIST/data/47/6_47_27.wav
13568	1	./AudioMNIST/data/18/1_18_39.wav
13569	7	./AudioMNIST/data/08/7_08_42.wav
13570	5	./AudioMNIST/data/59/5_59_25.wav
13571	4	./AudioMNIST/data/18/4_18_34.wav
13572	4	./AudioMNIST/data/30/4_30_6.wav
13573	0	./AudioMNIST/data/22/0_22_22.wav
13574	7	./AudioMNIST/data/47/7_47_1.wav
13575	7	./AudioMNIST/data/08/7_08_15.wav
13576	2	./AudioMNIST/data/33/2_33_30.wav
13577	3	./AudioMNIST/data/23/3_23_25.wav
13578	5	./AudioMNIST/data/06/5_06_16.wav
13579	6	./AudioMNIST/data/01/6_01_6.wav
13580	7	./AudioMNIST/data/16/7_16_29.wav
13581	0	./AudioMNIST/data/41/0_41_8.wav
13582	2	./AudioMNIST/data/58/2_58_30.wav
13583	6	./AudioMNIST/data/22/6_22_49.wav
13584	3	./AudioMNIST/data/29/3_29_26.wav
13585	6	./AudioMNIST/data/48/6_48_28.wav
13586	0	./AudioMNIST/data/15/0_15_27.wav
13587	3	./AudioMNIST/data/40/3_40_27.wav
13588	3	./AudioMNIST/data/07/3_07_34.wav
13589	4	./AudioMNIST/data/13/4_13_40.wav
13590	1	./AudioMNIST/data/43/1_43_39.wav
13591	1	./AudioMNIST/data/31/1_31_16.wav
13592	6	./AudioMNIST/data/01/6_01_38.wav
13593	1	./AudioMNIST/data/23/1_23_49.wav
13594	8	./AudioMNIST/data/54/8_54_12.wav
13595	8	./AudioMNIST/data/22/8_22_7.wav
13596	5	./AudioMNIST/data/53/5_53_28.wav
13597	4	./AudioMNIST/data/30/4_30_39.wav
13598	4	./AudioMNIST/data/32/4_32_46.wav
13599	9	./AudioMNIST/data/58/9_58_49.wav
13600	2	./AudioMNIST/data/34/2_34_23.wav
13601	6	./AudioMNIST/data/05/6_05_15.wav
13602	4	./AudioMNIST/data/57/4_57_25.wav
13603	3	./AudioMNIST/data/34/3_34_24.wav
13604	9	./AudioMNIST/data/33/9_33_4.wav
13605	9	./AudioMNIST/data/58/9_58_20.wav
13606	2	./AudioMNIST/data/55/2_55_40.wav
13607	2	./AudioMNIST/data/47/2_47_40.wav
13608	1	./AudioMNIST/data/26/1_26_14.wav
13609	0	./AudioMNIST/data/32/0_32_16.wav
13610	7	./AudioMNIST/data/42/7_42_27.wav
13611	5	./AudioMNIST/data/42/5_42_34.wav
13612	9	./AudioMNIST/data/39/9_39_19.wav
13613	0	./AudioMNIST/data/44/0_44_3.wav
13614	0	./AudioMNIST/data/35/0_35_37.wav
13615	6	./AudioMNIST/data/53/6_53_14.wav
13616	6	./AudioMNIST/data/49/6_49_35.wav
13617	5	./AudioMNIST/data/38/5_38_39.wav
13618	0	./AudioMNIST/data/09/0_09_28.wav
13619	9	./AudioMNIST/data/06/9_06_20.wav
13620	9	./AudioMNIST/data/42/9_42_44.wav
13621	4	./AudioMNIST/data/07/4_07_30.wav
13622	5	./AudioMNIST/data/07/5_07_37.wav
13623	3	./AudioMNIST/data/54/3_54_19.wav
13624	9	./AudioMNIST/data/51/9_51_34.wav
13625	0	./AudioMNIST/data/49/0_49_33.wav
13626	5	./AudioMNIST/data/35/5_35_27.wav
13627	2	./AudioMNIST/data/42/2_42_10.wav
13628	2	./AudioMNIST/data/50/2_50_28.wav
13629	6	./AudioMNIST/data/31/6_31_6.wav
13630	7	./AudioMNIST/data/52/7_52_14.wav
13631	6	./AudioMNIST/data/07/6_07_22.wav
13632	6	./AudioMNIST/data/57/6_57_0.wav
13633	2	./AudioMNIST/data/29/2_29_30.wav
13634	7	./AudioMNIST/data/28/7_28_35.wav
13635	5	./AudioMNIST/data/37/5_37_7.wav
13636	3	./AudioMNIST/data/33/3_33_4.wav
13637	8	./AudioMNIST/data/17/8_17_46.wav
13638	6	./AudioMNIST/data/33/6_33_16.wav
13639	2	./AudioMNIST/data/12/2_12_3.wav
13640	6	./AudioMNIST/data/57/6_57_37.wav
13641	6	./AudioMNIST/data/35/6_35_30.wav
13642	8	./AudioMNIST/data/22/8_22_38.wav
13643	7	./AudioMNIST/data/40/7_40_19.wav
13644	9	./AudioMNIST/data/27/9_27_19.wav
13645	4	./AudioMNIST/data/54/4_54_21.wav
13646	6	./AudioMNIST/data/58/6_58_37.wav
13647	0	./AudioMNIST/data/14/0_14_4.wav
13648	6	./AudioMNIST/data/54/6_54_4.wav
13649	1	./AudioMNIST/data/44/1_44_6.wav
13650	9	./AudioMNIST/data/12/9_12_30.wav
13651	4	./AudioMNIST/data/58/4_58_27.wav
13652	5	./AudioMNIST/data/17/5_17_3.wav
13653	8	./AudioMNIST/data/05/8_05_40.wav
13654	4	./AudioMNIST/data/48/4_48_46.wav
13655	2	./AudioMNIST/data/05/2_05_45.wav
13656	5	./AudioMNIST/data/10/5_10_19.wav
13657	3	./AudioMNIST/data/24/3_24_3.wav
13658	4	./AudioMNIST/data/28/4_28_16.wav
13659	5	./AudioMNIST/data/55/5_55_43.wav
13660	8	./AudioMNIST/data/25/8_25_16.wav
13661	5	./AudioMNIST/data/38/5_38_12.wav
13662	2	./AudioMNIST/data/57/2_57_44.wav
13663	9	./AudioMNIST/data/13/9_13_43.wav
13664	2	./AudioMNIST/data/25/2_25_0.wav
13665	4	./AudioMNIST/data/13/4_13_3.wav
13666	5	./AudioMNIST/data/55/5_55_6.wav
13667	1	./AudioMNIST/data/51/1_51_4.wav
13668	8	./AudioMNIST/data/19/8_19_6.wav
13669	7	./AudioMNIST/data/25/7_25_35.wav
13670	4	./AudioMNIST/data/05/4_05_30.wav
13671	3	./AudioMNIST/data/17/3_17_38.wav
13672	9	./AudioMNIST/data/28/9_28_36.wav
13673	8	./AudioMNIST/data/56/8_56_38.wav
13674	4	./AudioMNIST/data/40/4_40_40.wav
13675	1	./AudioMNIST/data/03/1_03_29.wav
13676	4	./AudioMNIST/data/20/4_20_35.wav
13677	5	./AudioMNIST/data/36/5_36_36.wav
13678	7	./AudioMNIST/data/01/7_01_27.wav
13679	9	./AudioMNIST/data/13/9_13_17.wav
13680	2	./AudioMNIST/data/40/2_40_35.wav
13681	2	./AudioMNIST/data/41/2_41_24.wav
13682	6	./AudioMNIST/data/38/6_38_35.wav
13683	9	./AudioMNIST/data/01/9_01_14.wav
13684	3	./AudioMNIST/data/45/3_45_14.wav
13685	6	./AudioMNIST/data/43/6_43_22.wav
13686	6	./AudioMNIST/data/20/6_20_9.wav
13687	9	./AudioMNIST/data/60/9_60_48.wav
13688	4	./AudioMNIST/data/40/4_40_7.wav
13689	2	./AudioMNIST/data/52/2_52_42.wav
13690	0	./AudioMNIST/data/01/0_01_10.wav
13691	2	./AudioMNIST/data/33/2_33_9.wav
13692	7	./AudioMNIST/data/22/7_22_9.wav
13693	0	./AudioMNIST/data/13/0_13_14.wav
13694	9	./AudioMNIST/data/27/9_27_18.wav
13695	5	./AudioMNIST/data/32/5_32_30.wav
13696	8	./AudioMNIST/data/22/8_22_2.wav
13697	1	./AudioMNIST/data/23/1_23_38.wav
13698	3	./AudioMNIST/data/57/3_57_27.wav
13699	1	./AudioMNIST/data/02/1_02_41.wav
13700	2	./AudioMNIST/data/41/2_41_4.wav
13701	1	./AudioMNIST/data/11/1_11_49.wav
13702	8	./AudioMNIST/data/44/8_44_16.wav
13703	7	./AudioMNIST/data/25/7_25_34.wav
13704	9	./AudioMNIST/data/24/9_24_13.wav
13705	1	./AudioMNIST/data/54/1_54_13.wav
13706	2	./AudioMNIST/data/60/2_60_5.wav
13707	0	./AudioMNIST/data/28/0_28_6.wav
13708	2	./AudioMNIST/data/05/2_05_32.wav
13709	1	./AudioMNIST/data/51/1_51_17.wav
13710	4	./AudioMNIST/data/44/4_44_24.wav
13711	7	./AudioMNIST/data/30/7_30_1.wav
13712	8	./AudioMNIST/data/33/8_33_17.wav
13713	1	./AudioMNIST/data/29/1_29_18.wav
13714	4	./AudioMNIST/data/34/4_34_2.wav
13715	4	./AudioMNIST/data/14/4_14_34.wav
13716	1	./AudioMNIST/data/37/1_37_21.wav
13717	5	./AudioMNIST/data/05/5_05_3.wav
13718	9	./AudioMNIST/data/16/9_16_16.wav
13719	3	./AudioMNIST/data/21/3_21_45.wav
13720	5	./AudioMNIST/data/13/5_13_4.wav
13721	1	./AudioMNIST/data/42/1_42_28.wav
13722	4	./AudioMNIST/data/37/4_37_6.wav
13723	0	./AudioMNIST/data/04/0_04_27.wav
13724	2	./AudioMNIST/data/04/2_04_2.wav
13725	5	./AudioMNIST/data/10/5_10_36.wav
13726	2	./AudioMNIST/data/29/2_29_31.wav
13727	7	./AudioMNIST/data/56/7_56_48.wav
13728	2	./AudioMNIST/data/35/2_35_20.wav
13729	4	./AudioMNIST/data/52/4_52_21.wav
13730	9	./AudioMNIST/data/03/9_03_39.wav
13731	7	./AudioMNIST/data/42/7_42_41.wav
13732	4	./AudioMNIST/data/32/4_32_8.wav
13733	0	./AudioMNIST/data/19/0_19_48.wav
13734	5	./AudioMNIST/data/54/5_54_19.wav
13735	6	./AudioMNIST/data/15/6_15_17.wav
13736	1	./AudioMNIST/data/47/1_47_48.wav
13737	3	./AudioMNIST/data/06/3_06_11.wav
13738	8	./AudioMNIST/data/43/8_43_13.wav
13739	6	./AudioMNIST/data/58/6_58_44.wav
13740	5	./AudioMNIST/data/23/5_23_35.wav
13741	2	./AudioMNIST/data/57/2_57_18.wav
13742	5	./AudioMNIST/data/40/5_40_29.wav
13743	3	./AudioMNIST/data/30/3_30_17.wav
13744	7	./AudioMNIST/data/50/7_50_29.wav
13745	3	./AudioMNIST/data/22/3_22_37.wav
13746	3	./AudioMNIST/data/03/3_03_1.wav
13747	7	./AudioMNIST/data/32/7_32_28.wav
13748	2	./AudioMNIST/data/55/2_55_3.wav
13749	3	./AudioMNIST/data/25/3_25_33.wav
13750	7	./AudioMNIST/data/34/7_34_8.wav
13751	4	./AudioMNIST/data/12/4_12_27.wav
13752	5	./AudioMNIST/data/56/5_56_3.wav
13753	6	./AudioMNIST/data/40/6_40_21.wav
13754	5	./AudioMNIST/data/25/5_25_18.wav
13755	0	./AudioMNIST/data/11/0_11_38.wav
13756	1	./AudioMNIST/data/07/1_07_35.wav
13757	1	./AudioMNIST/data/60/1_60_35.wav
13758	8	./AudioMNIST/data/45/8_45_46.wav
13759	2	./AudioMNIST/data/39/2_39_9.wav
13760	1	./AudioMNIST/data/26/1_26_22.wav
13761	7	./AudioMNIST/data/09/7_09_30.wav
13762	0	./AudioMNIST/data/06/0_06_8.wav
13763	6	./AudioMNIST/data/20/6_20_1.wav
13764	6	./AudioMNIST/data/25/6_25_35.wav
13765	5	./AudioMNIST/data/17/5_17_16.wav
13766	8	./AudioMNIST/data/47/8_47_3.wav
13767	1	./AudioMNIST/data/45/1_45_49.wav
13768	9	./AudioMNIST/data/45/9_45_17.wav
13769	5	./AudioMNIST/data/42/5_42_9.wav
13770	9	./AudioMNIST/data/24/9_24_23.wav
13771	2	./AudioMNIST/data/50/2_50_32.wav
13772	6	./AudioMNIST/data/14/6_14_28.wav
13773	4	./AudioMNIST/data/47/4_47_7.wav
13774	3	./AudioMNIST/data/33/3_33_22.wav
13775	9	./AudioMNIST/data/11/9_11_38.wav
13776	5	./AudioMNIST/data/25/5_25_8.wav
13777	9	./AudioMNIST/data/56/9_56_16.wav
13778	5	./AudioMNIST/data/19/5_19_24.wav
13779	7	./AudioMNIST/data/55/7_55_19.wav
13780	1	./AudioMNIST/data/34/1_34_44.wav
13781	0	./AudioMNIST/data/36/0_36_44.wav
13782	6	./AudioMNIST/data/03/6_03_2.wav
13783	4	./AudioMNIST/data/58/4_58_3.wav
13784	1	./AudioMNIST/data/32/1_32_41.wav
13785	4	./AudioMNIST/data/27/4_27_16.wav
13786	7	./AudioMNIST/data/54/7_54_1.wav
13787	9	./AudioMNIST/data/19/9_19_6.wav
13788	4	./AudioMNIST/data/36/4_36_10.wav
13789	0	./AudioMNIST/data/48/0_48_32.wav
13790	9	./AudioMNIST/data/01/9_01_42.wav
13791	1	./AudioMNIST/data/51/1_51_23.wav
13792	0	./AudioMNIST/data/29/0_29_48.wav
13793	6	./AudioMNIST/data/07/6_07_40.wav
13794	5	./AudioMNIST/data/24/5_24_47.wav
13795	3	./AudioMNIST/data/49/3_49_18.wav
13796	2	./AudioMNIST/data/04/2_04_21.wav
13797	0	./AudioMNIST/data/24/0_24_49.wav
13798	3	./AudioMNIST/data/48/3_48_14.wav
13799	7	./AudioMNIST/data/24/7_24_24.wav
13800	7	./AudioMNIST/data/15/7_15_37.wav
13801	7	./AudioMNIST/data/43/7_43_49.wav
13802	9	./AudioMNIST/data/05/9_05_32.wav
13803	6	./AudioMNIST/data/10/6_10_17.wav
13804	7	./AudioMNIST/data/09/7_09_42.wav
13805	1	./AudioMNIST/data/03/1_03_31.wav
13806	5	./AudioMNIST/data/24/5_24_40.wav
13807	8	./AudioMNIST/data/59/8_59_16.wav
13808	3	./AudioMNIST/data/44/3_44_48.wav
13809	5	./AudioMNIST/data/44/5_44_19.wav
13810	2	./AudioMNIST/data/06/2_06_15.wav
13811	2	./AudioMNIST/data/31/2_31_33.wav
13812	9	./AudioMNIST/data/60/9_60_21.wav
13813	2	./AudioMNIST/data/09/2_09_5.wav
13814	9	./AudioMNIST/data/09/9_09_3.wav
13815	4	./AudioMNIST/data/11/4_11_19.wav
13816	1	./AudioMNIST/data/05/1_05_1.wav
13817	0	./AudioMNIST/data/22/0_22_21.wav
13818	9	./AudioMNIST/data/45/9_45_13.wav
13819	8	./AudioMNIST/data/51/8_51_48.wav
13820	5	./AudioMNIST/data/11/5_11_49.wav
13821	5	./AudioMNIST/data/56/5_56_34.wav
13822	3	./AudioMNIST/data/32/3_32_12.wav
13823	6	./AudioMNIST/data/42/6_42_20.wav
13824	7	./AudioMNIST/data/39/7_39_21.wav
13825	9	./AudioMNIST/data/18/9_18_39.wav
13826	8	./AudioMNIST/data/59/8_59_10.wav
13827	9	./AudioMNIST/data/07/9_07_45.wav
13828	7	./AudioMNIST/data/59/7_59_31.wav
13829	6	./AudioMNIST/data/47/6_47_3.wav
13830	4	./AudioMNIST/data/54/4_54_6.wav
13831	5	./AudioMNIST/data/12/5_12_27.wav
13832	1	./AudioMNIST/data/11/1_11_17.wav
13833	8	./AudioMNIST/data/60/8_60_37.wav
13834	9	./AudioMNIST/data/53/9_53_35.wav
13835	7	./AudioMNIST/data/10/7_10_34.wav
13836	5	./AudioMNIST/data/47/5_47_44.wav
13837	1	./AudioMNIST/data/35/1_35_49.wav
13838	4	./AudioMNIST/data/56/4_56_6.wav
13839	7	./AudioMNIST/data/03/7_03_8.wav
13840	7	./AudioMNIST/data/33/7_33_31.wav
13841	2	./AudioMNIST/data/40/2_40_5.wav
13842	9	./AudioMNIST/data/07/9_07_19.wav
13843	1	./AudioMNIST/data/03/1_03_17.wav
13844	3	./AudioMNIST/data/01/3_01_18.wav
13845	9	./AudioMNIST/data/57/9_57_18.wav
13846	2	./AudioMNIST/data/23/2_23_8.wav
13847	0	./AudioMNIST/data/51/0_51_45.wav
13848	6	./AudioMNIST/data/04/6_04_6.wav
13849	7	./AudioMNIST/data/57/7_57_28.wav
13850	2	./AudioMNIST/data/57/2_57_27.wav
13851	7	./AudioMNIST/data/08/7_08_43.wav
13852	7	./AudioMNIST/data/06/7_06_31.wav
13853	9	./AudioMNIST/data/48/9_48_35.wav
13854	0	./AudioMNIST/data/16/0_16_27.wav
13855	6	./AudioMNIST/data/27/6_27_28.wav
13856	4	./AudioMNIST/data/41/4_41_0.wav
13857	1	./AudioMNIST/data/02/1_02_20.wav
13858	2	./AudioMNIST/data/20/2_20_4.wav
13859	1	./AudioMNIST/data/18/1_18_10.wav
13860	4	./AudioMNIST/data/16/4_16_22.wav
13861	4	./AudioMNIST/data/17/4_17_16.wav
13862	2	./AudioMNIST/data/14/2_14_40.wav
13863	9	./AudioMNIST/data/38/9_38_48.wav
13864	1	./AudioMNIST/data/51/1_51_44.wav
13865	1	./AudioMNIST/data/28/1_28_46.wav
13866	2	./AudioMNIST/data/10/2_10_32.wav
13867	5	./AudioMNIST/data/12/5_12_22.wav
13868	6	./AudioMNIST/data/29/6_29_37.wav
13869	7	./AudioMNIST/data/31/7_31_42.wav
13870	7	./AudioMNIST/data/44/7_44_4.wav
13871	2	./AudioMNIST/data/11/2_11_30.wav
13872	8	./AudioMNIST/data/18/8_18_0.wav
13873	6	./AudioMNIST/data/28/6_28_16.wav
13874	1	./AudioMNIST/data/53/1_53_39.wav
13875	4	./AudioMNIST/data/42/4_42_26.wav
13876	4	./AudioMNIST/data/24/4_24_35.wav
13877	5	./AudioMNIST/data/52/5_52_10.wav
13878	0	./AudioMNIST/data/33/0_33_0.wav
13879	6	./AudioMNIST/data/54/6_54_3.wav
13880	7	./AudioMNIST/data/27/7_27_29.wav
13881	0	./AudioMNIST/data/42/0_42_0.wav
13882	3	./AudioMNIST/data/37/3_37_17.wav
13883	7	./AudioMNIST/data/44/7_44_34.wav
13884	2	./AudioMNIST/data/22/2_22_37.wav
13885	9	./AudioMNIST/data/34/9_34_9.wav
13886	0	./AudioMNIST/data/50/0_50_29.wav
13887	0	./AudioMNIST/data/31/0_31_14.wav
13888	7	./AudioMNIST/data/48/7_48_27.wav
13889	6	./AudioMNIST/data/60/6_60_1.wav
13890	6	./AudioMNIST/data/10/6_10_10.wav
13891	3	./AudioMNIST/data/08/3_08_0.wav
13892	1	./AudioMNIST/data/24/1_24_15.wav
13893	5	./AudioMNIST/data/52/5_52_28.wav
13894	6	./AudioMNIST/data/01/6_01_36.wav
13895	0	./AudioMNIST/data/53/0_53_11.wav
13896	9	./AudioMNIST/data/05/9_05_2.wav
13897	6	./AudioMNIST/data/48/6_48_47.wav
13898	6	./AudioMNIST/data/36/6_36_29.wav
13899	0	./AudioMNIST/data/03/0_03_14.wav
13900	1	./AudioMNIST/data/52/1_52_30.wav
13901	1	./AudioMNIST/data/49/1_49_2.wav
13902	2	./AudioMNIST/data/21/2_21_1.wav
13903	8	./AudioMNIST/data/27/8_27_27.wav
13904	2	./AudioMNIST/data/03/2_03_42.wav
13905	0	./AudioMNIST/data/05/0_05_6.wav
13906	1	./AudioMNIST/data/22/1_22_48.wav
13907	0	./AudioMNIST/data/10/0_10_13.wav
13908	7	./AudioMNIST/data/32/7_32_29.wav
13909	5	./AudioMNIST/data/41/5_41_34.wav
13910	5	./AudioMNIST/data/25/5_25_29.wav
13911	5	./AudioMNIST/data/26/5_26_17.wav
13912	5	./AudioMNIST/data/60/5_60_47.wav
13913	4	./AudioMNIST/data/25/4_25_18.wav
13914	2	./AudioMNIST/data/50/2_50_9.wav
13915	4	./AudioMNIST/data/54/4_54_35.wav
13916	5	./AudioMNIST/data/21/5_21_38.wav
13917	4	./AudioMNIST/data/12/4_12_1.wav
13918	2	./AudioMNIST/data/23/2_23_24.wav
13919	1	./AudioMNIST/data/16/1_16_1.wav
13920	2	./AudioMNIST/data/39/2_39_8.wav
13921	2	./AudioMNIST/data/37/2_37_2.wav
13922	1	./AudioMNIST/data/25/1_25_11.wav
13923	8	./AudioMNIST/data/14/8_14_39.wav
13924	0	./AudioMNIST/data/02/0_02_32.wav
13925	9	./AudioMNIST/data/54/9_54_32.wav
13926	3	./AudioMNIST/data/20/3_20_5.wav
13927	6	./AudioMNIST/data/29/6_29_36.wav
13928	8	./AudioMNIST/data/35/8_35_36.wav
13929	6	./AudioMNIST/data/40/6_40_14.wav
13930	0	./AudioMNIST/data/52/0_52_30.wav
13931	6	./AudioMNIST/data/48/6_48_35.wav
13932	5	./AudioMNIST/data/21/5_21_41.wav
13933	6	./AudioMNIST/data/58/6_58_13.wav
13934	9	./AudioMNIST/data/39/9_39_13.wav
13935	8	./AudioMNIST/data/15/8_15_39.wav
13936	2	./AudioMNIST/data/36/2_36_44.wav
13937	0	./AudioMNIST/data/50/0_50_20.wav
13938	1	./AudioMNIST/data/44/1_44_38.wav
13939	9	./AudioMNIST/data/17/9_17_35.wav
13940	1	./AudioMNIST/data/24/1_24_8.wav
13941	6	./AudioMNIST/data/26/6_26_44.wav
13942	5	./AudioMNIST/data/18/5_18_12.wav
13943	0	./AudioMNIST/data/29/0_29_32.wav
13944	9	./AudioMNIST/data/14/9_14_40.wav
13945	0	./AudioMNIST/data/36/0_36_40.wav
13946	1	./AudioMNIST/data/18/1_18_6.wav
13947	2	./AudioMNIST/data/59/2_59_21.wav
13948	7	./AudioMNIST/data/53/7_53_38.wav
13949	2	./AudioMNIST/data/12/2_12_40.wav
13950	9	./AudioMNIST/data/41/9_41_34.wav
13951	9	./AudioMNIST/data/38/9_38_20.wav
13952	5	./AudioMNIST/data/09/5_09_42.wav
13953	7	./AudioMNIST/data/59/7_59_14.wav
13954	4	./AudioMNIST/data/47/4_47_23.wav
13955	6	./AudioMNIST/data/47/6_47_46.wav
13956	2	./AudioMNIST/data/11/2_11_14.wav
13957	3	./AudioMNIST/data/48/3_48_47.wav
13958	0	./AudioMNIST/data/47/0_47_22.wav
13959	6	./AudioMNIST/data/34/6_34_9.wav
13960	9	./AudioMNIST/data/46/9_46_21.wav
13961	8	./AudioMNIST/data/27/8_27_29.wav
13962	8	./AudioMNIST/data/13/8_13_28.wav
13963	2	./AudioMNIST/data/07/2_07_15.wav
13964	8	./AudioMNIST/data/44/8_44_30.wav
13965	6	./AudioMNIST/data/46/6_46_12.wav
13966	1	./AudioMNIST/data/09/1_09_43.wav
13967	3	./AudioMNIST/data/48/3_48_8.wav
13968	9	./AudioMNIST/data/44/9_44_1.wav
13969	6	./AudioMNIST/data/26/6_26_23.wav
13970	8	./AudioMNIST/data/52/8_52_44.wav
13971	2	./AudioMNIST/data/17/2_17_44.wav
13972	1	./AudioMNIST/data/55/1_55_49.wav
13973	7	./AudioMNIST/data/06/7_06_39.wav
13974	2	./AudioMNIST/data/40/2_40_3.wav
13975	2	./AudioMNIST/data/19/2_19_38.wav
13976	4	./AudioMNIST/data/44/4_44_25.wav
13977	9	./AudioMNIST/data/47/9_47_16.wav
13978	1	./AudioMNIST/data/57/1_57_29.wav
13979	6	./AudioMNIST/data/49/6_49_38.wav
13980	4	./AudioMNIST/data/23/4_23_36.wav
13981	7	./AudioMNIST/data/18/7_18_41.wav
13982	5	./AudioMNIST/data/56/5_56_46.wav
13983	1	./AudioMNIST/data/08/1_08_9.wav
13984	3	./AudioMNIST/data/39/3_39_26.wav
13985	5	./AudioMNIST/data/21/5_21_27.wav
13986	8	./AudioMNIST/data/06/8_06_41.wav
13987	0	./AudioMNIST/data/56/0_56_28.wav
13988	1	./AudioMNIST/data/11/1_11_19.wav
13989	3	./AudioMNIST/data/23/3_23_42.wav
13990	7	./AudioMNIST/data/23/7_23_21.wav
13991	5	./AudioMNIST/data/59/5_59_39.wav
13992	5	./AudioMNIST/data/35/5_35_49.wav
13993	2	./AudioMNIST/data/12/2_12_32.wav
13994	0	./AudioMNIST/data/28/0_28_36.wav
13995	5	./AudioMNIST/data/56/5_56_22.wav
13996	0	./AudioMNIST/data/45/0_45_31.wav
13997	3	./AudioMNIST/data/32/3_32_17.wav
13998	7	./AudioMNIST/data/29/7_29_6.wav
13999	7	./AudioMNIST/data/20/7_20_18.wav
14000	3	./AudioMNIST/data/50/3_50_6.wav
14001	6	./AudioMNIST/data/37/6_37_30.wav
14002	9	./AudioMNIST/data/37/9_37_16.wav
14003	9	./AudioMNIST/data/52/9_52_6.wav
14004	6	./AudioMNIST/data/39/6_39_18.wav
14005	8	./AudioMNIST/data/23/8_23_41.wav
14006	0	./AudioMNIST/data/45/0_45_16.wav
14007	2	./AudioMNIST/data/44/2_44_5.wav
14008	6	./AudioMNIST/data/25/6_25_36.wav
14009	1	./AudioMNIST/data/07/1_07_44.wav
14010	6	./AudioMNIST/data/14/6_14_16.wav
14011	0	./AudioMNIST/data/12/0_12_3.wav
14012	8	./AudioMNIST/data/27/8_27_33.wav
14013	0	./AudioMNIST/data/40/0_40_39.wav
14014	1	./AudioMNIST/data/03/1_03_16.wav
14015	1	./AudioMNIST/data/51/1_51_18.wav
14016	1	./AudioMNIST/data/28/1_28_2.wav
14017	8	./AudioMNIST/data/12/8_12_33.wav
14018	1	./AudioMNIST/data/26/1_26_27.wav
14019	6	./AudioMNIST/data/19/6_19_7.wav
14020	6	./AudioMNIST/data/07/6_07_12.wav
14021	7	./AudioMNIST/data/52/7_52_17.wav
14022	5	./AudioMNIST/data/07/5_07_32.wav
14023	9	./AudioMNIST/data/53/9_53_28.wav
14024	9	./AudioMNIST/data/03/9_03_0.wav
14025	7	./AudioMNIST/data/15/7_15_11.wav
14026	6	./AudioMNIST/data/42/6_42_21.wav
14027	0	./AudioMNIST/data/28/0_28_45.wav
14028	1	./AudioMNIST/data/54/1_54_37.wav
14029	6	./AudioMNIST/data/30/6_30_34.wav
14030	0	./AudioMNIST/data/40/0_40_28.wav
14031	0	./AudioMNIST/data/39/0_39_25.wav
14032	4	./AudioMNIST/data/03/4_03_44.wav
14033	9	./AudioMNIST/data/35/9_35_7.wav
14034	2	./AudioMNIST/data/15/2_15_41.wav
14035	8	./AudioMNIST/data/01/8_01_40.wav
14036	1	./AudioMNIST/data/41/1_41_24.wav
14037	9	./AudioMNIST/data/07/9_07_10.wav
14038	1	./AudioMNIST/data/47/1_47_5.wav
14039	7	./AudioMNIST/data/20/7_20_24.wav
14040	2	./AudioMNIST/data/35/2_35_23.wav
14041	6	./AudioMNIST/data/16/6_16_32.wav
14042	7	./AudioMNIST/data/30/7_30_36.wav
14043	2	./AudioMNIST/data/23/2_23_1.wav
14044	7	./AudioMNIST/data/27/7_27_11.wav
14045	8	./AudioMNIST/data/37/8_37_14.wav
14046	7	./AudioMNIST/data/28/7_28_12.wav
14047	1	./AudioMNIST/data/52/1_52_0.wav
14048	9	./AudioMNIST/data/37/9_37_44.wav
14049	1	./AudioMNIST/data/27/1_27_43.wav
14050	4	./AudioMNIST/data/21/4_21_48.wav
14051	6	./AudioMNIST/data/60/6_60_9.wav
14052	7	./AudioMNIST/data/29/7_29_22.wav
14053	8	./AudioMNIST/data/58/8_58_37.wav
14054	4	./AudioMNIST/data/01/4_01_10.wav
14055	5	./AudioMNIST/data/57/5_57_26.wav
14056	0	./AudioMNIST/data/33/0_33_7.wav
14057	8	./AudioMNIST/data/03/8_03_12.wav
14058	8	./AudioMNIST/data/01/8_01_9.wav
14059	5	./AudioMNIST/data/54/5_54_49.wav
14060	9	./AudioMNIST/data/25/9_25_39.wav
14061	3	./AudioMNIST/data/03/3_03_0.wav
14062	7	./AudioMNIST/data/21/7_21_12.wav
14063	1	./AudioMNIST/data/10/1_10_22.wav
14064	5	./AudioMNIST/data/16/5_16_17.wav
14065	5	./AudioMNIST/data/54/5_54_15.wav
14066	1	./AudioMNIST/data/58/1_58_2.wav
14067	7	./AudioMNIST/data/23/7_23_11.wav
14068	6	./AudioMNIST/data/01/6_01_30.wav
14069	0	./AudioMNIST/data/05/0_05_27.wav
14070	4	./AudioMNIST/data/11/4_11_46.wav
14071	6	./AudioMNIST/data/39/6_39_24.wav
14072	9	./AudioMNIST/data/12/9_12_46.wav
14073	4	./AudioMNIST/data/22/4_22_7.wav
14074	2	./AudioMNIST/data/43/2_43_19.wav
14075	7	./AudioMNIST/data/23/7_23_44.wav
14076	2	./AudioMNIST/data/31/2_31_47.wav
14077	5	./AudioMNIST/data/11/5_11_11.wav
14078	0	./AudioMNIST/data/34/0_34_17.wav
14079	4	./AudioMNIST/data/05/4_05_40.wav
14080	5	./AudioMNIST/data/24/5_24_11.wav
14081	5	./AudioMNIST/data/14/5_14_17.wav
14082	0	./AudioMNIST/data/25/0_25_22.wav
14083	6	./AudioMNIST/data/53/6_53_38.wav
14084	4	./AudioMNIST/data/41/4_41_35.wav
14085	8	./AudioMNIST/data/09/8_09_42.wav
14086	2	./AudioMNIST/data/14/2_14_15.wav
14087	7	./AudioMNIST/data/31/7_31_29.wav
14088	1	./AudioMNIST/data/08/1_08_23.wav
14089	2	./AudioMNIST/data/30/2_30_36.wav
14090	6	./AudioMNIST/data/35/6_35_5.wav
14091	2	./AudioMNIST/data/08/2_08_27.wav
14092	9	./AudioMNIST/data/53/9_53_7.wav
14093	1	./AudioMNIST/data/26/1_26_49.wav
14094	8	./AudioMNIST/data/50/8_50_27.wav
14095	4	./AudioMNIST/data/39/4_39_40.wav
14096	4	./AudioMNIST/data/21/4_21_11.wav
14097	0	./AudioMNIST/data/48/0_48_28.wav
14098	3	./AudioMNIST/data/21/3_21_34.wav
14099	8	./AudioMNIST/data/31/8_31_38.wav
14100	9	./AudioMNIST/data/59/9_59_2.wav
14101	7	./AudioMNIST/data/28/7_28_28.wav
14102	4	./AudioMNIST/data/27/4_27_9.wav
14103	8	./AudioMNIST/data/19/8_19_25.wav
14104	0	./AudioMNIST/data/50/0_50_9.wav
14105	4	./AudioMNIST/data/02/4_02_44.wav
14106	3	./AudioMNIST/data/33/3_33_37.wav
14107	3	./AudioMNIST/data/39/3_39_4.wav
14108	9	./AudioMNIST/data/12/9_12_22.wav
14109	7	./AudioMNIST/data/38/7_38_31.wav
14110	9	./AudioMNIST/data/60/9_60_15.wav
14111	3	./AudioMNIST/data/08/3_08_39.wav
14112	3	./AudioMNIST/data/51/3_51_23.wav
14113	1	./AudioMNIST/data/01/1_01_3.wav
14114	6	./AudioMNIST/data/51/6_51_17.wav
14115	2	./AudioMNIST/data/12/2_12_15.wav
14116	3	./AudioMNIST/data/58/3_58_17.wav
14117	4	./AudioMNIST/data/52/4_52_31.wav
14118	1	./AudioMNIST/data/24/1_24_18.wav
14119	2	./AudioMNIST/data/39/2_39_19.wav
14120	3	./AudioMNIST/data/47/3_47_9.wav
14121	5	./AudioMNIST/data/13/5_13_28.wav
14122	1	./AudioMNIST/data/22/1_22_7.wav
14123	9	./AudioMNIST/data/32/9_32_49.wav
14124	6	./AudioMNIST/data/39/6_39_21.wav
14125	2	./AudioMNIST/data/40/2_40_34.wav
14126	0	./AudioMNIST/data/39/0_39_49.wav
14127	1	./AudioMNIST/data/20/1_20_44.wav
14128	5	./AudioMNIST/data/45/5_45_48.wav
14129	1	./AudioMNIST/data/40/1_40_44.wav
14130	1	./AudioMNIST/data/31/1_31_25.wav
14131	0	./AudioMNIST/data/26/0_26_32.wav
14132	7	./AudioMNIST/data/16/7_16_46.wav
14133	2	./AudioMNIST/data/48/2_48_39.wav
14134	7	./AudioMNIST/data/29/7_29_0.wav
14135	0	./AudioMNIST/data/23/0_23_40.wav
14136	2	./AudioMNIST/data/28/2_28_36.wav
14137	9	./AudioMNIST/data/42/9_42_47.wav
14138	2	./AudioMNIST/data/37/2_37_34.wav
14139	3	./AudioMNIST/data/55/3_55_14.wav
14140	1	./AudioMNIST/data/33/1_33_7.wav
14141	0	./AudioMNIST/data/03/0_03_39.wav
14142	0	./AudioMNIST/data/15/0_15_49.wav
14143	6	./AudioMNIST/data/12/6_12_44.wav
14144	9	./AudioMNIST/data/46/9_46_0.wav
14145	6	./AudioMNIST/data/44/6_44_9.wav
14146	7	./AudioMNIST/data/36/7_36_1.wav
14147	9	./AudioMNIST/data/30/9_30_9.wav
14148	0	./AudioMNIST/data/11/0_11_13.wav
14149	4	./AudioMNIST/data/59/4_59_8.wav
14150	5	./AudioMNIST/data/48/5_48_6.wav
14151	6	./AudioMNIST/data/60/6_60_39.wav
14152	6	./AudioMNIST/data/03/6_03_22.wav
14153	8	./AudioMNIST/data/12/8_12_36.wav
14154	8	./AudioMNIST/data/10/8_10_7.wav
14155	7	./AudioMNIST/data/40/7_40_46.wav
14156	7	./AudioMNIST/data/29/7_29_44.wav
14157	5	./AudioMNIST/data/58/5_58_18.wav
14158	9	./AudioMNIST/data/43/9_43_28.wav
14159	6	./AudioMNIST/data/51/6_51_20.wav
14160	6	./AudioMNIST/data/45/6_45_41.wav
14161	8	./AudioMNIST/data/08/8_08_36.wav
14162	7	./AudioMNIST/data/60/7_60_19.wav
14163	2	./AudioMNIST/data/24/2_24_21.wav
14164	7	./AudioMNIST/data/28/7_28_7.wav
14165	1	./AudioMNIST/data/34/1_34_15.wav
14166	1	./AudioMNIST/data/36/1_36_30.wav
14167	5	./AudioMNIST/data/06/5_06_32.wav
14168	0	./AudioMNIST/data/50/0_50_1.wav
14169	2	./AudioMNIST/data/49/2_49_19.wav
14170	1	./AudioMNIST/data/03/1_03_42.wav
14171	4	./AudioMNIST/data/07/4_07_42.wav
14172	8	./AudioMNIST/data/58/8_58_31.wav
14173	6	./AudioMNIST/data/08/6_08_17.wav
14174	3	./AudioMNIST/data/03/3_03_18.wav
14175	5	./AudioMNIST/data/09/5_09_46.wav
14176	6	./AudioMNIST/data/26/6_26_17.wav
14177	9	./AudioMNIST/data/10/9_10_0.wav
14178	6	./AudioMNIST/data/11/6_11_39.wav
14179	5	./AudioMNIST/data/18/5_18_37.wav
14180	3	./AudioMNIST/data/15/3_15_12.wav
14181	7	./AudioMNIST/data/26/7_26_30.wav
14182	2	./AudioMNIST/data/33/2_33_40.wav
14183	3	./AudioMNIST/data/14/3_14_3.wav
14184	8	./AudioMNIST/data/46/8_46_19.wav
14185	7	./AudioMNIST/data/26/7_26_38.wav
14186	9	./AudioMNIST/data/54/9_54_31.wav
14187	9	./AudioMNIST/data/13/9_13_10.wav
14188	3	./AudioMNIST/data/16/3_16_32.wav
14189	3	./AudioMNIST/data/30/3_30_30.wav
14190	6	./AudioMNIST/data/39/6_39_7.wav
14191	5	./AudioMNIST/data/34/5_34_0.wav
14192	9	./AudioMNIST/data/53/9_53_22.wav
14193	9	./AudioMNIST/data/50/9_50_38.wav
14194	0	./AudioMNIST/data/30/0_30_11.wav
14195	2	./AudioMNIST/data/01/2_01_18.wav
14196	7	./AudioMNIST/data/40/7_40_0.wav
14197	5	./AudioMNIST/data/07/5_07_24.wav
14198	7	./AudioMNIST/data/42/7_42_31.wav
14199	1	./AudioMNIST/data/53/1_53_28.wav
14200	0	./AudioMNIST/data/53/0_53_32.wav
14201	4	./AudioMNIST/data/30/4_30_34.wav
14202	4	./AudioMNIST/data/19/4_19_1.wav
14203	2	./AudioMNIST/data/07/2_07_9.wav
14204	2	./AudioMNIST/data/51/2_51_47.wav
14205	5	./AudioMNIST/data/19/5_19_5.wav
14206	5	./AudioMNIST/data/49/5_49_33.wav
14207	6	./AudioMNIST/data/51/6_51_42.wav
14208	9	./AudioMNIST/data/41/9_41_49.wav
14209	6	./AudioMNIST/data/26/6_26_27.wav
14210	8	./AudioMNIST/data/12/8_12_47.wav
14211	7	./AudioMNIST/data/25/7_25_38.wav
14212	8	./AudioMNIST/data/12/8_12_17.wav
14213	2	./AudioMNIST/data/24/2_24_36.wav
14214	9	./AudioMNIST/data/49/9_49_28.wav
14215	9	./AudioMNIST/data/54/9_54_41.wav
14216	7	./AudioMNIST/data/32/7_32_0.wav
14217	2	./AudioMNIST/data/28/2_28_41.wav
14218	9	./AudioMNIST/data/21/9_21_24.wav
14219	2	./AudioMNIST/data/17/2_17_43.wav
14220	0	./AudioMNIST/data/28/0_28_28.wav
14221	9	./AudioMNIST/data/03/9_03_1.wav
14222	3	./AudioMNIST/data/16/3_16_0.wav
14223	0	./AudioMNIST/data/21/0_21_25.wav
14224	5	./AudioMNIST/data/02/5_02_35.wav
14225	8	./AudioMNIST/data/57/8_57_31.wav
14226	7	./AudioMNIST/data/18/7_18_35.wav
14227	8	./AudioMNIST/data/23/8_23_42.wav
14228	9	./AudioMNIST/data/59/9_59_7.wav
14229	6	./AudioMNIST/data/45/6_45_21.wav
14230	4	./AudioMNIST/data/28/4_28_12.wav
14231	9	./AudioMNIST/data/51/9_51_5.wav
14232	4	./AudioMNIST/data/53/4_53_0.wav
14233	0	./AudioMNIST/data/45/0_45_8.wav
14234	1	./AudioMNIST/data/41/1_41_11.wav
14235	4	./AudioMNIST/data/09/4_09_36.wav
14236	4	./AudioMNIST/data/45/4_45_45.wav
14237	8	./AudioMNIST/data/30/8_30_17.wav
14238	7	./AudioMNIST/data/22/7_22_17.wav
14239	4	./AudioMNIST/data/35/4_35_8.wav
14240	0	./AudioMNIST/data/54/0_54_42.wav
14241	7	./AudioMNIST/data/10/7_10_19.wav
14242	5	./AudioMNIST/data/10/5_10_34.wav
14243	0	./AudioMNIST/data/43/0_43_36.wav
14244	6	./AudioMNIST/data/44/6_44_27.wav
14245	1	./AudioMNIST/data/56/1_56_37.wav
14246	5	./AudioMNIST/data/47/5_47_15.wav
14247	8	./AudioMNIST/data/42/8_42_21.wav
14248	2	./AudioMNIST/data/35/2_35_27.wav
14249	4	./AudioMNIST/data/45/4_45_32.wav
14250	3	./AudioMNIST/data/11/3_11_35.wav
14251	8	./AudioMNIST/data/37/8_37_11.wav
14252	9	./AudioMNIST/data/21/9_21_46.wav
14253	3	./AudioMNIST/data/45/3_45_9.wav
14254	8	./AudioMNIST/data/02/8_02_18.wav
14255	1	./AudioMNIST/data/52/1_52_42.wav
14256	0	./AudioMNIST/data/02/0_02_36.wav
14257	4	./AudioMNIST/data/51/4_51_20.wav
14258	4	./AudioMNIST/data/03/4_03_17.wav
14259	2	./AudioMNIST/data/48/2_48_10.wav
14260	9	./AudioMNIST/data/16/9_16_10.wav
14261	1	./AudioMNIST/data/50/1_50_28.wav
14262	8	./AudioMNIST/data/22/8_22_4.wav
14263	1	./AudioMNIST/data/51/1_51_14.wav
14264	4	./AudioMNIST/data/42/4_42_7.wav
14265	3	./AudioMNIST/data/59/3_59_21.wav
14266	2	./AudioMNIST/data/36/2_36_40.wav
14267	5	./AudioMNIST/data/08/5_08_31.wav
14268	5	./AudioMNIST/data/25/5_25_3.wav
14269	1	./AudioMNIST/data/09/1_09_18.wav
14270	7	./AudioMNIST/data/55/7_55_49.wav
14271	0	./AudioMNIST/data/48/0_48_38.wav
14272	3	./AudioMNIST/data/20/3_20_38.wav
14273	5	./AudioMNIST/data/29/5_29_27.wav
14274	1	./AudioMNIST/data/37/1_37_48.wav
14275	9	./AudioMNIST/data/56/9_56_10.wav
14276	4	./AudioMNIST/data/42/4_42_43.wav
14277	7	./AudioMNIST/data/24/7_24_36.wav
14278	5	./AudioMNIST/data/47/5_47_20.wav
14279	7	./AudioMNIST/data/07/7_07_12.wav
14280	7	./AudioMNIST/data/39/7_39_22.wav
14281	7	./AudioMNIST/data/03/7_03_14.wav
14282	6	./AudioMNIST/data/18/6_18_2.wav
14283	2	./AudioMNIST/data/30/2_30_12.wav
14284	7	./AudioMNIST/data/45/7_45_0.wav
14285	9	./AudioMNIST/data/18/9_18_20.wav
14286	5	./AudioMNIST/data/38/5_38_38.wav
14287	5	./AudioMNIST/data/55/5_55_40.wav
14288	8	./AudioMNIST/data/58/8_58_42.wav
14289	4	./AudioMNIST/data/11/4_11_11.wav
14290	6	./AudioMNIST/data/25/6_25_41.wav
14291	2	./AudioMNIST/data/22/2_22_18.wav
14292	4	./AudioMNIST/data/19/4_19_46.wav
14293	0	./AudioMNIST/data/19/0_19_36.wav
14294	6	./AudioMNIST/data/51/6_51_27.wav
14295	6	./AudioMNIST/data/09/6_09_43.wav
14296	5	./AudioMNIST/data/07/5_07_16.wav
14297	3	./AudioMNIST/data/14/3_14_30.wav
14298	8	./AudioMNIST/data/42/8_42_27.wav
14299	2	./AudioMNIST/data/41/2_41_28.wav
14300	4	./AudioMNIST/data/55/4_55_12.wav
14301	2	./AudioMNIST/data/04/2_04_47.wav
14302	1	./AudioMNIST/data/14/1_14_48.wav
14303	0	./AudioMNIST/data/46/0_46_27.wav
14304	7	./AudioMNIST/data/02/7_02_17.wav
14305	0	./AudioMNIST/data/01/0_01_4.wav
14306	6	./AudioMNIST/data/24/6_24_9.wav
14307	4	./AudioMNIST/data/03/4_03_49.wav
14308	3	./AudioMNIST/data/18/3_18_40.wav
14309	2	./AudioMNIST/data/56/2_56_18.wav
14310	3	./AudioMNIST/data/53/3_53_11.wav
14311	5	./AudioMNIST/data/46/5_46_36.wav
14312	1	./AudioMNIST/data/51/1_51_39.wav
14313	3	./AudioMNIST/data/23/3_23_30.wav
14314	0	./AudioMNIST/data/04/0_04_8.wav
14315	7	./AudioMNIST/data/21/7_21_36.wav
14316	9	./AudioMNIST/data/54/9_54_24.wav
14317	3	./AudioMNIST/data/29/3_29_47.wav
14318	0	./AudioMNIST/data/35/0_35_45.wav
14319	1	./AudioMNIST/data/41/1_41_13.wav
14320	9	./AudioMNIST/data/27/9_27_46.wav
14321	4	./AudioMNIST/data/50/4_50_4.wav
14322	2	./AudioMNIST/data/19/2_19_46.wav
14323	8	./AudioMNIST/data/13/8_13_36.wav
14324	8	./AudioMNIST/data/11/8_11_21.wav
14325	6	./AudioMNIST/data/11/6_11_14.wav
14326	2	./AudioMNIST/data/07/2_07_36.wav
14327	6	./AudioMNIST/data/51/6_51_29.wav
14328	9	./AudioMNIST/data/09/9_09_8.wav
14329	5	./AudioMNIST/data/08/5_08_40.wav
14330	2	./AudioMNIST/data/27/2_27_42.wav
14331	6	./AudioMNIST/data/25/6_25_23.wav
14332	1	./AudioMNIST/data/60/1_60_40.wav
14333	9	./AudioMNIST/data/58/9_58_27.wav
14334	2	./AudioMNIST/data/13/2_13_42.wav
14335	0	./AudioMNIST/data/42/0_42_9.wav
14336	9	./AudioMNIST/data/29/9_29_31.wav
14337	2	./AudioMNIST/data/45/2_45_43.wav
14338	2	./AudioMNIST/data/17/2_17_12.wav
14339	1	./AudioMNIST/data/44/1_44_4.wav
14340	8	./AudioMNIST/data/25/8_25_48.wav
14341	4	./AudioMNIST/data/54/4_54_44.wav
14342	3	./AudioMNIST/data/38/3_38_45.wav
14343	7	./AudioMNIST/data/47/7_47_9.wav
14344	2	./AudioMNIST/data/03/2_03_41.wav
14345	7	./AudioMNIST/data/39/7_39_43.wav
14346	5	./AudioMNIST/data/34/5_34_48.wav
14347	8	./AudioMNIST/data/22/8_22_20.wav
14348	5	./AudioMNIST/data/23/5_23_23.wav
14349	0	./AudioMNIST/data/53/0_53_36.wav
14350	1	./AudioMNIST/data/18/1_18_32.wav
14351	3	./AudioMNIST/data/35/3_35_48.wav
14352	1	./AudioMNIST/data/39/1_39_19.wav
14353	4	./AudioMNIST/data/04/4_04_12.wav
14354	5	./AudioMNIST/data/40/5_40_43.wav
14355	7	./AudioMNIST/data/06/7_06_20.wav
14356	9	./AudioMNIST/data/47/9_47_4.wav
14357	2	./AudioMNIST/data/41/2_41_37.wav
14358	1	./AudioMNIST/data/01/1_01_34.wav
14359	1	./AudioMNIST/data/50/1_50_15.wav
14360	6	./AudioMNIST/data/03/6_03_17.wav
14361	2	./AudioMNIST/data/38/2_38_12.wav
14362	0	./AudioMNIST/data/06/0_06_1.wav
14363	6	./AudioMNIST/data/14/6_14_31.wav
14364	1	./AudioMNIST/data/19/1_19_39.wav
14365	1	./AudioMNIST/data/26/1_26_47.wav
14366	2	./AudioMNIST/data/14/2_14_7.wav
14367	1	./AudioMNIST/data/59/1_59_43.wav
14368	9	./AudioMNIST/data/16/9_16_21.wav
14369	1	./AudioMNIST/data/28/1_28_42.wav
14370	3	./AudioMNIST/data/03/3_03_13.wav
14371	0	./AudioMNIST/data/44/0_44_34.wav
14372	2	./AudioMNIST/data/33/2_33_20.wav
14373	5	./AudioMNIST/data/35/5_35_3.wav
14374	5	./AudioMNIST/data/46/5_46_5.wav
14375	8	./AudioMNIST/data/56/8_56_28.wav
14376	9	./AudioMNIST/data/33/9_33_41.wav
14377	3	./AudioMNIST/data/10/3_10_40.wav
14378	4	./AudioMNIST/data/57/4_57_34.wav
14379	9	./AudioMNIST/data/60/9_60_32.wav
14380	2	./AudioMNIST/data/18/2_18_8.wav
14381	7	./AudioMNIST/data/03/7_03_44.wav
14382	5	./AudioMNIST/data/57/5_57_47.wav
14383	0	./AudioMNIST/data/09/0_09_39.wav
14384	8	./AudioMNIST/data/23/8_23_33.wav
14385	2	./AudioMNIST/data/13/2_13_37.wav
14386	7	./AudioMNIST/data/44/7_44_48.wav
14387	7	./AudioMNIST/data/36/7_36_27.wav
14388	7	./AudioMNIST/data/28/7_28_23.wav
14389	3	./AudioMNIST/data/16/3_16_45.wav
14390	6	./AudioMNIST/data/41/6_41_2.wav
14391	8	./AudioMNIST/data/09/8_09_23.wav
14392	4	./AudioMNIST/data/08/4_08_4.wav
14393	6	./AudioMNIST/data/39/6_39_27.wav
14394	4	./AudioMNIST/data/27/4_27_46.wav
14395	4	./AudioMNIST/data/45/4_45_48.wav
14396	1	./AudioMNIST/data/54/1_54_24.wav
14397	8	./AudioMNIST/data/54/8_54_46.wav
14398	5	./AudioMNIST/data/58/5_58_2.wav
14399	2	./AudioMNIST/data/04/2_04_44.wav
14400	3	./AudioMNIST/data/43/3_43_27.wav
14401	2	./AudioMNIST/data/39/2_39_48.wav
14402	1	./AudioMNIST/data/17/1_17_15.wav
14403	1	./AudioMNIST/data/41/1_41_41.wav
14404	4	./AudioMNIST/data/52/4_52_45.wav
14405	7	./AudioMNIST/data/29/7_29_46.wav
14406	5	./AudioMNIST/data/36/5_36_8.wav
14407	3	./AudioMNIST/data/32/3_32_0.wav
14408	3	./AudioMNIST/data/09/3_09_26.wav
14409	9	./AudioMNIST/data/33/9_33_31.wav
14410	5	./AudioMNIST/data/36/5_36_18.wav
14411	8	./AudioMNIST/data/06/8_06_19.wav
14412	1	./AudioMNIST/data/52/1_52_44.wav
14413	6	./AudioMNIST/data/07/6_07_21.wav
14414	9	./AudioMNIST/data/40/9_40_16.wav
14415	9	./AudioMNIST/data/58/9_58_0.wav
14416	6	./AudioMNIST/data/11/6_11_30.wav
14417	7	./AudioMNIST/data/41/7_41_24.wav
14418	1	./AudioMNIST/data/45/1_45_35.wav
14419	1	./AudioMNIST/data/47/1_47_49.wav
14420	9	./AudioMNIST/data/36/9_36_27.wav
14421	5	./AudioMNIST/data/54/5_54_8.wav
14422	9	./AudioMNIST/data/58/9_58_45.wav
14423	1	./AudioMNIST/data/16/1_16_16.wav
14424	8	./AudioMNIST/data/15/8_15_45.wav
14425	1	./AudioMNIST/data/13/1_13_23.wav
14426	9	./AudioMNIST/data/45/9_45_28.wav
14427	7	./AudioMNIST/data/27/7_27_2.wav
14428	1	./AudioMNIST/data/27/1_27_48.wav
14429	9	./AudioMNIST/data/38/9_38_34.wav
14430	7	./AudioMNIST/data/58/7_58_49.wav
14431	2	./AudioMNIST/data/07/2_07_6.wav
14432	7	./AudioMNIST/data/46/7_46_48.wav
14433	0	./AudioMNIST/data/19/0_19_13.wav
14434	9	./AudioMNIST/data/31/9_31_49.wav
14435	1	./AudioMNIST/data/46/1_46_3.wav
14436	2	./AudioMNIST/data/22/2_22_29.wav
14437	4	./AudioMNIST/data/52/4_52_9.wav
14438	6	./AudioMNIST/data/29/6_29_3.wav
14439	4	./AudioMNIST/data/21/4_21_36.wav
14440	6	./AudioMNIST/data/58/6_58_29.wav
14441	0	./AudioMNIST/data/20/0_20_27.wav
14442	2	./AudioMNIST/data/24/2_24_22.wav
14443	2	./AudioMNIST/data/15/2_15_42.wav
14444	9	./AudioMNIST/data/23/9_23_22.wav
14445	7	./AudioMNIST/data/06/7_06_22.wav
14446	2	./AudioMNIST/data/36/2_36_33.wav
14447	8	./AudioMNIST/data/41/8_41_1.wav
14448	6	./AudioMNIST/data/30/6_30_49.wav
14449	0	./AudioMNIST/data/11/0_11_7.wav
14450	0	./AudioMNIST/data/05/0_05_21.wav
14451	0	./AudioMNIST/data/21/0_21_46.wav
14452	5	./AudioMNIST/data/23/5_23_16.wav
14453	4	./AudioMNIST/data/41/4_41_43.wav
14454	2	./AudioMNIST/data/58/2_58_35.wav
14455	5	./AudioMNIST/data/49/5_49_6.wav
14456	5	./AudioMNIST/data/44/5_44_13.wav
14457	1	./AudioMNIST/data/15/1_15_19.wav
14458	6	./AudioMNIST/data/34/6_34_43.wav
14459	4	./AudioMNIST/data/55/4_55_20.wav
14460	7	./AudioMNIST/data/14/7_14_41.wav
14461	0	./AudioMNIST/data/52/0_52_46.wav
14462	1	./AudioMNIST/data/48/1_48_37.wav
14463	1	./AudioMNIST/data/46/1_46_34.wav
14464	1	./AudioMNIST/data/24/1_24_47.wav
14465	0	./AudioMNIST/data/54/0_54_4.wav
14466	6	./AudioMNIST/data/41/6_41_14.wav
14467	7	./AudioMNIST/data/35/7_35_45.wav
14468	4	./AudioMNIST/data/23/4_23_39.wav
14469	7	./AudioMNIST/data/10/7_10_30.wav
14470	4	./AudioMNIST/data/28/4_28_3.wav
14471	1	./AudioMNIST/data/10/1_10_6.wav
14472	4	./AudioMNIST/data/23/4_23_7.wav
14473	8	./AudioMNIST/data/57/8_57_40.wav
14474	0	./AudioMNIST/data/50/0_50_2.wav
14475	9	./AudioMNIST/data/58/9_58_23.wav
14476	9	./AudioMNIST/data/59/9_59_34.wav
14477	3	./AudioMNIST/data/57/3_57_34.wav
14478	1	./AudioMNIST/data/60/1_60_0.wav
14479	4	./AudioMNIST/data/32/4_32_37.wav
14480	9	./AudioMNIST/data/26/9_26_41.wav
14481	2	./AudioMNIST/data/26/2_26_23.wav
14482	9	./AudioMNIST/data/22/9_22_47.wav
14483	0	./AudioMNIST/data/32/0_32_36.wav
14484	3	./AudioMNIST/data/27/3_27_38.wav
14485	4	./AudioMNIST/data/55/4_55_47.wav
14486	2	./AudioMNIST/data/39/2_39_10.wav
14487	1	./AudioMNIST/data/38/1_38_25.wav
14488	8	./AudioMNIST/data/55/8_55_22.wav
14489	5	./AudioMNIST/data/38/5_38_15.wav
14490	4	./AudioMNIST/data/06/4_06_12.wav
14491	1	./AudioMNIST/data/04/1_04_20.wav
14492	1	./AudioMNIST/data/55/1_55_36.wav
14493	8	./AudioMNIST/data/01/8_01_47.wav
14494	6	./AudioMNIST/data/26/6_26_41.wav
14495	9	./AudioMNIST/data/24/9_24_34.wav
14496	7	./AudioMNIST/data/32/7_32_22.wav
14497	1	./AudioMNIST/data/56/1_56_0.wav
14498	1	./AudioMNIST/data/13/1_13_32.wav
14499	1	./AudioMNIST/data/41/1_41_31.wav
14500	2	./AudioMNIST/data/24/2_24_8.wav
14501	2	./AudioMNIST/data/29/2_29_23.wav
14502	2	./AudioMNIST/data/29/2_29_19.wav
14503	4	./AudioMNIST/data/60/4_60_2.wav
14504	5	./AudioMNIST/data/57/5_57_37.wav
14505	7	./AudioMNIST/data/24/7_24_4.wav
14506	8	./AudioMNIST/data/13/8_13_10.wav
14507	0	./AudioMNIST/data/21/0_21_13.wav
14508	9	./AudioMNIST/data/35/9_35_14.wav
14509	4	./AudioMNIST/data/16/4_16_10.wav
14510	2	./AudioMNIST/data/27/2_27_4.wav
14511	3	./AudioMNIST/data/36/3_36_49.wav
14512	4	./AudioMNIST/data/09/4_09_33.wav
14513	8	./AudioMNIST/data/12/8_12_42.wav
14514	2	./AudioMNIST/data/36/2_36_45.wav
14515	4	./AudioMNIST/data/32/4_32_7.wav
14516	4	./AudioMNIST/data/18/4_18_13.wav
14517	8	./AudioMNIST/data/28/8_28_38.wav
14518	2	./AudioMNIST/data/53/2_53_49.wav
14519	6	./AudioMNIST/data/38/6_38_9.wav
14520	8	./AudioMNIST/data/50/8_50_1.wav
14521	8	./AudioMNIST/data/26/8_26_43.wav
14522	1	./AudioMNIST/data/43/1_43_29.wav
14523	8	./AudioMNIST/data/02/8_02_10.wav
14524	8	./AudioMNIST/data/41/8_41_43.wav
14525	3	./AudioMNIST/data/18/3_18_2.wav
14526	7	./AudioMNIST/data/25/7_25_48.wav
14527	1	./AudioMNIST/data/10/1_10_41.wav
14528	8	./AudioMNIST/data/08/8_08_5.wav
14529	0	./AudioMNIST/data/11/0_11_19.wav
14530	1	./AudioMNIST/data/27/1_27_30.wav
14531	1	./AudioMNIST/data/30/1_30_8.wav
14532	8	./AudioMNIST/data/10/8_10_24.wav
14533	3	./AudioMNIST/data/41/3_41_30.wav
14534	8	./AudioMNIST/data/36/8_36_32.wav
14535	2	./AudioMNIST/data/22/2_22_45.wav
14536	9	./AudioMNIST/data/03/9_03_11.wav
14537	6	./AudioMNIST/data/08/6_08_41.wav
14538	2	./AudioMNIST/data/51/2_51_22.wav
14539	9	./AudioMNIST/data/01/9_01_30.wav
14540	3	./AudioMNIST/data/30/3_30_9.wav
14541	4	./AudioMNIST/data/41/4_41_5.wav
14542	5	./AudioMNIST/data/37/5_37_4.wav
14543	6	./AudioMNIST/data/10/6_10_43.wav
14544	1	./AudioMNIST/data/32/1_32_14.wav
14545	3	./AudioMNIST/data/14/3_14_29.wav
14546	7	./AudioMNIST/data/55/7_55_12.wav
14547	5	./AudioMNIST/data/41/5_41_47.wav
14548	3	./AudioMNIST/data/34/3_34_2.wav
14549	1	./AudioMNIST/data/33/1_33_32.wav
14550	6	./AudioMNIST/data/20/6_20_30.wav
14551	9	./AudioMNIST/data/13/9_13_47.wav
14552	4	./AudioMNIST/data/24/4_24_33.wav
14553	4	./AudioMNIST/data/43/4_43_33.wav
14554	0	./AudioMNIST/data/55/0_55_41.wav
14555	7	./AudioMNIST/data/07/7_07_1.wav
14556	1	./AudioMNIST/data/10/1_10_45.wav
14557	0	./AudioMNIST/data/37/0_37_41.wav
14558	0	./AudioMNIST/data/59/0_59_30.wav
14559	3	./AudioMNIST/data/04/3_04_44.wav
14560	7	./AudioMNIST/data/32/7_32_18.wav
14561	6	./AudioMNIST/data/25/6_25_25.wav
14562	1	./AudioMNIST/data/13/1_13_16.wav
14563	3	./AudioMNIST/data/23/3_23_37.wav
14564	3	./AudioMNIST/data/15/3_15_28.wav
14565	4	./AudioMNIST/data/17/4_17_48.wav
14566	3	./AudioMNIST/data/13/3_13_25.wav
14567	1	./AudioMNIST/data/51/1_51_12.wav
14568	8	./AudioMNIST/data/50/8_50_33.wav
14569	0	./AudioMNIST/data/20/0_20_0.wav
14570	3	./AudioMNIST/data/35/3_35_44.wav
14571	6	./AudioMNIST/data/50/6_50_34.wav
14572	8	./AudioMNIST/data/39/8_39_17.wav
14573	3	./AudioMNIST/data/05/3_05_44.wav
14574	0	./AudioMNIST/data/08/0_08_48.wav
14575	7	./AudioMNIST/data/38/7_38_42.wav
14576	3	./AudioMNIST/data/13/3_13_32.wav
14577	2	./AudioMNIST/data/18/2_18_21.wav
14578	7	./AudioMNIST/data/07/7_07_10.wav
14579	1	./AudioMNIST/data/16/1_16_0.wav
14580	5	./AudioMNIST/data/04/5_04_7.wav
14581	7	./AudioMNIST/data/15/7_15_21.wav
14582	1	./AudioMNIST/data/13/1_13_10.wav
14583	8	./AudioMNIST/data/50/8_50_14.wav
14584	6	./AudioMNIST/data/09/6_09_36.wav
14585	5	./AudioMNIST/data/43/5_43_16.wav
14586	6	./AudioMNIST/data/28/6_28_47.wav
14587	0	./AudioMNIST/data/33/0_33_31.wav
14588	8	./AudioMNIST/data/01/8_01_26.wav
14589	9	./AudioMNIST/data/03/9_03_17.wav
14590	5	./AudioMNIST/data/40/5_40_30.wav
14591	9	./AudioMNIST/data/40/9_40_31.wav
14592	4	./AudioMNIST/data/04/4_04_22.wav
14593	0	./AudioMNIST/data/02/0_02_39.wav
14594	0	./AudioMNIST/data/60/0_60_2.wav
14595	5	./AudioMNIST/data/24/5_24_6.wav
14596	0	./AudioMNIST/data/04/0_04_1.wav
14597	7	./AudioMNIST/data/31/7_31_44.wav
14598	3	./AudioMNIST/data/01/3_01_49.wav
14599	9	./AudioMNIST/data/52/9_52_23.wav
14600	2	./AudioMNIST/data/07/2_07_45.wav
14601	6	./AudioMNIST/data/04/6_04_28.wav
14602	3	./AudioMNIST/data/02/3_02_35.wav
14603	7	./AudioMNIST/data/55/7_55_34.wav
14604	7	./AudioMNIST/data/51/7_51_3.wav
14605	4	./AudioMNIST/data/15/4_15_16.wav
14606	7	./AudioMNIST/data/07/7_07_38.wav
14607	5	./AudioMNIST/data/22/5_22_37.wav
14608	1	./AudioMNIST/data/52/1_52_28.wav
14609	1	./AudioMNIST/data/45/1_45_34.wav
14610	1	./AudioMNIST/data/07/1_07_28.wav
14611	7	./AudioMNIST/data/26/7_26_44.wav
14612	7	./AudioMNIST/data/47/7_47_24.wav
14613	4	./AudioMNIST/data/40/4_40_28.wav
14614	2	./AudioMNIST/data/30/2_30_28.wav
14615	4	./AudioMNIST/data/05/4_05_11.wav
14616	6	./AudioMNIST/data/56/6_56_44.wav
14617	1	./AudioMNIST/data/21/1_21_4.wav
14618	6	./AudioMNIST/data/18/6_18_21.wav
14619	2	./AudioMNIST/data/48/2_48_46.wav
14620	7	./AudioMNIST/data/13/7_13_9.wav
14621	2	./AudioMNIST/data/22/2_22_5.wav
14622	5	./AudioMNIST/data/03/5_03_29.wav
14623	0	./AudioMNIST/data/32/0_32_23.wav
14624	8	./AudioMNIST/data/32/8_32_43.wav
14625	3	./AudioMNIST/data/02/3_02_48.wav
14626	3	./AudioMNIST/data/45/3_45_18.wav
14627	4	./AudioMNIST/data/05/4_05_20.wav
14628	5	./AudioMNIST/data/33/5_33_18.wav
14629	0	./AudioMNIST/data/50/0_50_23.wav
14630	6	./AudioMNIST/data/56/6_56_46.wav
14631	0	./AudioMNIST/data/20/0_20_10.wav
14632	4	./AudioMNIST/data/56/4_56_1.wav
14633	6	./AudioMNIST/data/08/6_08_30.wav
14634	8	./AudioMNIST/data/08/8_08_19.wav
14635	9	./AudioMNIST/data/15/9_15_43.wav
14636	2	./AudioMNIST/data/27/2_27_28.wav
14637	4	./AudioMNIST/data/43/4_43_3.wav
14638	8	./AudioMNIST/data/43/8_43_1.wav
14639	7	./AudioMNIST/data/04/7_04_43.wav
14640	4	./AudioMNIST/data/03/4_03_1.wav
14641	8	./AudioMNIST/data/43/8_43_28.wav
14642	5	./AudioMNIST/data/37/5_37_27.wav
14643	8	./AudioMNIST/data/05/8_05_8.wav
14644	5	./AudioMNIST/data/01/5_01_10.wav
14645	4	./AudioMNIST/data/16/4_16_1.wav
14646	2	./AudioMNIST/data/22/2_22_27.wav
14647	3	./AudioMNIST/data/27/3_27_9.wav
14648	3	./AudioMNIST/data/56/3_56_25.wav
14649	0	./AudioMNIST/data/18/0_18_4.wav
14650	7	./AudioMNIST/data/11/7_11_16.wav
14651	6	./AudioMNIST/data/05/6_05_18.wav
14652	8	./AudioMNIST/data/17/8_17_11.wav
14653	5	./AudioMNIST/data/17/5_17_41.wav
14654	9	./AudioMNIST/data/06/9_06_31.wav
14655	4	./AudioMNIST/data/59/4_59_40.wav
14656	4	./AudioMNIST/data/04/4_04_31.wav
14657	6	./AudioMNIST/data/56/6_56_35.wav
14658	7	./AudioMNIST/data/11/7_11_43.wav
14659	3	./AudioMNIST/data/28/3_28_8.wav
14660	0	./AudioMNIST/data/36/0_36_8.wav
14661	0	./AudioMNIST/data/48/0_48_3.wav
14662	4	./AudioMNIST/data/21/4_21_2.wav
14663	7	./AudioMNIST/data/21/7_21_17.wav
14664	3	./AudioMNIST/data/02/3_02_37.wav
14665	9	./AudioMNIST/data/05/9_05_15.wav
14666	4	./AudioMNIST/data/11/4_11_24.wav
14667	8	./AudioMNIST/data/50/8_50_45.wav
14668	0	./AudioMNIST/data/07/0_07_19.wav
14669	7	./AudioMNIST/data/29/7_29_39.wav
14670	1	./AudioMNIST/data/22/1_22_18.wav
14671	5	./AudioMNIST/data/10/5_10_6.wav
14672	1	./AudioMNIST/data/12/1_12_42.wav
14673	4	./AudioMNIST/data/34/4_34_24.wav
14674	6	./AudioMNIST/data/55/6_55_39.wav
14675	8	./AudioMNIST/data/02/8_02_35.wav
14676	7	./AudioMNIST/data/19/7_19_37.wav
14677	1	./AudioMNIST/data/02/1_02_42.wav
14678	2	./AudioMNIST/data/24/2_24_3.wav
14679	0	./AudioMNIST/data/28/0_28_38.wav
14680	9	./AudioMNIST/data/45/9_45_19.wav
14681	6	./AudioMNIST/data/30/6_30_39.wav
14682	8	./AudioMNIST/data/14/8_14_36.wav
14683	0	./AudioMNIST/data/52/0_52_11.wav
14684	7	./AudioMNIST/data/06/7_06_25.wav
14685	5	./AudioMNIST/data/16/5_16_1.wav
14686	2	./AudioMNIST/data/10/2_10_8.wav
14687	0	./AudioMNIST/data/32/0_32_0.wav
14688	7	./AudioMNIST/data/49/7_49_12.wav
14689	7	./AudioMNIST/data/22/7_22_36.wav
14690	9	./AudioMNIST/data/45/9_45_23.wav
14691	5	./AudioMNIST/data/11/5_11_41.wav
14692	3	./AudioMNIST/data/28/3_28_21.wav
14693	3	./AudioMNIST/data/32/3_32_29.wav
14694	5	./AudioMNIST/data/60/5_60_16.wav
14695	3	./AudioMNIST/data/08/3_08_45.wav
14696	0	./AudioMNIST/data/50/0_50_37.wav
14697	7	./AudioMNIST/data/27/7_27_42.wav
14698	3	./AudioMNIST/data/34/3_34_25.wav
14699	1	./AudioMNIST/data/51/1_51_27.wav
14700	4	./AudioMNIST/data/12/4_12_11.wav
14701	1	./AudioMNIST/data/06/1_06_44.wav
14702	1	./AudioMNIST/data/11/1_11_44.wav
14703	0	./AudioMNIST/data/57/0_57_22.wav
14704	3	./AudioMNIST/data/18/3_18_45.wav
14705	6	./AudioMNIST/data/05/6_05_48.wav
14706	0	./AudioMNIST/data/20/0_20_3.wav
14707	3	./AudioMNIST/data/01/3_01_36.wav
14708	6	./AudioMNIST/data/14/6_14_30.wav
14709	9	./AudioMNIST/data/23/9_23_13.wav
14710	3	./AudioMNIST/data/16/3_16_39.wav
14711	1	./AudioMNIST/data/04/1_04_6.wav
14712	6	./AudioMNIST/data/44/6_44_28.wav
14713	5	./AudioMNIST/data/17/5_17_32.wav
14714	8	./AudioMNIST/data/20/8_20_19.wav
14715	6	./AudioMNIST/data/15/6_15_40.wav
14716	9	./AudioMNIST/data/50/9_50_45.wav
14717	5	./AudioMNIST/data/06/5_06_4.wav
14718	0	./AudioMNIST/data/17/0_17_1.wav
14719	3	./AudioMNIST/data/19/3_19_5.wav
14720	1	./AudioMNIST/data/25/1_25_15.wav
14721	6	./AudioMNIST/data/49/6_49_45.wav
14722	3	./AudioMNIST/data/25/3_25_41.wav
14723	3	./AudioMNIST/data/03/3_03_7.wav
14724	0	./AudioMNIST/data/60/0_60_32.wav
14725	9	./AudioMNIST/data/30/9_30_25.wav
14726	1	./AudioMNIST/data/39/1_39_16.wav
14727	3	./AudioMNIST/data/37/3_37_14.wav
14728	4	./AudioMNIST/data/15/4_15_11.wav
14729	8	./AudioMNIST/data/59/8_59_11.wav
14730	8	./AudioMNIST/data/60/8_60_11.wav
14731	1	./AudioMNIST/data/20/1_20_12.wav
14732	2	./AudioMNIST/data/03/2_03_37.wav
14733	6	./AudioMNIST/data/34/6_34_21.wav
14734	3	./AudioMNIST/data/19/3_19_11.wav
14735	1	./AudioMNIST/data/34/1_34_49.wav
14736	4	./AudioMNIST/data/11/4_11_20.wav
14737	7	./AudioMNIST/data/60/7_60_20.wav
14738	0	./AudioMNIST/data/54/0_54_31.wav
14739	4	./AudioMNIST/data/51/4_51_2.wav
14740	9	./AudioMNIST/data/25/9_25_40.wav
14741	0	./AudioMNIST/data/27/0_27_22.wav
14742	4	./AudioMNIST/data/28/4_28_5.wav
14743	2	./AudioMNIST/data/49/2_49_5.wav
14744	2	./AudioMNIST/data/34/2_34_37.wav
14745	2	./AudioMNIST/data/20/2_20_14.wav
14746	1	./AudioMNIST/data/05/1_05_4.wav
14747	8	./AudioMNIST/data/49/8_49_41.wav
14748	5	./AudioMNIST/data/26/5_26_30.wav
14749	6	./AudioMNIST/data/50/6_50_37.wav
14750	4	./AudioMNIST/data/35/4_35_3.wav
14751	4	./AudioMNIST/data/52/4_52_4.wav
14752	2	./AudioMNIST/data/59/2_59_39.wav
14753	2	./AudioMNIST/data/27/2_27_29.wav
14754	6	./AudioMNIST/data/58/6_58_23.wav
14755	8	./AudioMNIST/data/34/8_34_43.wav
14756	6	./AudioMNIST/data/35/6_35_47.wav
14757	6	./AudioMNIST/data/10/6_10_42.wav
14758	9	./AudioMNIST/data/52/9_52_37.wav
14759	7	./AudioMNIST/data/06/7_06_37.wav
14760	2	./AudioMNIST/data/02/2_02_24.wav
14761	8	./AudioMNIST/data/36/8_36_0.wav
14762	2	./AudioMNIST/data/05/2_05_10.wav
14763	5	./AudioMNIST/data/60/5_60_19.wav
14764	6	./AudioMNIST/data/20/6_20_37.wav
14765	3	./AudioMNIST/data/04/3_04_34.wav
14766	2	./AudioMNIST/data/26/2_26_30.wav
14767	3	./AudioMNIST/data/24/3_24_25.wav
14768	9	./AudioMNIST/data/09/9_09_30.wav
14769	5	./AudioMNIST/data/60/5_60_17.wav
14770	1	./AudioMNIST/data/58/1_58_39.wav
14771	8	./AudioMNIST/data/52/8_52_10.wav
14772	0	./AudioMNIST/data/17/0_17_46.wav
14773	5	./AudioMNIST/data/36/5_36_5.wav
14774	6	./AudioMNIST/data/51/6_51_16.wav
14775	6	./AudioMNIST/data/27/6_27_34.wav
14776	9	./AudioMNIST/data/59/9_59_41.wav
14777	4	./AudioMNIST/data/20/4_20_32.wav
14778	2	./AudioMNIST/data/46/2_46_3.wav
14779	6	./AudioMNIST/data/17/6_17_36.wav
14780	2	./AudioMNIST/data/22/2_22_2.wav
14781	1	./AudioMNIST/data/06/1_06_46.wav
14782	5	./AudioMNIST/data/01/5_01_19.wav
14783	3	./AudioMNIST/data/11/3_11_33.wav
14784	6	./AudioMNIST/data/54/6_54_13.wav
14785	5	./AudioMNIST/data/57/5_57_23.wav
14786	4	./AudioMNIST/data/52/4_52_2.wav
14787	5	./AudioMNIST/data/52/5_52_31.wav
14788	3	./AudioMNIST/data/25/3_25_21.wav
14789	7	./AudioMNIST/data/17/7_17_26.wav
14790	9	./AudioMNIST/data/41/9_41_46.wav
14791	5	./AudioMNIST/data/13/5_13_19.wav
14792	9	./AudioMNIST/data/01/9_01_4.wav
14793	3	./AudioMNIST/data/17/3_17_47.wav
14794	4	./AudioMNIST/data/22/4_22_0.wav
14795	8	./AudioMNIST/data/01/8_01_10.wav
14796	8	./AudioMNIST/data/49/8_49_47.wav
14797	7	./AudioMNIST/data/58/7_58_40.wav
14798	3	./AudioMNIST/data/10/3_10_37.wav
14799	5	./AudioMNIST/data/15/5_15_36.wav
14800	6	./AudioMNIST/data/44/6_44_48.wav
14801	4	./AudioMNIST/data/26/4_26_40.wav
14802	8	./AudioMNIST/data/48/8_48_3.wav
14803	8	./AudioMNIST/data/49/8_49_34.wav
14804	1	./AudioMNIST/data/12/1_12_8.wav
14805	7	./AudioMNIST/data/19/7_19_29.wav
14806	8	./AudioMNIST/data/53/8_53_20.wav
14807	4	./AudioMNIST/data/49/4_49_2.wav
14808	1	./AudioMNIST/data/50/1_50_26.wav
14809	5	./AudioMNIST/data/45/5_45_21.wav
14810	5	./AudioMNIST/data/26/5_26_21.wav
14811	1	./AudioMNIST/data/57/1_57_34.wav
14812	7	./AudioMNIST/data/11/7_11_30.wav
14813	7	./AudioMNIST/data/16/7_16_33.wav
14814	2	./AudioMNIST/data/03/2_03_31.wav
14815	4	./AudioMNIST/data/01/4_01_3.wav
14816	4	./AudioMNIST/data/28/4_28_43.wav
14817	0	./AudioMNIST/data/39/0_39_3.wav
14818	5	./AudioMNIST/data/38/5_38_44.wav
14819	0	./AudioMNIST/data/30/0_30_36.wav
14820	4	./AudioMNIST/data/40/4_40_30.wav
14821	0	./AudioMNIST/data/22/0_22_27.wav
14822	3	./AudioMNIST/data/43/3_43_17.wav
14823	6	./AudioMNIST/data/28/6_28_18.wav
14824	0	./AudioMNIST/data/52/0_52_5.wav
14825	9	./AudioMNIST/data/49/9_49_9.wav
14826	0	./AudioMNIST/data/33/0_33_11.wav
14827	2	./AudioMNIST/data/58/2_58_6.wav
14828	8	./AudioMNIST/data/28/8_28_36.wav
14829	0	./AudioMNIST/data/52/0_52_12.wav
14830	1	./AudioMNIST/data/04/1_04_32.wav
14831	3	./AudioMNIST/data/57/3_57_9.wav
14832	7	./AudioMNIST/data/49/7_49_44.wav
14833	7	./AudioMNIST/data/18/7_18_17.wav
14834	5	./AudioMNIST/data/56/5_56_14.wav
14835	7	./AudioMNIST/data/06/7_06_1.wav
14836	4	./AudioMNIST/data/10/4_10_1.wav
14837	7	./AudioMNIST/data/34/7_34_32.wav
14838	3	./AudioMNIST/data/31/3_31_44.wav
14839	5	./AudioMNIST/data/48/5_48_37.wav
14840	4	./AudioMNIST/data/45/4_45_33.wav
14841	5	./AudioMNIST/data/34/5_34_30.wav
14842	4	./AudioMNIST/data/22/4_22_13.wav
14843	1	./AudioMNIST/data/52/1_52_26.wav
14844	5	./AudioMNIST/data/04/5_04_31.wav
14845	5	./AudioMNIST/data/32/5_32_21.wav
14846	1	./AudioMNIST/data/16/1_16_14.wav
14847	2	./AudioMNIST/data/43/2_43_9.wav
14848	3	./AudioMNIST/data/19/3_19_49.wav
14849	4	./AudioMNIST/data/21/4_21_40.wav
14850	6	./AudioMNIST/data/58/6_58_45.wav
14851	5	./AudioMNIST/data/30/5_30_0.wav
14852	0	./AudioMNIST/data/27/0_27_5.wav
14853	3	./AudioMNIST/data/58/3_58_20.wav
14854	3	./AudioMNIST/data/25/3_25_49.wav
14855	7	./AudioMNIST/data/58/7_58_36.wav
14856	0	./AudioMNIST/data/17/0_17_40.wav
14857	6	./AudioMNIST/data/01/6_01_5.wav
14858	6	./AudioMNIST/data/10/6_10_8.wav
14859	9	./AudioMNIST/data/11/9_11_8.wav
14860	2	./AudioMNIST/data/24/2_24_4.wav
14861	7	./AudioMNIST/data/59/7_59_46.wav
14862	7	./AudioMNIST/data/38/7_38_11.wav
14863	6	./AudioMNIST/data/30/6_30_32.wav
14864	8	./AudioMNIST/data/22/8_22_0.wav
14865	9	./AudioMNIST/data/35/9_35_29.wav
14866	3	./AudioMNIST/data/38/3_38_3.wav
14867	6	./AudioMNIST/data/08/6_08_4.wav
14868	9	./AudioMNIST/data/04/9_04_20.wav
14869	6	./AudioMNIST/data/02/6_02_20.wav
14870	1	./AudioMNIST/data/27/1_27_2.wav
14871	0	./AudioMNIST/data/45/0_45_36.wav
14872	2	./AudioMNIST/data/18/2_18_30.wav
14873	6	./AudioMNIST/data/12/6_12_25.wav
14874	8	./AudioMNIST/data/22/8_22_23.wav
14875	9	./AudioMNIST/data/02/9_02_15.wav
14876	3	./AudioMNIST/data/38/3_38_24.wav
14877	0	./AudioMNIST/data/18/0_18_41.wav
14878	9	./AudioMNIST/data/18/9_18_37.wav
14879	1	./AudioMNIST/data/46/1_46_31.wav
14880	6	./AudioMNIST/data/07/6_07_30.wav
14881	4	./AudioMNIST/data/58/4_58_4.wav
14882	0	./AudioMNIST/data/23/0_23_2.wav
14883	6	./AudioMNIST/data/05/6_05_12.wav
14884	4	./AudioMNIST/data/31/4_31_33.wav
14885	6	./AudioMNIST/data/18/6_18_11.wav
14886	6	./AudioMNIST/data/58/6_58_24.wav
14887	2	./AudioMNIST/data/15/2_15_0.wav
14888	8	./AudioMNIST/data/04/8_04_2.wav
14889	7	./AudioMNIST/data/47/7_47_35.wav
14890	2	./AudioMNIST/data/46/2_46_24.wav
14891	3	./AudioMNIST/data/14/3_14_16.wav
14892	9	./AudioMNIST/data/33/9_33_12.wav
14893	6	./AudioMNIST/data/13/6_13_28.wav
14894	0	./AudioMNIST/data/30/0_30_9.wav
14895	5	./AudioMNIST/data/44/5_44_3.wav
14896	0	./AudioMNIST/data/23/0_23_19.wav
14897	5	./AudioMNIST/data/30/5_30_6.wav
14898	3	./AudioMNIST/data/52/3_52_22.wav
14899	6	./AudioMNIST/data/52/6_52_28.wav
14900	8	./AudioMNIST/data/34/8_34_10.wav
14901	0	./AudioMNIST/data/08/0_08_37.wav
14902	7	./AudioMNIST/data/45/7_45_12.wav
14903	5	./AudioMNIST/data/26/5_26_28.wav
14904	4	./AudioMNIST/data/52/4_52_0.wav
14905	9	./AudioMNIST/data/44/9_44_43.wav
14906	8	./AudioMNIST/data/32/8_32_5.wav
14907	4	./AudioMNIST/data/07/4_07_21.wav
14908	2	./AudioMNIST/data/12/2_12_12.wav
14909	1	./AudioMNIST/data/28/1_28_47.wav
14910	8	./AudioMNIST/data/46/8_46_24.wav
14911	6	./AudioMNIST/data/35/6_35_42.wav
14912	8	./AudioMNIST/data/60/8_60_17.wav
14913	2	./AudioMNIST/data/34/2_34_1.wav
14914	9	./AudioMNIST/data/44/9_44_38.wav
14915	4	./AudioMNIST/data/26/4_26_13.wav
14916	1	./AudioMNIST/data/31/1_31_47.wav
14917	6	./AudioMNIST/data/30/6_30_40.wav
14918	8	./AudioMNIST/data/26/8_26_24.wav
14919	3	./AudioMNIST/data/57/3_57_6.wav
14920	8	./AudioMNIST/data/36/8_36_37.wav
14921	5	./AudioMNIST/data/60/5_60_29.wav
14922	3	./AudioMNIST/data/19/3_19_12.wav
14923	8	./AudioMNIST/data/46/8_46_34.wav
14924	2	./AudioMNIST/data/43/2_43_11.wav
14925	9	./AudioMNIST/data/18/9_18_10.wav
14926	4	./AudioMNIST/data/21/4_21_47.wav
14927	6	./AudioMNIST/data/40/6_40_13.wav
14928	2	./AudioMNIST/data/35/2_35_32.wav
14929	5	./AudioMNIST/data/34/5_34_28.wav
14930	3	./AudioMNIST/data/25/3_25_1.wav
14931	6	./AudioMNIST/data/39/6_39_16.wav
14932	5	./AudioMNIST/data/39/5_39_0.wav
14933	9	./AudioMNIST/data/12/9_12_27.wav
14934	3	./AudioMNIST/data/48/3_48_42.wav
14935	3	./AudioMNIST/data/52/3_52_13.wav
14936	7	./AudioMNIST/data/33/7_33_21.wav
14937	1	./AudioMNIST/data/59/1_59_30.wav
14938	3	./AudioMNIST/data/14/3_14_43.wav
14939	5	./AudioMNIST/data/29/5_29_49.wav
14940	1	./AudioMNIST/data/19/1_19_3.wav
14941	5	./AudioMNIST/data/08/5_08_46.wav
14942	1	./AudioMNIST/data/39/1_39_42.wav
14943	0	./AudioMNIST/data/59/0_59_21.wav
14944	9	./AudioMNIST/data/36/9_36_6.wav
14945	9	./AudioMNIST/data/46/9_46_2.wav
14946	8	./AudioMNIST/data/36/8_36_23.wav
14947	2	./AudioMNIST/data/20/2_20_2.wav
14948	1	./AudioMNIST/data/32/1_32_16.wav
14949	0	./AudioMNIST/data/27/0_27_24.wav
14950	4	./AudioMNIST/data/01/4_01_15.wav
14951	5	./AudioMNIST/data/11/5_11_12.wav
14952	7	./AudioMNIST/data/59/7_59_32.wav
14953	8	./AudioMNIST/data/07/8_07_1.wav
14954	6	./AudioMNIST/data/16/6_16_37.wav
14955	5	./AudioMNIST/data/34/5_34_12.wav
14956	1	./AudioMNIST/data/26/1_26_1.wav
14957	2	./AudioMNIST/data/31/2_31_18.wav
14958	6	./AudioMNIST/data/35/6_35_48.wav
14959	5	./AudioMNIST/data/29/5_29_2.wav
14960	9	./AudioMNIST/data/33/9_33_27.wav
14961	1	./AudioMNIST/data/12/1_12_9.wav
14962	7	./AudioMNIST/data/03/7_03_11.wav
14963	3	./AudioMNIST/data/16/3_16_35.wav
14964	2	./AudioMNIST/data/57/2_57_39.wav
14965	0	./AudioMNIST/data/28/0_28_32.wav
14966	9	./AudioMNIST/data/50/9_50_18.wav
14967	7	./AudioMNIST/data/44/7_44_3.wav
14968	1	./AudioMNIST/data/02/1_02_25.wav
14969	6	./AudioMNIST/data/18/6_18_43.wav
14970	0	./AudioMNIST/data/45/0_45_15.wav
14971	2	./AudioMNIST/data/02/2_02_12.wav
14972	6	./AudioMNIST/data/05/6_05_24.wav
14973	8	./AudioMNIST/data/46/8_46_11.wav
14974	8	./AudioMNIST/data/33/8_33_4.wav
14975	2	./AudioMNIST/data/30/2_30_35.wav
14976	9	./AudioMNIST/data/44/9_44_2.wav
14977	2	./AudioMNIST/data/47/2_47_31.wav
14978	6	./AudioMNIST/data/21/6_21_48.wav
14979	5	./AudioMNIST/data/20/5_20_11.wav
14980	4	./AudioMNIST/data/39/4_39_31.wav
14981	3	./AudioMNIST/data/02/3_02_24.wav
14982	6	./AudioMNIST/data/20/6_20_25.wav
14983	2	./AudioMNIST/data/36/2_36_31.wav
14984	0	./AudioMNIST/data/41/0_41_1.wav
14985	8	./AudioMNIST/data/24/8_24_46.wav
14986	1	./AudioMNIST/data/58/1_58_5.wav
14987	8	./AudioMNIST/data/47/8_47_4.wav
14988	8	./AudioMNIST/data/32/8_32_39.wav
14989	9	./AudioMNIST/data/48/9_48_36.wav
14990	3	./AudioMNIST/data/14/3_14_47.wav
14991	1	./AudioMNIST/data/57/1_57_14.wav
14992	6	./AudioMNIST/data/34/6_34_15.wav
14993	7	./AudioMNIST/data/35/7_35_46.wav
14994	9	./AudioMNIST/data/04/9_04_26.wav
14995	7	./AudioMNIST/data/33/7_33_33.wav
14996	8	./AudioMNIST/data/47/8_47_44.wav
14997	0	./AudioMNIST/data/43/0_43_19.wav
14998	4	./AudioMNIST/data/49/4_49_0.wav
14999	4	./AudioMNIST/data/32/4_32_33.wav
15000	4	./AudioMNIST/data/16/4_16_37.wav
15001	1	./AudioMNIST/data/17/1_17_4.wav
15002	8	./AudioMNIST/data/28/8_28_15.wav
15003	0	./AudioMNIST/data/08/0_08_3.wav
15004	6	./AudioMNIST/data/29/6_29_48.wav
15005	2	./AudioMNIST/data/08/2_08_41.wav
15006	6	./AudioMNIST/data/25/6_25_12.wav
15007	0	./AudioMNIST/data/03/0_03_21.wav
15008	9	./AudioMNIST/data/49/9_49_36.wav
15009	7	./AudioMNIST/data/33/7_33_40.wav
15010	1	./AudioMNIST/data/14/1_14_35.wav
15011	9	./AudioMNIST/data/25/9_25_5.wav
15012	2	./AudioMNIST/data/35/2_35_43.wav
15013	1	./AudioMNIST/data/23/1_23_17.wav
15014	8	./AudioMNIST/data/57/8_57_6.wav
15015	0	./AudioMNIST/data/09/0_09_14.wav
15016	0	./AudioMNIST/data/45/0_45_0.wav
15017	8	./AudioMNIST/data/42/8_42_17.wav
15018	1	./AudioMNIST/data/42/1_42_44.wav
15019	0	./AudioMNIST/data/26/0_26_45.wav
15020	8	./AudioMNIST/data/34/8_34_23.wav
15021	4	./AudioMNIST/data/17/4_17_5.wav
15022	8	./AudioMNIST/data/16/8_16_40.wav
15023	9	./AudioMNIST/data/22/9_22_27.wav
15024	4	./AudioMNIST/data/52/4_52_37.wav
15025	9	./AudioMNIST/data/43/9_43_21.wav
15026	2	./AudioMNIST/data/58/2_58_14.wav
15027	7	./AudioMNIST/data/54/7_54_23.wav
15028	4	./AudioMNIST/data/17/4_17_40.wav
15029	1	./AudioMNIST/data/18/1_18_48.wav
15030	2	./AudioMNIST/data/60/2_60_35.wav
15031	1	./AudioMNIST/data/42/1_42_48.wav
15032	2	./AudioMNIST/data/39/2_39_4.wav
15033	6	./AudioMNIST/data/17/6_17_47.wav
15034	4	./AudioMNIST/data/60/4_60_25.wav
15035	8	./AudioMNIST/data/48/8_48_19.wav
15036	8	./AudioMNIST/data/22/8_22_11.wav
15037	3	./AudioMNIST/data/05/3_05_4.wav
15038	7	./AudioMNIST/data/13/7_13_30.wav
15039	5	./AudioMNIST/data/10/5_10_16.wav
15040	0	./AudioMNIST/data/35/0_35_13.wav
15041	0	./AudioMNIST/data/18/0_18_39.wav
15042	4	./AudioMNIST/data/29/4_29_36.wav
15043	5	./AudioMNIST/data/56/5_56_39.wav
15044	0	./AudioMNIST/data/37/0_37_19.wav
15045	8	./AudioMNIST/data/60/8_60_23.wav
15046	2	./AudioMNIST/data/54/2_54_21.wav
15047	8	./AudioMNIST/data/51/8_51_31.wav
15048	0	./AudioMNIST/data/45/0_45_34.wav
15049	3	./AudioMNIST/data/47/3_47_26.wav
15050	7	./AudioMNIST/data/31/7_31_2.wav
15051	4	./AudioMNIST/data/39/4_39_10.wav
15052	1	./AudioMNIST/data/17/1_17_9.wav
15053	8	./AudioMNIST/data/40/8_40_20.wav
15054	7	./AudioMNIST/data/37/7_37_23.wav
15055	0	./AudioMNIST/data/13/0_13_36.wav
15056	7	./AudioMNIST/data/39/7_39_40.wav
15057	7	./AudioMNIST/data/35/7_35_18.wav
15058	2	./AudioMNIST/data/40/2_40_16.wav
15059	8	./AudioMNIST/data/58/8_58_22.wav
15060	1	./AudioMNIST/data/11/1_11_41.wav
15061	9	./AudioMNIST/data/55/9_55_14.wav
15062	3	./AudioMNIST/data/03/3_03_32.wav
15063	3	./AudioMNIST/data/04/3_04_18.wav
15064	3	./AudioMNIST/data/23/3_23_41.wav
15065	9	./AudioMNIST/data/47/9_47_34.wav
15066	9	./AudioMNIST/data/17/9_17_2.wav
15067	3	./AudioMNIST/data/34/3_34_13.wav
15068	3	./AudioMNIST/data/14/3_14_24.wav
15069	6	./AudioMNIST/data/15/6_15_27.wav
15070	6	./AudioMNIST/data/06/6_06_19.wav
15071	6	./AudioMNIST/data/35/6_35_38.wav
15072	1	./AudioMNIST/data/09/1_09_44.wav
15073	0	./AudioMNIST/data/15/0_15_46.wav
15074	3	./AudioMNIST/data/52/3_52_45.wav
15075	0	./AudioMNIST/data/58/0_58_35.wav
15076	2	./AudioMNIST/data/41/2_41_8.wav
15077	2	./AudioMNIST/data/34/2_34_20.wav
15078	1	./AudioMNIST/data/58/1_58_36.wav
15079	3	./AudioMNIST/data/57/3_57_3.wav
15080	7	./AudioMNIST/data/49/7_49_24.wav
15081	3	./AudioMNIST/data/17/3_17_13.wav
15082	5	./AudioMNIST/data/16/5_16_6.wav
15083	2	./AudioMNIST/data/33/2_33_31.wav
15084	9	./AudioMNIST/data/09/9_09_29.wav
15085	7	./AudioMNIST/data/09/7_09_13.wav
15086	2	./AudioMNIST/data/52/2_52_12.wav
15087	9	./AudioMNIST/data/03/9_03_12.wav
15088	4	./AudioMNIST/data/13/4_13_5.wav
15089	7	./AudioMNIST/data/51/7_51_6.wav
15090	4	./AudioMNIST/data/05/4_05_48.wav
15091	0	./AudioMNIST/data/27/0_27_11.wav
15092	0	./AudioMNIST/data/01/0_01_8.wav
15093	4	./AudioMNIST/data/37/4_37_12.wav
15094	2	./AudioMNIST/data/46/2_46_8.wav
15095	9	./AudioMNIST/data/14/9_14_46.wav
15096	8	./AudioMNIST/data/34/8_34_42.wav
15097	8	./AudioMNIST/data/20/8_20_7.wav
15098	9	./AudioMNIST/data/29/9_29_39.wav
15099	1	./AudioMNIST/data/38/1_38_34.wav
15100	7	./AudioMNIST/data/14/7_14_10.wav
15101	8	./AudioMNIST/data/16/8_16_21.wav
15102	6	./AudioMNIST/data/42/6_42_9.wav
15103	3	./AudioMNIST/data/47/3_47_20.wav
15104	1	./AudioMNIST/data/22/1_22_13.wav
15105	8	./AudioMNIST/data/10/8_10_20.wav
15106	4	./AudioMNIST/data/10/4_10_6.wav
15107	7	./AudioMNIST/data/55/7_55_48.wav
15108	9	./AudioMNIST/data/27/9_27_45.wav
15109	1	./AudioMNIST/data/15/1_15_29.wav
15110	3	./AudioMNIST/data/57/3_57_20.wav
15111	6	./AudioMNIST/data/16/6_16_14.wav
15112	8	./AudioMNIST/data/35/8_35_45.wav
15113	6	./AudioMNIST/data/54/6_54_35.wav
15114	2	./AudioMNIST/data/53/2_53_48.wav
15115	5	./AudioMNIST/data/48/5_48_45.wav
15116	9	./AudioMNIST/data/18/9_18_49.wav
15117	4	./AudioMNIST/data/37/4_37_35.wav
15118	3	./AudioMNIST/data/15/3_15_35.wav
15119	6	./AudioMNIST/data/02/6_02_27.wav
15120	1	./AudioMNIST/data/50/1_50_39.wav
15121	0	./AudioMNIST/data/15/0_15_43.wav
15122	1	./AudioMNIST/data/41/1_41_43.wav
15123	4	./AudioMNIST/data/30/4_30_45.wav
15124	6	./AudioMNIST/data/43/6_43_26.wav
15125	4	./AudioMNIST/data/47/4_47_3.wav
15126	5	./AudioMNIST/data/27/5_27_9.wav
15127	8	./AudioMNIST/data/38/8_38_12.wav
15128	8	./AudioMNIST/data/09/8_09_9.wav
15129	8	./AudioMNIST/data/34/8_34_33.wav
15130	9	./AudioMNIST/data/25/9_25_42.wav
15131	6	./AudioMNIST/data/38/6_38_17.wav
15132	1	./AudioMNIST/data/10/1_10_14.wav
15133	5	./AudioMNIST/data/41/5_41_23.wav
15134	8	./AudioMNIST/data/42/8_42_7.wav
15135	0	./AudioMNIST/data/04/0_04_46.wav
15136	9	./AudioMNIST/data/16/9_16_19.wav
15137	8	./AudioMNIST/data/35/8_35_31.wav
15138	5	./AudioMNIST/data/22/5_22_24.wav
15139	2	./AudioMNIST/data/54/2_54_11.wav
15140	4	./AudioMNIST/data/16/4_16_45.wav
15141	3	./AudioMNIST/data/20/3_20_37.wav
15142	1	./AudioMNIST/data/35/1_35_23.wav
15143	1	./AudioMNIST/data/43/1_43_10.wav
15144	1	./AudioMNIST/data/50/1_50_16.wav
15145	5	./AudioMNIST/data/18/5_18_38.wav
15146	5	./AudioMNIST/data/50/5_50_14.wav
15147	5	./AudioMNIST/data/56/5_56_25.wav
15148	0	./AudioMNIST/data/18/0_18_44.wav
15149	7	./AudioMNIST/data/31/7_31_5.wav
15150	5	./AudioMNIST/data/54/5_54_24.wav
15151	2	./AudioMNIST/data/34/2_34_40.wav
15152	6	./AudioMNIST/data/19/6_19_47.wav
15153	2	./AudioMNIST/data/50/2_50_43.wav
15154	5	./AudioMNIST/data/16/5_16_12.wav
15155	5	./AudioMNIST/data/25/5_25_10.wav
15156	9	./AudioMNIST/data/11/9_11_6.wav
15157	2	./AudioMNIST/data/36/2_36_39.wav
15158	1	./AudioMNIST/data/24/1_24_46.wav
15159	0	./AudioMNIST/data/35/0_35_36.wav
15160	5	./AudioMNIST/data/06/5_06_8.wav
15161	9	./AudioMNIST/data/57/9_57_44.wav
15162	7	./AudioMNIST/data/49/7_49_36.wav
15163	6	./AudioMNIST/data/59/6_59_6.wav
15164	9	./AudioMNIST/data/25/9_25_11.wav
15165	8	./AudioMNIST/data/03/8_03_10.wav
15166	1	./AudioMNIST/data/21/1_21_38.wav
15167	9	./AudioMNIST/data/59/9_59_37.wav
15168	7	./AudioMNIST/data/28/7_28_17.wav
15169	0	./AudioMNIST/data/47/0_47_31.wav
15170	1	./AudioMNIST/data/37/1_37_28.wav
15171	6	./AudioMNIST/data/16/6_16_46.wav
15172	3	./AudioMNIST/data/37/3_37_20.wav
15173	1	./AudioMNIST/data/17/1_17_38.wav
15174	1	./AudioMNIST/data/20/1_20_8.wav
15175	8	./AudioMNIST/data/21/8_21_31.wav
15176	5	./AudioMNIST/data/51/5_51_33.wav
15177	6	./AudioMNIST/data/20/6_20_21.wav
15178	2	./AudioMNIST/data/37/2_37_11.wav
15179	3	./AudioMNIST/data/15/3_15_22.wav
15180	9	./AudioMNIST/data/02/9_02_45.wav
15181	6	./AudioMNIST/data/44/6_44_18.wav
15182	8	./AudioMNIST/data/19/8_19_16.wav
15183	2	./AudioMNIST/data/26/2_26_24.wav
15184	2	./AudioMNIST/data/22/2_22_41.wav
15185	5	./AudioMNIST/data/58/5_58_42.wav
15186	9	./AudioMNIST/data/08/9_08_42.wav
15187	7	./AudioMNIST/data/30/7_30_47.wav
15188	5	./AudioMNIST/data/03/5_03_6.wav
15189	9	./AudioMNIST/data/28/9_28_34.wav
15190	3	./AudioMNIST/data/28/3_28_29.wav
15191	1	./AudioMNIST/data/53/1_53_27.wav
15192	6	./AudioMNIST/data/45/6_45_23.wav
15193	3	./AudioMNIST/data/26/3_26_42.wav
15194	9	./AudioMNIST/data/53/9_53_30.wav
15195	5	./AudioMNIST/data/38/5_38_48.wav
15196	2	./AudioMNIST/data/01/2_01_29.wav
15197	9	./AudioMNIST/data/14/9_14_27.wav
15198	8	./AudioMNIST/data/27/8_27_17.wav
15199	3	./AudioMNIST/data/58/3_58_43.wav
15200	2	./AudioMNIST/data/18/2_18_44.wav
15201	1	./AudioMNIST/data/17/1_17_17.wav
15202	7	./AudioMNIST/data/27/7_27_33.wav
15203	2	./AudioMNIST/data/55/2_55_10.wav
15204	1	./AudioMNIST/data/08/1_08_42.wav
15205	4	./AudioMNIST/data/12/4_12_30.wav
15206	6	./AudioMNIST/data/29/6_29_7.wav
15207	1	./AudioMNIST/data/10/1_10_1.wav
15208	3	./AudioMNIST/data/27/3_27_31.wav
15209	7	./AudioMNIST/data/59/7_59_15.wav
15210	3	./AudioMNIST/data/54/3_54_35.wav
15211	6	./AudioMNIST/data/35/6_35_44.wav
15212	4	./AudioMNIST/data/24/4_24_6.wav
15213	7	./AudioMNIST/data/13/7_13_13.wav
15214	0	./AudioMNIST/data/46/0_46_42.wav
15215	6	./AudioMNIST/data/13/6_13_34.wav
15216	9	./AudioMNIST/data/36/9_36_26.wav
15217	9	./AudioMNIST/data/36/9_36_42.wav
15218	0	./AudioMNIST/data/10/0_10_32.wav
15219	3	./AudioMNIST/data/51/3_51_5.wav
15220	3	./AudioMNIST/data/24/3_24_29.wav
15221	5	./AudioMNIST/data/14/5_14_19.wav
15222	5	./AudioMNIST/data/49/5_49_46.wav
15223	1	./AudioMNIST/data/58/1_58_12.wav
15224	5	./AudioMNIST/data/33/5_33_19.wav
15225	0	./AudioMNIST/data/49/0_49_42.wav
15226	7	./AudioMNIST/data/20/7_20_31.wav
15227	1	./AudioMNIST/data/58/1_58_19.wav
15228	8	./AudioMNIST/data/38/8_38_8.wav
15229	6	./AudioMNIST/data/13/6_13_42.wav
15230	7	./AudioMNIST/data/26/7_26_4.wav
15231	5	./AudioMNIST/data/24/5_24_25.wav
15232	5	./AudioMNIST/data/17/5_17_29.wav
15233	2	./AudioMNIST/data/12/2_12_34.wav
15234	8	./AudioMNIST/data/37/8_37_30.wav
15235	8	./AudioMNIST/data/07/8_07_48.wav
15236	7	./AudioMNIST/data/51/7_51_39.wav
15237	7	./AudioMNIST/data/19/7_19_49.wav
15238	7	./AudioMNIST/data/08/7_08_34.wav
15239	6	./AudioMNIST/data/55/6_55_7.wav
15240	4	./AudioMNIST/data/56/4_56_28.wav
15241	6	./AudioMNIST/data/22/6_22_2.wav
15242	0	./AudioMNIST/data/42/0_42_17.wav
15243	4	./AudioMNIST/data/06/4_06_5.wav
15244	6	./AudioMNIST/data/22/6_22_11.wav
15245	6	./AudioMNIST/data/20/6_20_26.wav
15246	1	./AudioMNIST/data/23/1_23_46.wav
15247	8	./AudioMNIST/data/16/8_16_31.wav
15248	4	./AudioMNIST/data/22/4_22_16.wav
15249	3	./AudioMNIST/data/11/3_11_4.wav
15250	6	./AudioMNIST/data/01/6_01_12.wav
15251	4	./AudioMNIST/data/01/4_01_12.wav
15252	7	./AudioMNIST/data/29/7_29_41.wav
15253	9	./AudioMNIST/data/26/9_26_46.wav
15254	0	./AudioMNIST/data/54/0_54_30.wav
15255	6	./AudioMNIST/data/47/6_47_21.wav
15256	4	./AudioMNIST/data/59/4_59_24.wav
15257	9	./AudioMNIST/data/55/9_55_37.wav
15258	0	./AudioMNIST/data/59/0_59_25.wav
15259	4	./AudioMNIST/data/32/4_32_29.wav
15260	3	./AudioMNIST/data/17/3_17_27.wav
15261	3	./AudioMNIST/data/04/3_04_35.wav
15262	9	./AudioMNIST/data/46/9_46_23.wav
15263	9	./AudioMNIST/data/12/9_12_18.wav
15264	0	./AudioMNIST/data/24/0_24_26.wav
15265	8	./AudioMNIST/data/33/8_33_41.wav
15266	1	./AudioMNIST/data/34/1_34_18.wav
15267	0	./AudioMNIST/data/53/0_53_42.wav
15268	1	./AudioMNIST/data/27/1_27_19.wav
15269	7	./AudioMNIST/data/15/7_15_23.wav
15270	6	./AudioMNIST/data/22/6_22_20.wav
15271	8	./AudioMNIST/data/31/8_31_41.wav
15272	5	./AudioMNIST/data/12/5_12_44.wav
15273	1	./AudioMNIST/data/59/1_59_18.wav
15274	7	./AudioMNIST/data/55/7_55_9.wav
15275	1	./AudioMNIST/data/54/1_54_49.wav
15276	3	./AudioMNIST/data/50/3_50_37.wav
15277	4	./AudioMNIST/data/07/4_07_48.wav
15278	1	./AudioMNIST/data/26/1_26_13.wav
15279	1	./AudioMNIST/data/32/1_32_29.wav
15280	1	./AudioMNIST/data/03/1_03_18.wav
15281	7	./AudioMNIST/data/02/7_02_41.wav
15282	3	./AudioMNIST/data/60/3_60_6.wav
15283	8	./AudioMNIST/data/27/8_27_2.wav
15284	0	./AudioMNIST/data/60/0_60_1.wav
15285	8	./AudioMNIST/data/54/8_54_19.wav
15286	6	./AudioMNIST/data/12/6_12_29.wav
15287	4	./AudioMNIST/data/30/4_30_28.wav
15288	9	./AudioMNIST/data/42/9_42_38.wav
15289	1	./AudioMNIST/data/49/1_49_12.wav
15290	9	./AudioMNIST/data/47/9_47_1.wav
15291	5	./AudioMNIST/data/08/5_08_25.wav
15292	0	./AudioMNIST/data/45/0_45_3.wav
15293	7	./AudioMNIST/data/40/7_40_3.wav
15294	9	./AudioMNIST/data/43/9_43_22.wav
15295	8	./AudioMNIST/data/24/8_24_29.wav
15296	0	./AudioMNIST/data/04/0_04_44.wav
15297	1	./AudioMNIST/data/21/1_21_15.wav
15298	8	./AudioMNIST/data/38/8_38_23.wav
15299	4	./AudioMNIST/data/06/4_06_38.wav
15300	6	./AudioMNIST/data/44/6_44_30.wav
15301	8	./AudioMNIST/data/56/8_56_23.wav
15302	6	./AudioMNIST/data/15/6_15_29.wav
15303	6	./AudioMNIST/data/17/6_17_48.wav
15304	1	./AudioMNIST/data/11/1_11_23.wav
15305	1	./AudioMNIST/data/31/1_31_9.wav
15306	6	./AudioMNIST/data/53/6_53_15.wav
15307	0	./AudioMNIST/data/44/0_44_26.wav
15308	5	./AudioMNIST/data/60/5_60_15.wav
15309	8	./AudioMNIST/data/30/8_30_27.wav
15310	5	./AudioMNIST/data/35/5_35_35.wav
15311	4	./AudioMNIST/data/43/4_43_9.wav
15312	1	./AudioMNIST/data/36/1_36_1.wav
15313	0	./AudioMNIST/data/03/0_03_19.wav
15314	4	./AudioMNIST/data/37/4_37_26.wav
15315	2	./AudioMNIST/data/18/2_18_7.wav
15316	8	./AudioMNIST/data/40/8_40_36.wav
15317	6	./AudioMNIST/data/30/6_30_1.wav
15318	0	./AudioMNIST/data/51/0_51_22.wav
15319	8	./AudioMNIST/data/48/8_48_30.wav
15320	4	./AudioMNIST/data/60/4_60_14.wav
15321	1	./AudioMNIST/data/20/1_20_26.wav
15322	5	./AudioMNIST/data/22/5_22_2.wav
15323	0	./AudioMNIST/data/44/0_44_18.wav
15324	9	./AudioMNIST/data/28/9_28_0.wav
15325	4	./AudioMNIST/data/48/4_48_30.wav
15326	0	./AudioMNIST/data/17/0_17_8.wav
15327	3	./AudioMNIST/data/21/3_21_40.wav
15328	1	./AudioMNIST/data/01/1_01_28.wav
15329	8	./AudioMNIST/data/27/8_27_23.wav
15330	6	./AudioMNIST/data/17/6_17_33.wav
15331	6	./AudioMNIST/data/48/6_48_45.wav
15332	0	./AudioMNIST/data/05/0_05_45.wav
15333	0	./AudioMNIST/data/16/0_16_3.wav
15334	2	./AudioMNIST/data/47/2_47_8.wav
15335	1	./AudioMNIST/data/06/1_06_39.wav
15336	7	./AudioMNIST/data/26/7_26_0.wav
15337	9	./AudioMNIST/data/18/9_18_8.wav
15338	9	./AudioMNIST/data/59/9_59_24.wav
15339	0	./AudioMNIST/data/01/0_01_44.wav
15340	3	./AudioMNIST/data/24/3_24_43.wav
15341	0	./AudioMNIST/data/04/0_04_47.wav
15342	5	./AudioMNIST/data/28/5_28_22.wav
15343	2	./AudioMNIST/data/54/2_54_2.wav
15344	6	./AudioMNIST/data/50/6_50_35.wav
15345	9	./AudioMNIST/data/53/9_53_4.wav
15346	3	./AudioMNIST/data/05/3_05_15.wav
15347	6	./AudioMNIST/data/10/6_10_5.wav
15348	5	./AudioMNIST/data/15/5_15_42.wav
15349	9	./AudioMNIST/data/35/9_35_10.wav
15350	9	./AudioMNIST/data/23/9_23_10.wav
15351	7	./AudioMNIST/data/16/7_16_44.wav
15352	4	./AudioMNIST/data/30/4_30_41.wav
15353	5	./AudioMNIST/data/41/5_41_2.wav
15354	9	./AudioMNIST/data/24/9_24_38.wav
15355	9	./AudioMNIST/data/23/9_23_1.wav
15356	2	./AudioMNIST/data/25/2_25_2.wav
15357	6	./AudioMNIST/data/09/6_09_16.wav
15358	2	./AudioMNIST/data/34/2_34_18.wav
15359	6	./AudioMNIST/data/52/6_52_7.wav
15360	6	./AudioMNIST/data/46/6_46_3.wav
15361	5	./AudioMNIST/data/54/5_54_44.wav
15362	6	./AudioMNIST/data/27/6_27_9.wav
15363	8	./AudioMNIST/data/07/8_07_19.wav
15364	4	./AudioMNIST/data/14/4_14_12.wav
15365	3	./AudioMNIST/data/45/3_45_34.wav
15366	0	./AudioMNIST/data/53/0_53_15.wav
15367	2	./AudioMNIST/data/27/2_27_12.wav
15368	0	./AudioMNIST/data/48/0_48_11.wav
15369	2	./AudioMNIST/data/29/2_29_28.wav
15370	0	./AudioMNIST/data/13/0_13_33.wav
15371	0	./AudioMNIST/data/56/0_56_5.wav
15372	5	./AudioMNIST/data/55/5_55_37.wav
15373	0	./AudioMNIST/data/47/0_47_16.wav
15374	3	./AudioMNIST/data/51/3_51_10.wav
15375	7	./AudioMNIST/data/42/7_42_40.wav
15376	0	./AudioMNIST/data/02/0_02_1.wav
15377	0	./AudioMNIST/data/43/0_43_8.wav
15378	9	./AudioMNIST/data/25/9_25_43.wav
15379	2	./AudioMNIST/data/46/2_46_15.wav
15380	8	./AudioMNIST/data/45/8_45_32.wav
15381	4	./AudioMNIST/data/15/4_15_0.wav
15382	4	./AudioMNIST/data/34/4_34_44.wav
15383	2	./AudioMNIST/data/34/2_34_46.wav
15384	9	./AudioMNIST/data/15/9_15_46.wav
15385	3	./AudioMNIST/data/29/3_29_46.wav
15386	0	./AudioMNIST/data/44/0_44_45.wav
15387	2	./AudioMNIST/data/01/2_01_11.wav
15388	0	./AudioMNIST/data/21/0_21_37.wav
15389	5	./AudioMNIST/data/47/5_47_40.wav
15390	6	./AudioMNIST/data/36/6_36_32.wav
15391	5	./AudioMNIST/data/50/5_50_34.wav
15392	5	./AudioMNIST/data/44/5_44_12.wav
15393	9	./AudioMNIST/data/43/9_43_41.wav
15394	8	./AudioMNIST/data/21/8_21_42.wav
15395	3	./AudioMNIST/data/11/3_11_11.wav
15396	3	./AudioMNIST/data/39/3_39_30.wav
15397	8	./AudioMNIST/data/14/8_14_44.wav
15398	8	./AudioMNIST/data/15/8_15_15.wav
15399	0	./AudioMNIST/data/20/0_20_21.wav
15400	5	./AudioMNIST/data/24/5_24_28.wav
15401	5	./AudioMNIST/data/54/5_54_26.wav
15402	1	./AudioMNIST/data/35/1_35_36.wav
15403	9	./AudioMNIST/data/28/9_28_32.wav
15404	0	./AudioMNIST/data/47/0_47_6.wav
15405	6	./AudioMNIST/data/60/6_60_3.wav
15406	0	./AudioMNIST/data/01/0_01_13.wav
15407	1	./AudioMNIST/data/42/1_42_25.wav
15408	5	./AudioMNIST/data/13/5_13_8.wav
15409	0	./AudioMNIST/data/55/0_55_36.wav
15410	7	./AudioMNIST/data/42/7_42_1.wav
15411	2	./AudioMNIST/data/34/2_34_26.wav
15412	6	./AudioMNIST/data/01/6_01_4.wav
15413	0	./AudioMNIST/data/41/0_41_17.wav
15414	9	./AudioMNIST/data/20/9_20_6.wav
15415	2	./AudioMNIST/data/37/2_37_30.wav
15416	5	./AudioMNIST/data/59/5_59_32.wav
15417	9	./AudioMNIST/data/04/9_04_5.wav
15418	8	./AudioMNIST/data/31/8_31_15.wav
15419	4	./AudioMNIST/data/59/4_59_41.wav
15420	9	./AudioMNIST/data/01/9_01_45.wav
15421	2	./AudioMNIST/data/41/2_41_49.wav
15422	2	./AudioMNIST/data/31/2_31_44.wav
15423	9	./AudioMNIST/data/45/9_45_32.wav
15424	4	./AudioMNIST/data/24/4_24_16.wav
15425	6	./AudioMNIST/data/26/6_26_20.wav
15426	6	./AudioMNIST/data/28/6_28_32.wav
15427	0	./AudioMNIST/data/60/0_60_39.wav
15428	0	./AudioMNIST/data/20/0_20_15.wav
15429	3	./AudioMNIST/data/22/3_22_12.wav
15430	0	./AudioMNIST/data/02/0_02_19.wav
15431	9	./AudioMNIST/data/08/9_08_25.wav
15432	7	./AudioMNIST/data/25/7_25_11.wav
15433	8	./AudioMNIST/data/30/8_30_35.wav
15434	8	./AudioMNIST/data/06/8_06_20.wav
15435	0	./AudioMNIST/data/24/0_24_44.wav
15436	2	./AudioMNIST/data/51/2_51_28.wav
15437	2	./AudioMNIST/data/05/2_05_20.wav
15438	0	./AudioMNIST/data/12/0_12_47.wav
15439	7	./AudioMNIST/data/40/7_40_6.wav
15440	1	./AudioMNIST/data/30/1_30_3.wav
15441	6	./AudioMNIST/data/25/6_25_18.wav
15442	6	./AudioMNIST/data/12/6_12_4.wav
15443	5	./AudioMNIST/data/44/5_44_2.wav
15444	3	./AudioMNIST/data/26/3_26_20.wav
15445	7	./AudioMNIST/data/05/7_05_36.wav
15446	7	./AudioMNIST/data/35/7_35_6.wav
15447	8	./AudioMNIST/data/20/8_20_22.wav
15448	7	./AudioMNIST/data/23/7_23_4.wav
15449	6	./AudioMNIST/data/01/6_01_18.wav
15450	6	./AudioMNIST/data/54/6_54_0.wav
15451	7	./AudioMNIST/data/40/7_40_30.wav
15452	0	./AudioMNIST/data/34/0_34_46.wav
15453	7	./AudioMNIST/data/56/7_56_41.wav
15454	4	./AudioMNIST/data/40/4_40_24.wav
15455	3	./AudioMNIST/data/16/3_16_34.wav
15456	0	./AudioMNIST/data/20/0_20_47.wav
15457	8	./AudioMNIST/data/56/8_56_5.wav
15458	0	./AudioMNIST/data/36/0_36_2.wav
15459	8	./AudioMNIST/data/52/8_52_0.wav
15460	7	./AudioMNIST/data/27/7_27_46.wav
15461	6	./AudioMNIST/data/17/6_17_13.wav
15462	1	./AudioMNIST/data/22/1_22_35.wav
15463	6	./AudioMNIST/data/03/6_03_34.wav
15464	1	./AudioMNIST/data/33/1_33_1.wav
15465	2	./AudioMNIST/data/07/2_07_8.wav
15466	8	./AudioMNIST/data/36/8_36_1.wav
15467	5	./AudioMNIST/data/20/5_20_2.wav
15468	6	./AudioMNIST/data/04/6_04_14.wav
15469	7	./AudioMNIST/data/24/7_24_47.wav
15470	0	./AudioMNIST/data/28/0_28_39.wav
15471	1	./AudioMNIST/data/30/1_30_34.wav
15472	7	./AudioMNIST/data/17/7_17_19.wav
15473	9	./AudioMNIST/data/26/9_26_25.wav
15474	1	./AudioMNIST/data/27/1_27_44.wav
15475	5	./AudioMNIST/data/01/5_01_41.wav
15476	0	./AudioMNIST/data/33/0_33_14.wav
15477	2	./AudioMNIST/data/17/2_17_28.wav
15478	2	./AudioMNIST/data/44/2_44_3.wav
15479	8	./AudioMNIST/data/49/8_49_44.wav
15480	4	./AudioMNIST/data/08/4_08_45.wav
15481	5	./AudioMNIST/data/40/5_40_49.wav
15482	0	./AudioMNIST/data/51/0_51_17.wav
15483	9	./AudioMNIST/data/37/9_37_9.wav
15484	3	./AudioMNIST/data/35/3_35_2.wav
15485	8	./AudioMNIST/data/34/8_34_29.wav
15486	3	./AudioMNIST/data/32/3_32_11.wav
15487	5	./AudioMNIST/data/50/5_50_31.wav
15488	4	./AudioMNIST/data/44/4_44_6.wav
15489	0	./AudioMNIST/data/51/0_51_1.wav
15490	6	./AudioMNIST/data/48/6_48_1.wav
15491	4	./AudioMNIST/data/44/4_44_37.wav
15492	2	./AudioMNIST/data/25/2_25_43.wav
15493	4	./AudioMNIST/data/02/4_02_49.wav
15494	2	./AudioMNIST/data/23/2_23_36.wav
15495	7	./AudioMNIST/data/59/7_59_12.wav
15496	2	./AudioMNIST/data/35/2_35_12.wav
15497	9	./AudioMNIST/data/01/9_01_38.wav
15498	6	./AudioMNIST/data/31/6_31_36.wav
15499	0	./AudioMNIST/data/57/0_57_49.wav
15500	2	./AudioMNIST/data/37/2_37_41.wav
15501	6	./AudioMNIST/data/11/6_11_40.wav
15502	3	./AudioMNIST/data/32/3_32_35.wav
15503	5	./AudioMNIST/data/32/5_32_31.wav
15504	0	./AudioMNIST/data/05/0_05_3.wav
15505	7	./AudioMNIST/data/04/7_04_45.wav
15506	3	./AudioMNIST/data/02/3_02_26.wav
15507	9	./AudioMNIST/data/09/9_09_28.wav
15508	1	./AudioMNIST/data/18/1_18_20.wav
15509	9	./AudioMNIST/data/07/9_07_36.wav
15510	9	./AudioMNIST/data/52/9_52_17.wav
15511	9	./AudioMNIST/data/19/9_19_10.wav
15512	9	./AudioMNIST/data/29/9_29_41.wav
15513	8	./AudioMNIST/data/24/8_24_36.wav
15514	7	./AudioMNIST/data/51/7_51_25.wav
15515	5	./AudioMNIST/data/52/5_52_34.wav
15516	8	./AudioMNIST/data/31/8_31_13.wav
15517	3	./AudioMNIST/data/08/3_08_49.wav
15518	6	./AudioMNIST/data/47/6_47_40.wav
15519	9	./AudioMNIST/data/46/9_46_28.wav
15520	8	./AudioMNIST/data/03/8_03_21.wav
15521	1	./AudioMNIST/data/55/1_55_26.wav
15522	6	./AudioMNIST/data/18/6_18_40.wav
15523	7	./AudioMNIST/data/37/7_37_2.wav
15524	0	./AudioMNIST/data/59/0_59_13.wav
15525	6	./AudioMNIST/data/12/6_12_18.wav
15526	4	./AudioMNIST/data/60/4_60_18.wav
15527	3	./AudioMNIST/data/11/3_11_47.wav
15528	6	./AudioMNIST/data/60/6_60_7.wav
15529	6	./AudioMNIST/data/16/6_16_11.wav
15530	9	./AudioMNIST/data/14/9_14_41.wav
15531	4	./AudioMNIST/data/49/4_49_3.wav
15532	9	./AudioMNIST/data/38/9_38_12.wav
15533	5	./AudioMNIST/data/13/5_13_10.wav
15534	0	./AudioMNIST/data/24/0_24_17.wav
15535	1	./AudioMNIST/data/01/1_01_39.wav
15536	9	./AudioMNIST/data/33/9_33_1.wav
15537	1	./AudioMNIST/data/06/1_06_23.wav
15538	6	./AudioMNIST/data/49/6_49_46.wav
15539	2	./AudioMNIST/data/13/2_13_6.wav
15540	0	./AudioMNIST/data/19/0_19_14.wav
15541	7	./AudioMNIST/data/39/7_39_36.wav
15542	5	./AudioMNIST/data/26/5_26_42.wav
15543	3	./AudioMNIST/data/09/3_09_45.wav
15544	7	./AudioMNIST/data/14/7_14_29.wav
15545	0	./AudioMNIST/data/52/0_52_44.wav
15546	2	./AudioMNIST/data/22/2_22_4.wav
15547	8	./AudioMNIST/data/50/8_50_6.wav
15548	3	./AudioMNIST/data/51/3_51_14.wav
15549	1	./AudioMNIST/data/09/1_09_11.wav
15550	4	./AudioMNIST/data/26/4_26_8.wav
15551	8	./AudioMNIST/data/54/8_54_10.wav
15552	6	./AudioMNIST/data/02/6_02_8.wav
15553	2	./AudioMNIST/data/34/2_34_38.wav
15554	6	./AudioMNIST/data/43/6_43_40.wav
15555	0	./AudioMNIST/data/21/0_21_21.wav
15556	8	./AudioMNIST/data/11/8_11_32.wav
15557	9	./AudioMNIST/data/20/9_20_30.wav
15558	2	./AudioMNIST/data/08/2_08_26.wav
15559	0	./AudioMNIST/data/14/0_14_39.wav
15560	3	./AudioMNIST/data/05/3_05_14.wav
15561	3	./AudioMNIST/data/39/3_39_41.wav
15562	0	./AudioMNIST/data/51/0_51_23.wav
15563	5	./AudioMNIST/data/49/5_49_17.wav
15564	1	./AudioMNIST/data/18/1_18_30.wav
15565	5	./AudioMNIST/data/59/5_59_31.wav
15566	1	./AudioMNIST/data/16/1_16_43.wav
15567	6	./AudioMNIST/data/24/6_24_22.wav
15568	7	./AudioMNIST/data/01/7_01_31.wav
15569	4	./AudioMNIST/data/44/4_44_15.wav
15570	6	./AudioMNIST/data/59/6_59_42.wav
15571	1	./AudioMNIST/data/16/1_16_35.wav
15572	1	./AudioMNIST/data/18/1_18_9.wav
15573	7	./AudioMNIST/data/26/7_26_20.wav
15574	5	./AudioMNIST/data/13/5_13_5.wav
15575	4	./AudioMNIST/data/50/4_50_29.wav
15576	5	./AudioMNIST/data/39/5_39_35.wav
15577	8	./AudioMNIST/data/23/8_23_46.wav
15578	9	./AudioMNIST/data/57/9_57_10.wav
15579	7	./AudioMNIST/data/16/7_16_13.wav
15580	9	./AudioMNIST/data/16/9_16_1.wav
15581	5	./AudioMNIST/data/10/5_10_49.wav
15582	2	./AudioMNIST/data/21/2_21_3.wav
15583	5	./AudioMNIST/data/13/5_13_24.wav
15584	3	./AudioMNIST/data/57/3_57_18.wav
15585	7	./AudioMNIST/data/02/7_02_37.wav
15586	2	./AudioMNIST/data/32/2_32_47.wav
15587	4	./AudioMNIST/data/14/4_14_6.wav
15588	1	./AudioMNIST/data/10/1_10_24.wav
15589	5	./AudioMNIST/data/42/5_42_24.wav
15590	2	./AudioMNIST/data/05/2_05_26.wav
15591	8	./AudioMNIST/data/53/8_53_14.wav
15592	4	./AudioMNIST/data/57/4_57_1.wav
15593	0	./AudioMNIST/data/45/0_45_46.wav
15594	5	./AudioMNIST/data/19/5_19_37.wav
15595	7	./AudioMNIST/data/13/7_13_43.wav
15596	8	./AudioMNIST/data/53/8_53_47.wav
15597	2	./AudioMNIST/data/50/2_50_49.wav
15598	1	./AudioMNIST/data/25/1_25_3.wav
15599	5	./AudioMNIST/data/57/5_57_21.wav
15600	1	./AudioMNIST/data/50/1_50_32.wav
15601	3	./AudioMNIST/data/50/3_50_3.wav
15602	1	./AudioMNIST/data/31/1_31_1.wav
15603	1	./AudioMNIST/data/19/1_19_6.wav
15604	1	./AudioMNIST/data/41/1_41_5.wav
15605	6	./AudioMNIST/data/39/6_39_44.wav
15606	7	./AudioMNIST/data/35/7_35_7.wav
15607	9	./AudioMNIST/data/31/9_31_43.wav
15608	5	./AudioMNIST/data/30/5_30_30.wav
15609	8	./AudioMNIST/data/59/8_59_26.wav
15610	3	./AudioMNIST/data/38/3_38_17.wav
15611	4	./AudioMNIST/data/38/4_38_14.wav
15612	4	./AudioMNIST/data/36/4_36_16.wav
15613	8	./AudioMNIST/data/42/8_42_4.wav
15614	5	./AudioMNIST/data/05/5_05_15.wav
15615	0	./AudioMNIST/data/38/0_38_27.wav
15616	0	./AudioMNIST/data/04/0_04_45.wav
15617	8	./AudioMNIST/data/55/8_55_18.wav
15618	1	./AudioMNIST/data/37/1_37_17.wav
15619	5	./AudioMNIST/data/48/5_48_41.wav
15620	0	./AudioMNIST/data/11/0_11_15.wav
15621	6	./AudioMNIST/data/26/6_26_34.wav
15622	7	./AudioMNIST/data/52/7_52_5.wav
15623	0	./AudioMNIST/data/16/0_16_24.wav
15624	9	./AudioMNIST/data/05/9_05_36.wav
15625	1	./AudioMNIST/data/08/1_08_44.wav
15626	2	./AudioMNIST/data/28/2_28_5.wav
15627	2	./AudioMNIST/data/29/2_29_7.wav
15628	8	./AudioMNIST/data/48/8_48_37.wav
15629	3	./AudioMNIST/data/11/3_11_40.wav
15630	6	./AudioMNIST/data/26/6_26_39.wav
15631	0	./AudioMNIST/data/51/0_51_37.wav
15632	2	./AudioMNIST/data/11/2_11_34.wav
15633	6	./AudioMNIST/data/02/6_02_3.wav
15634	9	./AudioMNIST/data/27/9_27_41.wav
15635	6	./AudioMNIST/data/06/6_06_15.wav
15636	4	./AudioMNIST/data/46/4_46_33.wav
15637	7	./AudioMNIST/data/26/7_26_19.wav
15638	9	./AudioMNIST/data/45/9_45_6.wav
15639	9	./AudioMNIST/data/08/9_08_18.wav
15640	1	./AudioMNIST/data/57/1_57_4.wav
15641	7	./AudioMNIST/data/54/7_54_13.wav
15642	7	./AudioMNIST/data/50/7_50_41.wav
15643	3	./AudioMNIST/data/31/3_31_36.wav
15644	1	./AudioMNIST/data/44/1_44_46.wav
15645	8	./AudioMNIST/data/08/8_08_20.wav
15646	9	./AudioMNIST/data/36/9_36_43.wav
15647	8	./AudioMNIST/data/46/8_46_14.wav
15648	8	./AudioMNIST/data/37/8_37_25.wav
15649	2	./AudioMNIST/data/30/2_30_47.wav
15650	8	./AudioMNIST/data/23/8_23_3.wav
15651	7	./AudioMNIST/data/18/7_18_14.wav
15652	0	./AudioMNIST/data/28/0_28_13.wav
15653	3	./AudioMNIST/data/52/3_52_38.wav
15654	7	./AudioMNIST/data/33/7_33_38.wav
15655	1	./AudioMNIST/data/23/1_23_26.wav
15656	9	./AudioMNIST/data/54/9_54_2.wav
15657	2	./AudioMNIST/data/41/2_41_9.wav
15658	6	./AudioMNIST/data/19/6_19_46.wav
15659	4	./AudioMNIST/data/23/4_23_9.wav
15660	3	./AudioMNIST/data/16/3_16_4.wav
15661	6	./AudioMNIST/data/12/6_12_43.wav
15662	6	./AudioMNIST/data/47/6_47_19.wav
15663	9	./AudioMNIST/data/39/9_39_38.wav
15664	9	./AudioMNIST/data/02/9_02_38.wav
15665	8	./AudioMNIST/data/42/8_42_34.wav
15666	0	./AudioMNIST/data/38/0_38_28.wav
15667	8	./AudioMNIST/data/05/8_05_44.wav
15668	9	./AudioMNIST/data/38/9_38_41.wav
15669	3	./AudioMNIST/data/59/3_59_26.wav
15670	0	./AudioMNIST/data/54/0_54_21.wav
15671	6	./AudioMNIST/data/21/6_21_6.wav
15672	4	./AudioMNIST/data/26/4_26_41.wav
15673	2	./AudioMNIST/data/30/2_30_37.wav
15674	8	./AudioMNIST/data/59/8_59_32.wav
15675	9	./AudioMNIST/data/25/9_25_36.wav
15676	4	./AudioMNIST/data/11/4_11_0.wav
15677	9	./AudioMNIST/data/20/9_20_42.wav
15678	9	./AudioMNIST/data/56/9_56_38.wav
15679	5	./AudioMNIST/data/24/5_24_10.wav
15680	6	./AudioMNIST/data/57/6_57_47.wav
15681	1	./AudioMNIST/data/47/1_47_45.wav
15682	0	./AudioMNIST/data/32/0_32_20.wav
15683	7	./AudioMNIST/data/60/7_60_28.wav
15684	4	./AudioMNIST/data/23/4_23_3.wav
15685	4	./AudioMNIST/data/36/4_36_18.wav
15686	1	./AudioMNIST/data/60/1_60_28.wav
15687	4	./AudioMNIST/data/48/4_48_28.wav
15688	6	./AudioMNIST/data/45/6_45_5.wav
15689	3	./AudioMNIST/data/58/3_58_27.wav
15690	3	./AudioMNIST/data/52/3_52_3.wav
15691	7	./AudioMNIST/data/38/7_38_7.wav
15692	4	./AudioMNIST/data/29/4_29_22.wav
15693	8	./AudioMNIST/data/29/8_29_0.wav
15694	7	./AudioMNIST/data/02/7_02_7.wav
15695	2	./AudioMNIST/data/49/2_49_48.wav
15696	0	./AudioMNIST/data/06/0_06_24.wav
15697	2	./AudioMNIST/data/45/2_45_13.wav
15698	5	./AudioMNIST/data/60/5_60_13.wav
15699	3	./AudioMNIST/data/03/3_03_44.wav
15700	3	./AudioMNIST/data/39/3_39_40.wav
15701	3	./AudioMNIST/data/32/3_32_1.wav
15702	1	./AudioMNIST/data/35/1_35_39.wav
15703	4	./AudioMNIST/data/06/4_06_16.wav
15704	6	./AudioMNIST/data/56/6_56_10.wav
15705	8	./AudioMNIST/data/39/8_39_18.wav
15706	7	./AudioMNIST/data/40/7_40_8.wav
15707	5	./AudioMNIST/data/45/5_45_10.wav
15708	1	./AudioMNIST/data/28/1_28_12.wav
15709	2	./AudioMNIST/data/19/2_19_14.wav
15710	3	./AudioMNIST/data/39/3_39_9.wav
15711	0	./AudioMNIST/data/58/0_58_28.wav
15712	4	./AudioMNIST/data/05/4_05_5.wav
15713	5	./AudioMNIST/data/47/5_47_9.wav
15714	6	./AudioMNIST/data/39/6_39_19.wav
15715	4	./AudioMNIST/data/28/4_28_39.wav
15716	6	./AudioMNIST/data/52/6_52_8.wav
15717	9	./AudioMNIST/data/35/9_35_8.wav
15718	2	./AudioMNIST/data/41/2_41_6.wav
15719	0	./AudioMNIST/data/08/0_08_5.wav
15720	9	./AudioMNIST/data/36/9_36_0.wav
15721	2	./AudioMNIST/data/08/2_08_49.wav
15722	2	./AudioMNIST/data/24/2_24_43.wav
15723	3	./AudioMNIST/data/19/3_19_8.wav
15724	8	./AudioMNIST/data/20/8_20_24.wav
15725	5	./AudioMNIST/data/11/5_11_32.wav
15726	3	./AudioMNIST/data/54/3_54_44.wav
15727	1	./AudioMNIST/data/33/1_33_16.wav
15728	8	./AudioMNIST/data/09/8_09_5.wav
15729	3	./AudioMNIST/data/05/3_05_27.wav
15730	9	./AudioMNIST/data/59/9_59_46.wav
15731	4	./AudioMNIST/data/14/4_14_2.wav
15732	2	./AudioMNIST/data/35/2_35_29.wav
15733	4	./AudioMNIST/data/49/4_49_8.wav
15734	3	./AudioMNIST/data/19/3_19_38.wav
15735	0	./AudioMNIST/data/18/0_18_32.wav
15736	2	./AudioMNIST/data/43/2_43_37.wav
15737	4	./AudioMNIST/data/56/4_56_5.wav
15738	0	./AudioMNIST/data/57/0_57_40.wav
15739	6	./AudioMNIST/data/35/6_35_18.wav
15740	0	./AudioMNIST/data/35/0_35_41.wav
15741	4	./AudioMNIST/data/18/4_18_6.wav
15742	7	./AudioMNIST/data/33/7_33_26.wav
15743	1	./AudioMNIST/data/19/1_19_28.wav
15744	9	./AudioMNIST/data/50/9_50_12.wav
15745	2	./AudioMNIST/data/49/2_49_13.wav
15746	9	./AudioMNIST/data/05/9_05_35.wav
15747	4	./AudioMNIST/data/02/4_02_9.wav
15748	8	./AudioMNIST/data/59/8_59_7.wav
15749	3	./AudioMNIST/data/54/3_54_10.wav
15750	6	./AudioMNIST/data/13/6_13_22.wav
15751	0	./AudioMNIST/data/46/0_46_45.wav
15752	5	./AudioMNIST/data/16/5_16_21.wav
15753	7	./AudioMNIST/data/44/7_44_35.wav
15754	6	./AudioMNIST/data/21/6_21_13.wav
15755	5	./AudioMNIST/data/39/5_39_23.wav
15756	4	./AudioMNIST/data/56/4_56_47.wav
15757	9	./AudioMNIST/data/59/9_59_36.wav
15758	5	./AudioMNIST/data/45/5_45_43.wav
15759	7	./AudioMNIST/data/24/7_24_23.wav
15760	2	./AudioMNIST/data/40/2_40_10.wav
15761	4	./AudioMNIST/data/49/4_49_45.wav
15762	0	./AudioMNIST/data/17/0_17_3.wav
15763	6	./AudioMNIST/data/25/6_25_21.wav
15764	7	./AudioMNIST/data/41/7_41_26.wav
15765	7	./AudioMNIST/data/02/7_02_22.wav
15766	6	./AudioMNIST/data/25/6_25_4.wav
15767	5	./AudioMNIST/data/32/5_32_48.wav
15768	2	./AudioMNIST/data/42/2_42_22.wav
15769	0	./AudioMNIST/data/58/0_58_31.wav
15770	8	./AudioMNIST/data/26/8_26_48.wav
15771	6	./AudioMNIST/data/29/6_29_12.wav
15772	0	./AudioMNIST/data/38/0_38_24.wav
15773	3	./AudioMNIST/data/23/3_23_44.wav
15774	0	./AudioMNIST/data/24/0_24_31.wav
15775	7	./AudioMNIST/data/21/7_21_40.wav
15776	8	./AudioMNIST/data/28/8_28_6.wav
15777	4	./AudioMNIST/data/41/4_41_23.wav
15778	8	./AudioMNIST/data/57/8_57_18.wav
15779	8	./AudioMNIST/data/55/8_55_19.wav
15780	2	./AudioMNIST/data/41/2_41_19.wav
15781	3	./AudioMNIST/data/19/3_19_18.wav
15782	6	./AudioMNIST/data/58/6_58_43.wav
15783	8	./AudioMNIST/data/47/8_47_12.wav
15784	1	./AudioMNIST/data/24/1_24_48.wav
15785	8	./AudioMNIST/data/13/8_13_45.wav
15786	4	./AudioMNIST/data/27/4_27_8.wav
15787	3	./AudioMNIST/data/47/3_47_3.wav
15788	8	./AudioMNIST/data/20/8_20_41.wav
15789	7	./AudioMNIST/data/48/7_48_33.wav
15790	7	./AudioMNIST/data/14/7_14_26.wav
15791	1	./AudioMNIST/data/33/1_33_15.wav
15792	2	./AudioMNIST/data/43/2_43_40.wav
15793	6	./AudioMNIST/data/50/6_50_13.wav
15794	5	./AudioMNIST/data/14/5_14_24.wav
15795	2	./AudioMNIST/data/07/2_07_29.wav
15796	1	./AudioMNIST/data/38/1_38_7.wav
15797	6	./AudioMNIST/data/49/6_49_24.wav
15798	9	./AudioMNIST/data/27/9_27_7.wav
15799	0	./AudioMNIST/data/29/0_29_26.wav
15800	5	./AudioMNIST/data/29/5_29_4.wav
15801	9	./AudioMNIST/data/55/9_55_29.wav
15802	9	./AudioMNIST/data/12/9_12_1.wav
15803	6	./AudioMNIST/data/11/6_11_48.wav
15804	1	./AudioMNIST/data/46/1_46_24.wav
15805	7	./AudioMNIST/data/54/7_54_49.wav
15806	9	./AudioMNIST/data/43/9_43_32.wav
15807	3	./AudioMNIST/data/37/3_37_23.wav
15808	5	./AudioMNIST/data/33/5_33_38.wav
15809	0	./AudioMNIST/data/41/0_41_37.wav
15810	0	./AudioMNIST/data/48/0_48_40.wav
15811	2	./AudioMNIST/data/45/2_45_18.wav
15812	9	./AudioMNIST/data/22/9_22_21.wav
15813	2	./AudioMNIST/data/04/2_04_49.wav
15814	1	./AudioMNIST/data/07/1_07_10.wav
15815	2	./AudioMNIST/data/50/2_50_31.wav
15816	3	./AudioMNIST/data/40/3_40_11.wav
15817	7	./AudioMNIST/data/12/7_12_13.wav
15818	1	./AudioMNIST/data/06/1_06_42.wav
15819	0	./AudioMNIST/data/06/0_06_30.wav
15820	3	./AudioMNIST/data/51/3_51_4.wav
15821	7	./AudioMNIST/data/08/7_08_10.wav
15822	4	./AudioMNIST/data/39/4_39_19.wav
15823	9	./AudioMNIST/data/20/9_20_41.wav
15824	4	./AudioMNIST/data/17/4_17_26.wav
15825	2	./AudioMNIST/data/35/2_35_44.wav
15826	8	./AudioMNIST/data/44/8_44_26.wav
15827	1	./AudioMNIST/data/37/1_37_39.wav
15828	7	./AudioMNIST/data/09/7_09_16.wav
15829	7	./AudioMNIST/data/12/7_12_38.wav
15830	4	./AudioMNIST/data/33/4_33_20.wav
15831	3	./AudioMNIST/data/52/3_52_24.wav
15832	4	./AudioMNIST/data/08/4_08_46.wav
15833	1	./AudioMNIST/data/11/1_11_3.wav
15834	3	./AudioMNIST/data/49/3_49_19.wav
15835	0	./AudioMNIST/data/51/0_51_13.wav
15836	7	./AudioMNIST/data/50/7_50_33.wav
15837	4	./AudioMNIST/data/33/4_33_9.wav
15838	0	./AudioMNIST/data/48/0_48_14.wav
15839	8	./AudioMNIST/data/30/8_30_47.wav
15840	4	./AudioMNIST/data/57/4_57_14.wav
15841	1	./AudioMNIST/data/33/1_33_10.wav
15842	7	./AudioMNIST/data/04/7_04_37.wav
15843	5	./AudioMNIST/data/02/5_02_40.wav
15844	0	./AudioMNIST/data/18/0_18_22.wav
15845	7	./AudioMNIST/data/53/7_53_2.wav
15846	5	./AudioMNIST/data/32/5_32_28.wav
15847	8	./AudioMNIST/data/32/8_32_41.wav
15848	2	./AudioMNIST/data/51/2_51_33.wav
15849	8	./AudioMNIST/data/44/8_44_5.wav
15850	3	./AudioMNIST/data/05/3_05_33.wav
15851	7	./AudioMNIST/data/17/7_17_45.wav
15852	4	./AudioMNIST/data/55/4_55_46.wav
15853	0	./AudioMNIST/data/31/0_31_40.wav
15854	9	./AudioMNIST/data/31/9_31_40.wav
15855	1	./AudioMNIST/data/53/1_53_30.wav
15856	6	./AudioMNIST/data/52/6_52_23.wav
15857	4	./AudioMNIST/data/39/4_39_18.wav
15858	5	./AudioMNIST/data/01/5_01_43.wav
15859	9	./AudioMNIST/data/50/9_50_48.wav
15860	6	./AudioMNIST/data/05/6_05_30.wav
15861	0	./AudioMNIST/data/05/0_05_4.wav
15862	1	./AudioMNIST/data/03/1_03_8.wav
15863	1	./AudioMNIST/data/44/1_44_16.wav
15864	8	./AudioMNIST/data/57/8_57_8.wav
15865	6	./AudioMNIST/data/50/6_50_32.wav
15866	6	./AudioMNIST/data/23/6_23_25.wav
15867	3	./AudioMNIST/data/08/3_08_38.wav
15868	2	./AudioMNIST/data/50/2_50_40.wav
15869	5	./AudioMNIST/data/33/5_33_24.wav
15870	6	./AudioMNIST/data/59/6_59_10.wav
15871	1	./AudioMNIST/data/48/1_48_17.wav
15872	8	./AudioMNIST/data/16/8_16_11.wav
15873	8	./AudioMNIST/data/28/8_28_48.wav
15874	4	./AudioMNIST/data/11/4_11_49.wav
15875	3	./AudioMNIST/data/02/3_02_47.wav
15876	4	./AudioMNIST/data/40/4_40_1.wav
15877	6	./AudioMNIST/data/09/6_09_45.wav
15878	5	./AudioMNIST/data/33/5_33_23.wav
15879	0	./AudioMNIST/data/58/0_58_14.wav
15880	2	./AudioMNIST/data/51/2_51_19.wav
15881	0	./AudioMNIST/data/39/0_39_11.wav
15882	3	./AudioMNIST/data/02/3_02_9.wav
15883	4	./AudioMNIST/data/15/4_15_37.wav
15884	4	./AudioMNIST/data/34/4_34_32.wav
15885	3	./AudioMNIST/data/55/3_55_10.wav
15886	5	./AudioMNIST/data/55/5_55_48.wav
15887	1	./AudioMNIST/data/60/1_60_1.wav
15888	0	./AudioMNIST/data/43/0_43_45.wav
15889	2	./AudioMNIST/data/56/2_56_43.wav
15890	3	./AudioMNIST/data/49/3_49_24.wav
15891	9	./AudioMNIST/data/14/9_14_9.wav
15892	3	./AudioMNIST/data/09/3_09_0.wav
15893	0	./AudioMNIST/data/49/0_49_28.wav
15894	4	./AudioMNIST/data/17/4_17_28.wav
15895	2	./AudioMNIST/data/26/2_26_9.wav
15896	8	./AudioMNIST/data/19/8_19_12.wav
15897	5	./AudioMNIST/data/19/5_19_25.wav
15898	1	./AudioMNIST/data/45/1_45_15.wav
15899	5	./AudioMNIST/data/03/5_03_45.wav
15900	1	./AudioMNIST/data/28/1_28_31.wav
15901	4	./AudioMNIST/data/56/4_56_36.wav
15902	3	./AudioMNIST/data/22/3_22_8.wav
15903	5	./AudioMNIST/data/07/5_07_13.wav
15904	0	./AudioMNIST/data/10/0_10_40.wav
15905	5	./AudioMNIST/data/50/5_50_33.wav
15906	3	./AudioMNIST/data/17/3_17_23.wav
15907	0	./AudioMNIST/data/50/0_50_11.wav
15908	6	./AudioMNIST/data/58/6_58_21.wav
15909	2	./AudioMNIST/data/34/2_34_7.wav
15910	4	./AudioMNIST/data/13/4_13_7.wav
15911	1	./AudioMNIST/data/22/1_22_25.wav
15912	4	./AudioMNIST/data/40/4_40_34.wav
15913	0	./AudioMNIST/data/48/0_48_31.wav
15914	8	./AudioMNIST/data/32/8_32_7.wav
15915	3	./AudioMNIST/data/49/3_49_6.wav
15916	4	./AudioMNIST/data/01/4_01_39.wav
15917	6	./AudioMNIST/data/23/6_23_35.wav
15918	6	./AudioMNIST/data/09/6_09_3.wav
15919	2	./AudioMNIST/data/13/2_13_4.wav
15920	9	./AudioMNIST/data/39/9_39_28.wav
15921	2	./AudioMNIST/data/12/2_12_37.wav
15922	0	./AudioMNIST/data/46/0_46_37.wav
15923	6	./AudioMNIST/data/17/6_17_18.wav
15924	0	./AudioMNIST/data/33/0_33_28.wav
15925	1	./AudioMNIST/data/28/1_28_37.wav
15926	7	./AudioMNIST/data/60/7_60_27.wav
15927	9	./AudioMNIST/data/38/9_38_1.wav
15928	5	./AudioMNIST/data/29/5_29_22.wav
15929	7	./AudioMNIST/data/16/7_16_4.wav
15930	9	./AudioMNIST/data/11/9_11_35.wav
15931	1	./AudioMNIST/data/49/1_49_48.wav
15932	1	./AudioMNIST/data/42/1_42_20.wav
15933	6	./AudioMNIST/data/01/6_01_19.wav
15934	5	./AudioMNIST/data/45/5_45_25.wav
15935	7	./AudioMNIST/data/20/7_20_40.wav
15936	3	./AudioMNIST/data/23/3_23_7.wav
15937	5	./AudioMNIST/data/22/5_22_46.wav
15938	2	./AudioMNIST/data/18/2_18_0.wav
15939	3	./AudioMNIST/data/06/3_06_34.wav
15940	9	./AudioMNIST/data/34/9_34_0.wav
15941	1	./AudioMNIST/data/02/1_02_48.wav
15942	7	./AudioMNIST/data/54/7_54_2.wav
15943	9	./AudioMNIST/data/27/9_27_16.wav
15944	8	./AudioMNIST/data/35/8_35_21.wav
15945	7	./AudioMNIST/data/49/7_49_35.wav
15946	2	./AudioMNIST/data/10/2_10_36.wav
15947	3	./AudioMNIST/data/32/3_32_28.wav
15948	9	./AudioMNIST/data/40/9_40_12.wav
15949	0	./AudioMNIST/data/36/0_36_43.wav
15950	4	./AudioMNIST/data/30/4_30_11.wav
15951	5	./AudioMNIST/data/13/5_13_20.wav
15952	6	./AudioMNIST/data/38/6_38_2.wav
15953	1	./AudioMNIST/data/37/1_37_32.wav
15954	4	./AudioMNIST/data/08/4_08_41.wav
15955	4	./AudioMNIST/data/42/4_42_22.wav
15956	7	./AudioMNIST/data/29/7_29_32.wav
15957	9	./AudioMNIST/data/16/9_16_35.wav
15958	8	./AudioMNIST/data/21/8_21_23.wav
15959	0	./AudioMNIST/data/08/0_08_8.wav
15960	5	./AudioMNIST/data/38/5_38_22.wav
15961	6	./AudioMNIST/data/58/6_58_42.wav
15962	5	./AudioMNIST/data/20/5_20_7.wav
15963	1	./AudioMNIST/data/27/1_27_34.wav
15964	0	./AudioMNIST/data/43/0_43_16.wav
15965	3	./AudioMNIST/data/07/3_07_11.wav
15966	4	./AudioMNIST/data/52/4_52_20.wav
15967	7	./AudioMNIST/data/25/7_25_43.wav
15968	9	./AudioMNIST/data/24/9_24_15.wav
15969	4	./AudioMNIST/data/43/4_43_37.wav
15970	9	./AudioMNIST/data/34/9_34_39.wav
15971	4	./AudioMNIST/data/48/4_48_9.wav
15972	5	./AudioMNIST/data/59/5_59_16.wav
15973	0	./AudioMNIST/data/48/0_48_41.wav
15974	9	./AudioMNIST/data/22/9_22_40.wav
15975	3	./AudioMNIST/data/52/3_52_10.wav
15976	6	./AudioMNIST/data/24/6_24_33.wav
15977	3	./AudioMNIST/data/40/3_40_31.wav
15978	1	./AudioMNIST/data/50/1_50_22.wav
15979	8	./AudioMNIST/data/55/8_55_28.wav
15980	6	./AudioMNIST/data/08/6_08_1.wav
15981	0	./AudioMNIST/data/52/0_52_24.wav
15982	3	./AudioMNIST/data/50/3_50_11.wav
15983	0	./AudioMNIST/data/39/0_39_27.wav
15984	9	./AudioMNIST/data/09/9_09_17.wav
15985	8	./AudioMNIST/data/03/8_03_39.wav
15986	6	./AudioMNIST/data/37/6_37_47.wav
15987	3	./AudioMNIST/data/18/3_18_25.wav
15988	6	./AudioMNIST/data/42/6_42_38.wav
15989	6	./AudioMNIST/data/60/6_60_6.wav
15990	6	./AudioMNIST/data/49/6_49_37.wav
15991	0	./AudioMNIST/data/43/0_43_33.wav
15992	8	./AudioMNIST/data/20/8_20_2.wav
15993	1	./AudioMNIST/data/12/1_12_0.wav
15994	2	./AudioMNIST/data/36/2_36_49.wav
15995	5	./AudioMNIST/data/08/5_08_44.wav
15996	0	./AudioMNIST/data/58/0_58_9.wav
15997	8	./AudioMNIST/data/21/8_21_39.wav
15998	1	./AudioMNIST/data/49/1_49_20.wav
15999	8	./AudioMNIST/data/15/8_15_22.wav
16000	7	./AudioMNIST/data/33/7_33_49.wav
16001	8	./AudioMNIST/data/29/8_29_4.wav
16002	7	./AudioMNIST/data/60/7_60_45.wav
16003	7	./AudioMNIST/data/29/7_29_7.wav
16004	1	./AudioMNIST/data/07/1_07_9.wav
16005	9	./AudioMNIST/data/22/9_22_49.wav
16006	1	./AudioMNIST/data/49/1_49_21.wav
16007	3	./AudioMNIST/data/34/3_34_6.wav
16008	2	./AudioMNIST/data/38/2_38_7.wav
16009	6	./AudioMNIST/data/52/6_52_35.wav
16010	4	./AudioMNIST/data/28/4_28_24.wav
16011	7	./AudioMNIST/data/25/7_25_40.wav
16012	7	./AudioMNIST/data/04/7_04_16.wav
16013	5	./AudioMNIST/data/52/5_52_4.wav
16014	2	./AudioMNIST/data/49/2_49_21.wav
16015	6	./AudioMNIST/data/41/6_41_24.wav
16016	9	./AudioMNIST/data/51/9_51_18.wav
16017	1	./AudioMNIST/data/15/1_15_1.wav
16018	7	./AudioMNIST/data/52/7_52_46.wav
16019	8	./AudioMNIST/data/38/8_38_28.wav
16020	4	./AudioMNIST/data/30/4_30_30.wav
16021	9	./AudioMNIST/data/16/9_16_8.wav
16022	6	./AudioMNIST/data/25/6_25_24.wav
16023	1	./AudioMNIST/data/02/1_02_45.wav
16024	0	./AudioMNIST/data/24/0_24_4.wav
16025	4	./AudioMNIST/data/09/4_09_3.wav
16026	2	./AudioMNIST/data/19/2_19_15.wav
16027	2	./AudioMNIST/data/22/2_22_40.wav
16028	0	./AudioMNIST/data/20/0_20_16.wav
16029	2	./AudioMNIST/data/26/2_26_1.wav
16030	9	./AudioMNIST/data/60/9_60_2.wav
16031	9	./AudioMNIST/data/09/9_09_15.wav
16032	9	./AudioMNIST/data/31/9_31_20.wav
16033	9	./AudioMNIST/data/18/9_18_23.wav
16034	2	./AudioMNIST/data/04/2_04_5.wav
16035	4	./AudioMNIST/data/53/4_53_29.wav
16036	2	./AudioMNIST/data/29/2_29_18.wav
16037	8	./AudioMNIST/data/43/8_43_14.wav
16038	1	./AudioMNIST/data/04/1_04_24.wav
16039	2	./AudioMNIST/data/52/2_52_43.wav
16040	0	./AudioMNIST/data/35/0_35_18.wav
16041	7	./AudioMNIST/data/41/7_41_17.wav
16042	4	./AudioMNIST/data/33/4_33_45.wav
16043	5	./AudioMNIST/data/60/5_60_1.wav
16044	8	./AudioMNIST/data/07/8_07_4.wav
16045	3	./AudioMNIST/data/57/3_57_12.wav
16046	9	./AudioMNIST/data/18/9_18_44.wav
16047	7	./AudioMNIST/data/08/7_08_22.wav
16048	6	./AudioMNIST/data/43/6_43_32.wav
16049	2	./AudioMNIST/data/02/2_02_18.wav
16050	1	./AudioMNIST/data/05/1_05_8.wav
16051	3	./AudioMNIST/data/03/3_03_45.wav
16052	8	./AudioMNIST/data/18/8_18_5.wav
16053	1	./AudioMNIST/data/41/1_41_8.wav
16054	5	./AudioMNIST/data/16/5_16_22.wav
16055	8	./AudioMNIST/data/02/8_02_46.wav
16056	7	./AudioMNIST/data/14/7_14_11.wav
16057	9	./AudioMNIST/data/38/9_38_42.wav
16058	9	./AudioMNIST/data/10/9_10_19.wav
16059	7	./AudioMNIST/data/11/7_11_33.wav
16060	1	./AudioMNIST/data/32/1_32_28.wav
16061	2	./AudioMNIST/data/46/2_46_38.wav
16062	2	./AudioMNIST/data/58/2_58_17.wav
16063	7	./AudioMNIST/data/59/7_59_39.wav
16064	6	./AudioMNIST/data/24/6_24_21.wav
16065	6	./AudioMNIST/data/18/6_18_47.wav
16066	2	./AudioMNIST/data/11/2_11_43.wav
16067	6	./AudioMNIST/data/36/6_36_23.wav
16068	0	./AudioMNIST/data/16/0_16_7.wav
16069	0	./AudioMNIST/data/37/0_37_35.wav
16070	7	./AudioMNIST/data/11/7_11_3.wav
16071	7	./AudioMNIST/data/31/7_31_14.wav
16072	9	./AudioMNIST/data/32/9_32_40.wav
16073	8	./AudioMNIST/data/27/8_27_41.wav
16074	4	./AudioMNIST/data/42/4_42_45.wav
16075	7	./AudioMNIST/data/33/7_33_7.wav
16076	1	./AudioMNIST/data/25/1_25_46.wav
16077	9	./AudioMNIST/data/41/9_41_16.wav
16078	4	./AudioMNIST/data/19/4_19_5.wav
16079	9	./AudioMNIST/data/03/9_03_31.wav
16080	0	./AudioMNIST/data/25/0_25_9.wav
16081	6	./AudioMNIST/data/48/6_48_23.wav
16082	2	./AudioMNIST/data/51/2_51_6.wav
16083	6	./AudioMNIST/data/44/6_44_2.wav
16084	9	./AudioMNIST/data/13/9_13_23.wav
16085	4	./AudioMNIST/data/01/4_01_8.wav
16086	1	./AudioMNIST/data/48/1_48_13.wav
16087	8	./AudioMNIST/data/48/8_48_39.wav
16088	9	./AudioMNIST/data/50/9_50_1.wav
16089	0	./AudioMNIST/data/33/0_33_45.wav
16090	7	./AudioMNIST/data/36/7_36_3.wav
16091	2	./AudioMNIST/data/53/2_53_10.wav
16092	5	./AudioMNIST/data/05/5_05_12.wav
16093	1	./AudioMNIST/data/44/1_44_15.wav
16094	8	./AudioMNIST/data/38/8_38_40.wav
16095	3	./AudioMNIST/data/37/3_37_42.wav
16096	0	./AudioMNIST/data/23/0_23_14.wav
16097	9	./AudioMNIST/data/38/9_38_2.wav
16098	3	./AudioMNIST/data/18/3_18_35.wav
16099	8	./AudioMNIST/data/22/8_22_33.wav
16100	1	./AudioMNIST/data/08/1_08_39.wav
16101	0	./AudioMNIST/data/59/0_59_48.wav
16102	2	./AudioMNIST/data/58/2_58_10.wav
16103	4	./AudioMNIST/data/01/4_01_28.wav
16104	4	./AudioMNIST/data/25/4_25_29.wav
16105	3	./AudioMNIST/data/11/3_11_3.wav
16106	5	./AudioMNIST/data/45/5_45_34.wav
16107	0	./AudioMNIST/data/41/0_41_24.wav
16108	4	./AudioMNIST/data/07/4_07_31.wav
16109	0	./AudioMNIST/data/42/0_42_40.wav
16110	2	./AudioMNIST/data/18/2_18_24.wav
16111	1	./AudioMNIST/data/18/1_18_41.wav
16112	1	./AudioMNIST/data/52/1_52_15.wav
16113	0	./AudioMNIST/data/38/0_38_14.wav
16114	9	./AudioMNIST/data/21/9_21_1.wav
16115	8	./AudioMNIST/data/22/8_22_28.wav
16116	5	./AudioMNIST/data/28/5_28_45.wav
16117	8	./AudioMNIST/data/53/8_53_18.wav
16118	9	./AudioMNIST/data/54/9_54_33.wav
16119	9	./AudioMNIST/data/49/9_49_37.wav
16120	6	./AudioMNIST/data/58/6_58_7.wav
16121	4	./AudioMNIST/data/58/4_58_46.wav
16122	6	./AudioMNIST/data/07/6_07_3.wav
16123	9	./AudioMNIST/data/35/9_35_37.wav
16124	0	./AudioMNIST/data/28/0_28_49.wav
16125	3	./AudioMNIST/data/57/3_57_19.wav
16126	2	./AudioMNIST/data/29/2_29_26.wav
16127	8	./AudioMNIST/data/58/8_58_5.wav
16128	6	./AudioMNIST/data/46/6_46_20.wav
16129	2	./AudioMNIST/data/13/2_13_28.wav
16130	9	./AudioMNIST/data/03/9_03_35.wav
16131	5	./AudioMNIST/data/51/5_51_14.wav
16132	0	./AudioMNIST/data/51/0_51_21.wav
16133	9	./AudioMNIST/data/23/9_23_43.wav
16134	6	./AudioMNIST/data/41/6_41_36.wav
16135	4	./AudioMNIST/data/08/4_08_20.wav
16136	0	./AudioMNIST/data/53/0_53_1.wav
16137	8	./AudioMNIST/data/13/8_13_49.wav
16138	8	./AudioMNIST/data/26/8_26_20.wav
16139	3	./AudioMNIST/data/23/3_23_10.wav
16140	9	./AudioMNIST/data/36/9_36_34.wav
16141	5	./AudioMNIST/data/24/5_24_37.wav
16142	8	./AudioMNIST/data/34/8_34_34.wav
16143	0	./AudioMNIST/data/37/0_37_25.wav
16144	3	./AudioMNIST/data/04/3_04_39.wav
16145	4	./AudioMNIST/data/16/4_16_3.wav
16146	1	./AudioMNIST/data/14/1_14_33.wav
16147	8	./AudioMNIST/data/09/8_09_25.wav
16148	6	./AudioMNIST/data/28/6_28_49.wav
16149	1	./AudioMNIST/data/12/1_12_17.wav
16150	5	./AudioMNIST/data/44/5_44_5.wav
16151	0	./AudioMNIST/data/12/0_12_15.wav
16152	1	./AudioMNIST/data/06/1_06_45.wav
16153	1	./AudioMNIST/data/26/1_26_31.wav
16154	9	./AudioMNIST/data/22/9_22_48.wav
16155	3	./AudioMNIST/data/42/3_42_11.wav
16156	9	./AudioMNIST/data/11/9_11_17.wav
16157	2	./AudioMNIST/data/56/2_56_31.wav
16158	7	./AudioMNIST/data/55/7_55_5.wav
16159	6	./AudioMNIST/data/59/6_59_16.wav
16160	8	./AudioMNIST/data/12/8_12_31.wav
16161	9	./AudioMNIST/data/48/9_48_49.wav
16162	2	./AudioMNIST/data/21/2_21_42.wav
16163	9	./AudioMNIST/data/03/9_03_32.wav
16164	4	./AudioMNIST/data/21/4_21_44.wav
16165	0	./AudioMNIST/data/42/0_42_45.wav
16166	9	./AudioMNIST/data/28/9_28_16.wav
16167	5	./AudioMNIST/data/30/5_30_25.wav
16168	0	./AudioMNIST/data/47/0_47_21.wav
16169	5	./AudioMNIST/data/35/5_35_17.wav
16170	4	./AudioMNIST/data/52/4_52_49.wav
16171	0	./AudioMNIST/data/10/0_10_4.wav
16172	3	./AudioMNIST/data/08/3_08_18.wav
16173	3	./AudioMNIST/data/43/3_43_46.wav
16174	5	./AudioMNIST/data/48/5_48_46.wav
16175	6	./AudioMNIST/data/16/6_16_3.wav
16176	6	./AudioMNIST/data/08/6_08_25.wav
16177	2	./AudioMNIST/data/19/2_19_8.wav
16178	4	./AudioMNIST/data/33/4_33_22.wav
16179	0	./AudioMNIST/data/35/0_35_7.wav
16180	3	./AudioMNIST/data/41/3_41_49.wav
16181	8	./AudioMNIST/data/24/8_24_30.wav
16182	6	./AudioMNIST/data/26/6_26_0.wav
16183	0	./AudioMNIST/data/27/0_27_23.wav
16184	2	./AudioMNIST/data/01/2_01_28.wav
16185	0	./AudioMNIST/data/30/0_30_0.wav
16186	8	./AudioMNIST/data/42/8_42_12.wav
16187	2	./AudioMNIST/data/21/2_21_43.wav
16188	8	./AudioMNIST/data/15/8_15_23.wav
16189	1	./AudioMNIST/data/43/1_43_40.wav
16190	4	./AudioMNIST/data/40/4_40_11.wav
16191	2	./AudioMNIST/data/55/2_55_37.wav
16192	1	./AudioMNIST/data/16/1_16_30.wav
16193	0	./AudioMNIST/data/28/0_28_40.wav
16194	9	./AudioMNIST/data/03/9_03_45.wav
16195	3	./AudioMNIST/data/46/3_46_14.wav
16196	1	./AudioMNIST/data/27/1_27_24.wav
16197	1	./AudioMNIST/data/53/1_53_33.wav
16198	0	./AudioMNIST/data/46/0_46_9.wav
16199	7	./AudioMNIST/data/31/7_31_15.wav
16200	4	./AudioMNIST/data/13/4_13_22.wav
16201	2	./AudioMNIST/data/10/2_10_16.wav
16202	5	./AudioMNIST/data/13/5_13_44.wav
16203	5	./AudioMNIST/data/40/5_40_14.wav
16204	7	./AudioMNIST/data/32/7_32_15.wav
16205	8	./AudioMNIST/data/48/8_48_11.wav
16206	9	./AudioMNIST/data/08/9_08_38.wav
16207	5	./AudioMNIST/data/07/5_07_46.wav
16208	1	./AudioMNIST/data/07/1_07_8.wav
16209	9	./AudioMNIST/data/60/9_60_11.wav
16210	8	./AudioMNIST/data/18/8_18_40.wav
16211	3	./AudioMNIST/data/38/3_38_30.wav
16212	3	./AudioMNIST/data/45/3_45_36.wav
16213	2	./AudioMNIST/data/41/2_41_38.wav
16214	2	./AudioMNIST/data/35/2_35_6.wav
16215	9	./AudioMNIST/data/59/9_59_8.wav
16216	9	./AudioMNIST/data/18/9_18_33.wav
16217	8	./AudioMNIST/data/49/8_49_46.wav
16218	9	./AudioMNIST/data/46/9_46_35.wav
16219	2	./AudioMNIST/data/01/2_01_24.wav
16220	7	./AudioMNIST/data/54/7_54_9.wav
16221	0	./AudioMNIST/data/08/0_08_30.wav
16222	7	./AudioMNIST/data/41/7_41_15.wav
16223	4	./AudioMNIST/data/51/4_51_38.wav
16224	8	./AudioMNIST/data/21/8_21_28.wav
16225	6	./AudioMNIST/data/59/6_59_24.wav
16226	8	./AudioMNIST/data/51/8_51_19.wav
16227	3	./AudioMNIST/data/03/3_03_19.wav
16228	0	./AudioMNIST/data/26/0_26_41.wav
16229	7	./AudioMNIST/data/58/7_58_39.wav
16230	3	./AudioMNIST/data/42/3_42_5.wav
16231	6	./AudioMNIST/data/27/6_27_40.wav
16232	7	./AudioMNIST/data/17/7_17_0.wav
16233	6	./AudioMNIST/data/37/6_37_1.wav
16234	6	./AudioMNIST/data/43/6_43_23.wav
16235	5	./AudioMNIST/data/12/5_12_37.wav
16236	9	./AudioMNIST/data/32/9_32_39.wav
16237	9	./AudioMNIST/data/02/9_02_7.wav
16238	6	./AudioMNIST/data/18/6_18_0.wav
16239	0	./AudioMNIST/data/40/0_40_1.wav
16240	3	./AudioMNIST/data/27/3_27_49.wav
16241	1	./AudioMNIST/data/17/1_17_34.wav
16242	6	./AudioMNIST/data/26/6_26_16.wav
16243	5	./AudioMNIST/data/16/5_16_26.wav
16244	0	./AudioMNIST/data/33/0_33_26.wav
16245	1	./AudioMNIST/data/29/1_29_10.wav
16246	2	./AudioMNIST/data/06/2_06_24.wav
16247	0	./AudioMNIST/data/28/0_28_33.wav
16248	2	./AudioMNIST/data/46/2_46_41.wav
16249	1	./AudioMNIST/data/27/1_27_14.wav
16250	3	./AudioMNIST/data/36/3_36_20.wav
16251	9	./AudioMNIST/data/39/9_39_39.wav
16252	4	./AudioMNIST/data/08/4_08_40.wav
16253	3	./AudioMNIST/data/26/3_26_19.wav
16254	3	./AudioMNIST/data/11/3_11_5.wav
16255	6	./AudioMNIST/data/26/6_26_11.wav
16256	9	./AudioMNIST/data/40/9_40_13.wav
16257	7	./AudioMNIST/data/15/7_15_3.wav
16258	3	./AudioMNIST/data/34/3_34_18.wav
16259	1	./AudioMNIST/data/52/1_52_45.wav
16260	0	./AudioMNIST/data/12/0_12_10.wav
16261	4	./AudioMNIST/data/34/4_34_49.wav
16262	9	./AudioMNIST/data/06/9_06_1.wav
16263	0	./AudioMNIST/data/32/0_32_12.wav
16264	1	./AudioMNIST/data/28/1_28_35.wav
16265	9	./AudioMNIST/data/26/9_26_5.wav
16266	4	./AudioMNIST/data/42/4_42_37.wav
16267	6	./AudioMNIST/data/06/6_06_12.wav
16268	1	./AudioMNIST/data/54/1_54_47.wav
16269	1	./AudioMNIST/data/20/1_20_24.wav
16270	6	./AudioMNIST/data/45/6_45_47.wav
16271	8	./AudioMNIST/data/52/8_52_8.wav
16272	5	./AudioMNIST/data/31/5_31_22.wav
16273	7	./AudioMNIST/data/01/7_01_48.wav
16274	0	./AudioMNIST/data/52/0_52_26.wav
16275	5	./AudioMNIST/data/15/5_15_3.wav
16276	2	./AudioMNIST/data/49/2_49_43.wav
16277	0	./AudioMNIST/data/42/0_42_15.wav
16278	4	./AudioMNIST/data/14/4_14_24.wav
16279	1	./AudioMNIST/data/54/1_54_21.wav
16280	4	./AudioMNIST/data/44/4_44_22.wav
16281	2	./AudioMNIST/data/15/2_15_15.wav
16282	5	./AudioMNIST/data/22/5_22_0.wav
16283	0	./AudioMNIST/data/33/0_33_4.wav
16284	7	./AudioMNIST/data/52/7_52_1.wav
16285	9	./AudioMNIST/data/33/9_33_9.wav
16286	9	./AudioMNIST/data/38/9_38_17.wav
16287	5	./AudioMNIST/data/08/5_08_0.wav
16288	2	./AudioMNIST/data/44/2_44_29.wav
16289	4	./AudioMNIST/data/52/4_52_8.wav
16290	6	./AudioMNIST/data/33/6_33_17.wav
16291	5	./AudioMNIST/data/32/5_32_5.wav
16292	0	./AudioMNIST/data/45/0_45_25.wav
16293	9	./AudioMNIST/data/12/9_12_42.wav
16294	5	./AudioMNIST/data/04/5_04_16.wav
16295	9	./AudioMNIST/data/40/9_40_2.wav
16296	3	./AudioMNIST/data/05/3_05_5.wav
16297	4	./AudioMNIST/data/14/4_14_25.wav
16298	2	./AudioMNIST/data/40/2_40_42.wav
16299	7	./AudioMNIST/data/28/7_28_22.wav
16300	3	./AudioMNIST/data/05/3_05_41.wav
16301	4	./AudioMNIST/data/43/4_43_24.wav
16302	4	./AudioMNIST/data/16/4_16_30.wav
16303	0	./AudioMNIST/data/60/0_60_17.wav
16304	9	./AudioMNIST/data/56/9_56_26.wav
16305	2	./AudioMNIST/data/07/2_07_38.wav
16306	0	./AudioMNIST/data/55/0_55_0.wav
16307	5	./AudioMNIST/data/10/5_10_20.wav
16308	4	./AudioMNIST/data/47/4_47_21.wav
16309	8	./AudioMNIST/data/31/8_31_16.wav
16310	4	./AudioMNIST/data/39/4_39_15.wav
16311	0	./AudioMNIST/data/50/0_50_44.wav
16312	6	./AudioMNIST/data/23/6_23_8.wav
16313	0	./AudioMNIST/data/15/0_15_34.wav
16314	9	./AudioMNIST/data/37/9_37_40.wav
16315	7	./AudioMNIST/data/07/7_07_11.wav
16316	8	./AudioMNIST/data/58/8_58_18.wav
16317	6	./AudioMNIST/data/21/6_21_36.wav
16318	6	./AudioMNIST/data/41/6_41_30.wav
16319	5	./AudioMNIST/data/34/5_34_20.wav
16320	7	./AudioMNIST/data/46/7_46_20.wav
16321	7	./AudioMNIST/data/37/7_37_31.wav
16322	9	./AudioMNIST/data/37/9_37_34.wav
16323	8	./AudioMNIST/data/36/8_36_16.wav
16324	6	./AudioMNIST/data/31/6_31_48.wav
16325	3	./AudioMNIST/data/10/3_10_6.wav
16326	8	./AudioMNIST/data/49/8_49_39.wav
16327	3	./AudioMNIST/data/32/3_32_38.wav
16328	0	./AudioMNIST/data/05/0_05_24.wav
16329	7	./AudioMNIST/data/24/7_24_3.wav
16330	5	./AudioMNIST/data/55/5_55_22.wav
16331	7	./AudioMNIST/data/47/7_47_6.wav
16332	0	./AudioMNIST/data/51/0_51_48.wav
16333	5	./AudioMNIST/data/39/5_39_12.wav
16334	0	./AudioMNIST/data/31/0_31_48.wav
16335	9	./AudioMNIST/data/30/9_30_33.wav
16336	4	./AudioMNIST/data/60/4_60_46.wav
16337	5	./AudioMNIST/data/55/5_55_34.wav
16338	2	./AudioMNIST/data/02/2_02_6.wav
16339	7	./AudioMNIST/data/23/7_23_45.wav
16340	6	./AudioMNIST/data/43/6_43_43.wav
16341	7	./AudioMNIST/data/52/7_52_6.wav
16342	6	./AudioMNIST/data/31/6_31_46.wav
16343	7	./AudioMNIST/data/07/7_07_23.wav
16344	1	./AudioMNIST/data/03/1_03_2.wav
16345	4	./AudioMNIST/data/17/4_17_36.wav
16346	6	./AudioMNIST/data/52/6_52_21.wav
16347	6	./AudioMNIST/data/05/6_05_6.wav
16348	4	./AudioMNIST/data/52/4_52_43.wav
16349	1	./AudioMNIST/data/02/1_02_16.wav
16350	6	./AudioMNIST/data/33/6_33_14.wav
16351	6	./AudioMNIST/data/51/6_51_38.wav
16352	6	./AudioMNIST/data/23/6_23_48.wav
16353	9	./AudioMNIST/data/31/9_31_47.wav
16354	6	./AudioMNIST/data/04/6_04_45.wav
16355	3	./AudioMNIST/data/45/3_45_26.wav
16356	0	./AudioMNIST/data/29/0_29_31.wav
16357	9	./AudioMNIST/data/37/9_37_12.wav
16358	7	./AudioMNIST/data/17/7_17_47.wav
16359	4	./AudioMNIST/data/44/4_44_49.wav
16360	7	./AudioMNIST/data/18/7_18_20.wav
16361	4	./AudioMNIST/data/50/4_50_45.wav
16362	9	./AudioMNIST/data/21/9_21_20.wav
16363	9	./AudioMNIST/data/47/9_47_36.wav
16364	3	./AudioMNIST/data/30/3_30_39.wav
16365	0	./AudioMNIST/data/56/0_56_42.wav
16366	5	./AudioMNIST/data/09/5_09_4.wav
16367	4	./AudioMNIST/data/35/4_35_46.wav
16368	5	./AudioMNIST/data/18/5_18_1.wav
16369	9	./AudioMNIST/data/10/9_10_41.wav
16370	3	./AudioMNIST/data/57/3_57_1.wav
16371	0	./AudioMNIST/data/35/0_35_14.wav
16372	1	./AudioMNIST/data/44/1_44_3.wav
16373	3	./AudioMNIST/data/14/3_14_37.wav
16374	4	./AudioMNIST/data/40/4_40_16.wav
16375	8	./AudioMNIST/data/47/8_47_24.wav
16376	5	./AudioMNIST/data/04/5_04_18.wav
16377	1	./AudioMNIST/data/10/1_10_47.wav
16378	5	./AudioMNIST/data/56/5_56_21.wav
16379	6	./AudioMNIST/data/31/6_31_10.wav
16380	5	./AudioMNIST/data/41/5_41_9.wav
16381	4	./AudioMNIST/data/14/4_14_11.wav
16382	3	./AudioMNIST/data/34/3_34_12.wav
16383	8	./AudioMNIST/data/41/8_41_9.wav
16384	5	./AudioMNIST/data/11/5_11_26.wav
16385	8	./AudioMNIST/data/51/8_51_27.wav
16386	4	./AudioMNIST/data/03/4_03_20.wav
16387	0	./AudioMNIST/data/23/0_23_46.wav
16388	1	./AudioMNIST/data/57/1_57_36.wav
16389	9	./AudioMNIST/data/19/9_19_16.wav
16390	0	./AudioMNIST/data/41/0_41_41.wav
16391	7	./AudioMNIST/data/13/7_13_18.wav
16392	3	./AudioMNIST/data/09/3_09_40.wav
16393	5	./AudioMNIST/data/18/5_18_36.wav
16394	0	./AudioMNIST/data/53/0_53_22.wav
16395	9	./AudioMNIST/data/17/9_17_16.wav
16396	3	./AudioMNIST/data/21/3_21_13.wav
16397	9	./AudioMNIST/data/20/9_20_24.wav
16398	5	./AudioMNIST/data/26/5_26_13.wav
16399	9	./AudioMNIST/data/04/9_04_18.wav
16400	8	./AudioMNIST/data/41/8_41_29.wav
16401	7	./AudioMNIST/data/44/7_44_32.wav
16402	2	./AudioMNIST/data/57/2_57_34.wav
16403	4	./AudioMNIST/data/07/4_07_37.wav
16404	1	./AudioMNIST/data/46/1_46_49.wav
16405	3	./AudioMNIST/data/47/3_47_24.wav
16406	4	./AudioMNIST/data/53/4_53_44.wav
16407	0	./AudioMNIST/data/16/0_16_9.wav
16408	9	./AudioMNIST/data/23/9_23_12.wav
16409	7	./AudioMNIST/data/14/7_14_9.wav
16410	7	./AudioMNIST/data/35/7_35_15.wav
16411	7	./AudioMNIST/data/27/7_27_10.wav
16412	5	./AudioMNIST/data/29/5_29_25.wav
16413	1	./AudioMNIST/data/30/1_30_15.wav
16414	6	./AudioMNIST/data/03/6_03_24.wav
16415	8	./AudioMNIST/data/10/8_10_38.wav
16416	2	./AudioMNIST/data/43/2_43_41.wav
16417	4	./AudioMNIST/data/03/4_03_46.wav
16418	4	./AudioMNIST/data/20/4_20_6.wav
16419	9	./AudioMNIST/data/01/9_01_17.wav
16420	8	./AudioMNIST/data/51/8_51_41.wav
16421	7	./AudioMNIST/data/56/7_56_13.wav
16422	1	./AudioMNIST/data/11/1_11_15.wav
16423	9	./AudioMNIST/data/49/9_49_19.wav
16424	8	./AudioMNIST/data/14/8_14_37.wav
16425	0	./AudioMNIST/data/42/0_42_30.wav
16426	5	./AudioMNIST/data/58/5_58_43.wav
16427	5	./AudioMNIST/data/23/5_23_9.wav
16428	8	./AudioMNIST/data/05/8_05_46.wav
16429	5	./AudioMNIST/data/11/5_11_4.wav
16430	7	./AudioMNIST/data/50/7_50_4.wav
16431	9	./AudioMNIST/data/26/9_26_26.wav
16432	5	./AudioMNIST/data/05/5_05_19.wav
16433	3	./AudioMNIST/data/14/3_14_34.wav
16434	0	./AudioMNIST/data/57/0_57_14.wav
16435	4	./AudioMNIST/data/24/4_24_34.wav
16436	4	./AudioMNIST/data/25/4_25_5.wav
16437	9	./AudioMNIST/data/36/9_36_29.wav
16438	9	./AudioMNIST/data/25/9_25_49.wav
16439	6	./AudioMNIST/data/41/6_41_32.wav
16440	0	./AudioMNIST/data/36/0_36_10.wav
16441	6	./AudioMNIST/data/57/6_57_15.wav
16442	8	./AudioMNIST/data/26/8_26_31.wav
16443	5	./AudioMNIST/data/09/5_09_8.wav
16444	7	./AudioMNIST/data/50/7_50_44.wav
16445	4	./AudioMNIST/data/25/4_25_12.wav
16446	2	./AudioMNIST/data/57/2_57_30.wav
16447	2	./AudioMNIST/data/26/2_26_45.wav
16448	2	./AudioMNIST/data/53/2_53_46.wav
16449	9	./AudioMNIST/data/20/9_20_15.wav
16450	6	./AudioMNIST/data/06/6_06_18.wav
16451	1	./AudioMNIST/data/30/1_30_42.wav
16452	9	./AudioMNIST/data/44/9_44_34.wav
16453	9	./AudioMNIST/data/36/9_36_19.wav
16454	8	./AudioMNIST/data/07/8_07_35.wav
16455	0	./AudioMNIST/data/42/0_42_1.wav
16456	3	./AudioMNIST/data/39/3_39_47.wav
16457	2	./AudioMNIST/data/15/2_15_13.wav
16458	3	./AudioMNIST/data/26/3_26_41.wav
16459	6	./AudioMNIST/data/33/6_33_31.wav
16460	8	./AudioMNIST/data/41/8_41_37.wav
16461	4	./AudioMNIST/data/45/4_45_23.wav
16462	2	./AudioMNIST/data/01/2_01_49.wav
16463	6	./AudioMNIST/data/42/6_42_40.wav
16464	6	./AudioMNIST/data/46/6_46_7.wav
16465	3	./AudioMNIST/data/59/3_59_6.wav
16466	6	./AudioMNIST/data/08/6_08_21.wav
16467	1	./AudioMNIST/data/36/1_36_29.wav
16468	9	./AudioMNIST/data/53/9_53_10.wav
16469	9	./AudioMNIST/data/09/9_09_21.wav
16470	3	./AudioMNIST/data/58/3_58_24.wav
16471	2	./AudioMNIST/data/42/2_42_39.wav
16472	2	./AudioMNIST/data/01/2_01_47.wav
16473	4	./AudioMNIST/data/05/4_05_21.wav
16474	7	./AudioMNIST/data/37/7_37_8.wav
16475	2	./AudioMNIST/data/45/2_45_23.wav
16476	7	./AudioMNIST/data/36/7_36_37.wav
16477	2	./AudioMNIST/data/20/2_20_0.wav
16478	5	./AudioMNIST/data/49/5_49_0.wav
16479	9	./AudioMNIST/data/24/9_24_6.wav
16480	3	./AudioMNIST/data/02/3_02_17.wav
16481	9	./AudioMNIST/data/41/9_41_35.wav
16482	3	./AudioMNIST/data/14/3_14_25.wav
16483	9	./AudioMNIST/data/54/9_54_47.wav
16484	3	./AudioMNIST/data/37/3_37_25.wav
16485	1	./AudioMNIST/data/41/1_41_17.wav
16486	5	./AudioMNIST/data/35/5_35_47.wav
16487	2	./AudioMNIST/data/44/2_44_34.wav
16488	2	./AudioMNIST/data/19/2_19_37.wav
16489	0	./AudioMNIST/data/39/0_39_35.wav
16490	0	./AudioMNIST/data/16/0_16_1.wav
16491	0	./AudioMNIST/data/30/0_30_33.wav
16492	6	./AudioMNIST/data/53/6_53_40.wav
16493	1	./AudioMNIST/data/45/1_45_6.wav
16494	2	./AudioMNIST/data/23/2_23_40.wav
16495	1	./AudioMNIST/data/05/1_05_40.wav
16496	5	./AudioMNIST/data/05/5_05_46.wav
16497	0	./AudioMNIST/data/03/0_03_15.wav
16498	0	./AudioMNIST/data/40/0_40_44.wav
16499	8	./AudioMNIST/data/18/8_18_6.wav
16500	5	./AudioMNIST/data/20/5_20_49.wav
16501	1	./AudioMNIST/data/12/1_12_31.wav
16502	2	./AudioMNIST/data/20/2_20_32.wav
16503	0	./AudioMNIST/data/22/0_22_34.wav
16504	6	./AudioMNIST/data/41/6_41_39.wav
16505	7	./AudioMNIST/data/55/7_55_7.wav
16506	8	./AudioMNIST/data/09/8_09_37.wav
16507	5	./AudioMNIST/data/44/5_44_33.wav
16508	0	./AudioMNIST/data/58/0_58_24.wav
16509	9	./AudioMNIST/data/45/9_45_8.wav
16510	9	./AudioMNIST/data/36/9_36_49.wav
16511	6	./AudioMNIST/data/36/6_36_33.wav
16512	2	./AudioMNIST/data/43/2_43_30.wav
16513	6	./AudioMNIST/data/15/6_15_28.wav
16514	7	./AudioMNIST/data/37/7_37_17.wav
16515	5	./AudioMNIST/data/35/5_35_46.wav
16516	6	./AudioMNIST/data/60/6_60_13.wav
16517	2	./AudioMNIST/data/11/2_11_6.wav
16518	3	./AudioMNIST/data/43/3_43_29.wav
16519	0	./AudioMNIST/data/55/0_55_16.wav
16520	2	./AudioMNIST/data/22/2_22_17.wav
16521	7	./AudioMNIST/data/42/7_42_19.wav
16522	8	./AudioMNIST/data/58/8_58_13.wav
16523	4	./AudioMNIST/data/43/4_43_7.wav
16524	1	./AudioMNIST/data/30/1_30_27.wav
16525	2	./AudioMNIST/data/27/2_27_2.wav
16526	0	./AudioMNIST/data/50/0_50_34.wav
16527	4	./AudioMNIST/data/60/4_60_49.wav
16528	7	./AudioMNIST/data/47/7_47_31.wav
16529	7	./AudioMNIST/data/04/7_04_39.wav
16530	1	./AudioMNIST/data/05/1_05_33.wav
16531	1	./AudioMNIST/data/38/1_38_19.wav
16532	1	./AudioMNIST/data/17/1_17_36.wav
16533	6	./AudioMNIST/data/30/6_30_46.wav
16534	7	./AudioMNIST/data/14/7_14_20.wav
16535	5	./AudioMNIST/data/29/5_29_34.wav
16536	5	./AudioMNIST/data/40/5_40_3.wav
16537	8	./AudioMNIST/data/33/8_33_49.wav
16538	9	./AudioMNIST/data/53/9_53_1.wav
16539	1	./AudioMNIST/data/47/1_47_39.wav
16540	0	./AudioMNIST/data/43/0_43_40.wav
16541	7	./AudioMNIST/data/49/7_49_40.wav
16542	0	./AudioMNIST/data/09/0_09_31.wav
16543	5	./AudioMNIST/data/44/5_44_28.wav
16544	1	./AudioMNIST/data/55/1_55_37.wav
16545	4	./AudioMNIST/data/14/4_14_35.wav
16546	2	./AudioMNIST/data/39/2_39_31.wav
16547	2	./AudioMNIST/data/23/2_23_17.wav
16548	3	./AudioMNIST/data/33/3_33_6.wav
16549	9	./AudioMNIST/data/20/9_20_44.wav
16550	2	./AudioMNIST/data/25/2_25_33.wav
16551	4	./AudioMNIST/data/35/4_35_42.wav
16552	5	./AudioMNIST/data/57/5_57_24.wav
16553	3	./AudioMNIST/data/30/3_30_46.wav
16554	9	./AudioMNIST/data/51/9_51_14.wav
16555	2	./AudioMNIST/data/20/2_20_34.wav
16556	0	./AudioMNIST/data/38/0_38_38.wav
16557	9	./AudioMNIST/data/06/9_06_48.wav
16558	9	./AudioMNIST/data/16/9_16_39.wav
16559	9	./AudioMNIST/data/43/9_43_20.wav
16560	0	./AudioMNIST/data/28/0_28_44.wav
16561	4	./AudioMNIST/data/15/4_15_20.wav
16562	8	./AudioMNIST/data/07/8_07_40.wav
16563	7	./AudioMNIST/data/31/7_31_43.wav
16564	1	./AudioMNIST/data/49/1_49_33.wav
16565	5	./AudioMNIST/data/38/5_38_35.wav
16566	4	./AudioMNIST/data/55/4_55_1.wav
16567	0	./AudioMNIST/data/41/0_41_49.wav
16568	3	./AudioMNIST/data/52/3_52_49.wav
16569	6	./AudioMNIST/data/41/6_41_43.wav
16570	0	./AudioMNIST/data/48/0_48_22.wav
16571	9	./AudioMNIST/data/32/9_32_9.wav
16572	8	./AudioMNIST/data/05/8_05_7.wav
16573	2	./AudioMNIST/data/40/2_40_12.wav
16574	9	./AudioMNIST/data/12/9_12_39.wav
16575	3	./AudioMNIST/data/20/3_20_6.wav
16576	9	./AudioMNIST/data/42/9_42_22.wav
16577	4	./AudioMNIST/data/28/4_28_2.wav
16578	1	./AudioMNIST/data/33/1_33_6.wav
16579	8	./AudioMNIST/data/56/8_56_14.wav
16580	8	./AudioMNIST/data/15/8_15_48.wav
16581	0	./AudioMNIST/data/40/0_40_6.wav
16582	5	./AudioMNIST/data/10/5_10_21.wav
16583	7	./AudioMNIST/data/23/7_23_23.wav
16584	4	./AudioMNIST/data/35/4_35_40.wav
16585	1	./AudioMNIST/data/07/1_07_0.wav
16586	0	./AudioMNIST/data/24/0_24_9.wav
16587	1	./AudioMNIST/data/15/1_15_26.wav
16588	2	./AudioMNIST/data/22/2_22_34.wav
16589	1	./AudioMNIST/data/19/1_19_4.wav
16590	4	./AudioMNIST/data/24/4_24_32.wav
16591	2	./AudioMNIST/data/48/2_48_4.wav
16592	7	./AudioMNIST/data/57/7_57_40.wav
16593	3	./AudioMNIST/data/02/3_02_11.wav
16594	9	./AudioMNIST/data/24/9_24_45.wav
16595	9	./AudioMNIST/data/33/9_33_15.wav
16596	4	./AudioMNIST/data/59/4_59_18.wav
16597	0	./AudioMNIST/data/35/0_35_21.wav
16598	5	./AudioMNIST/data/39/5_39_45.wav
16599	7	./AudioMNIST/data/41/7_41_10.wav
16600	3	./AudioMNIST/data/15/3_15_24.wav
16601	5	./AudioMNIST/data/10/5_10_44.wav
16602	2	./AudioMNIST/data/55/2_55_44.wav
16603	6	./AudioMNIST/data/18/6_18_48.wav
16604	9	./AudioMNIST/data/10/9_10_36.wav
16605	3	./AudioMNIST/data/44/3_44_7.wav
16606	5	./AudioMNIST/data/53/5_53_49.wav
16607	0	./AudioMNIST/data/52/0_52_28.wav
16608	5	./AudioMNIST/data/22/5_22_7.wav
16609	0	./AudioMNIST/data/14/0_14_6.wav
16610	4	./AudioMNIST/data/02/4_02_37.wav
16611	4	./AudioMNIST/data/38/4_38_48.wav
16612	6	./AudioMNIST/data/17/6_17_20.wav
16613	5	./AudioMNIST/data/55/5_55_2.wav
16614	8	./AudioMNIST/data/02/8_02_25.wav
16615	6	./AudioMNIST/data/06/6_06_24.wav
16616	8	./AudioMNIST/data/30/8_30_12.wav
16617	3	./AudioMNIST/data/30/3_30_22.wav
16618	0	./AudioMNIST/data/28/0_28_26.wav
16619	4	./AudioMNIST/data/26/4_26_4.wav
16620	5	./AudioMNIST/data/26/5_26_48.wav
16621	7	./AudioMNIST/data/50/7_50_47.wav
16622	3	./AudioMNIST/data/18/3_18_12.wav
16623	7	./AudioMNIST/data/34/7_34_29.wav
16624	2	./AudioMNIST/data/12/2_12_2.wav
16625	2	./AudioMNIST/data/15/2_15_9.wav
16626	2	./AudioMNIST/data/20/2_20_19.wav
16627	9	./AudioMNIST/data/43/9_43_5.wav
16628	6	./AudioMNIST/data/27/6_27_24.wav
16629	8	./AudioMNIST/data/53/8_53_10.wav
16630	4	./AudioMNIST/data/22/4_22_11.wav
16631	3	./AudioMNIST/data/02/3_02_7.wav
16632	5	./AudioMNIST/data/14/5_14_5.wav
16633	6	./AudioMNIST/data/56/6_56_37.wav
16634	1	./AudioMNIST/data/16/1_16_38.wav
16635	1	./AudioMNIST/data/12/1_12_22.wav
16636	7	./AudioMNIST/data/12/7_12_32.wav
16637	4	./AudioMNIST/data/15/4_15_44.wav
16638	1	./AudioMNIST/data/15/1_15_28.wav
16639	7	./AudioMNIST/data/32/7_32_8.wav
16640	6	./AudioMNIST/data/03/6_03_30.wav
16641	9	./AudioMNIST/data/06/9_06_37.wav
16642	7	./AudioMNIST/data/34/7_34_14.wav
16643	6	./AudioMNIST/data/09/6_09_38.wav
16644	7	./AudioMNIST/data/41/7_41_32.wav
16645	3	./AudioMNIST/data/54/3_54_29.wav
16646	2	./AudioMNIST/data/13/2_13_39.wav
16647	1	./AudioMNIST/data/42/1_42_2.wav
16648	4	./AudioMNIST/data/22/4_22_14.wav
16649	4	./AudioMNIST/data/28/4_28_21.wav
16650	5	./AudioMNIST/data/58/5_58_25.wav
16651	6	./AudioMNIST/data/01/6_01_1.wav
16652	1	./AudioMNIST/data/26/1_26_48.wav
16653	2	./AudioMNIST/data/49/2_49_42.wav
16654	7	./AudioMNIST/data/04/7_04_24.wav
16655	0	./AudioMNIST/data/23/0_23_36.wav
16656	0	./AudioMNIST/data/28/0_28_46.wav
16657	7	./AudioMNIST/data/01/7_01_44.wav
16658	1	./AudioMNIST/data/05/1_05_39.wav
16659	5	./AudioMNIST/data/44/5_44_24.wav
16660	4	./AudioMNIST/data/18/4_18_30.wav
16661	0	./AudioMNIST/data/26/0_26_42.wav
16662	0	./AudioMNIST/data/37/0_37_15.wav
16663	6	./AudioMNIST/data/03/6_03_35.wav
16664	7	./AudioMNIST/data/37/7_37_12.wav
16665	4	./AudioMNIST/data/12/4_12_40.wav
16666	1	./AudioMNIST/data/08/1_08_26.wav
16667	1	./AudioMNIST/data/43/1_43_2.wav
16668	9	./AudioMNIST/data/54/9_54_6.wav
16669	3	./AudioMNIST/data/45/3_45_38.wav
16670	7	./AudioMNIST/data/22/7_22_21.wav
16671	9	./AudioMNIST/data/31/9_31_18.wav
16672	6	./AudioMNIST/data/55/6_55_17.wav
16673	5	./AudioMNIST/data/04/5_04_13.wav
16674	1	./AudioMNIST/data/24/1_24_34.wav
16675	8	./AudioMNIST/data/15/8_15_41.wav
16676	2	./AudioMNIST/data/45/2_45_11.wav
16677	1	./AudioMNIST/data/08/1_08_43.wav
16678	5	./AudioMNIST/data/02/5_02_5.wav
16679	9	./AudioMNIST/data/17/9_17_30.wav
16680	8	./AudioMNIST/data/34/8_34_0.wav
16681	2	./AudioMNIST/data/21/2_21_20.wav
16682	4	./AudioMNIST/data/54/4_54_18.wav
16683	4	./AudioMNIST/data/14/4_14_33.wav
16684	1	./AudioMNIST/data/30/1_30_21.wav
16685	7	./AudioMNIST/data/14/7_14_4.wav
16686	2	./AudioMNIST/data/02/2_02_41.wav
16687	3	./AudioMNIST/data/55/3_55_47.wav
16688	3	./AudioMNIST/data/35/3_35_5.wav
16689	5	./AudioMNIST/data/35/5_35_4.wav
16690	9	./AudioMNIST/data/45/9_45_12.wav
16691	1	./AudioMNIST/data/11/1_11_1.wav
16692	5	./AudioMNIST/data/38/5_38_9.wav
16693	0	./AudioMNIST/data/28/0_28_4.wav
16694	3	./AudioMNIST/data/41/3_41_1.wav
16695	3	./AudioMNIST/data/39/3_39_25.wav
16696	4	./AudioMNIST/data/35/4_35_1.wav
16697	8	./AudioMNIST/data/42/8_42_41.wav
16698	9	./AudioMNIST/data/49/9_49_1.wav
16699	4	./AudioMNIST/data/01/4_01_43.wav
16700	2	./AudioMNIST/data/36/2_36_15.wav
16701	6	./AudioMNIST/data/43/6_43_28.wav
16702	2	./AudioMNIST/data/43/2_43_10.wav
16703	4	./AudioMNIST/data/06/4_06_45.wav
16704	1	./AudioMNIST/data/32/1_32_32.wav
16705	7	./AudioMNIST/data/15/7_15_41.wav
16706	3	./AudioMNIST/data/27/3_27_24.wav
16707	1	./AudioMNIST/data/35/1_35_43.wav
16708	3	./AudioMNIST/data/47/3_47_28.wav
16709	8	./AudioMNIST/data/16/8_16_20.wav
16710	8	./AudioMNIST/data/35/8_35_8.wav
16711	9	./AudioMNIST/data/11/9_11_47.wav
16712	7	./AudioMNIST/data/31/7_31_18.wav
16713	3	./AudioMNIST/data/17/3_17_32.wav
16714	4	./AudioMNIST/data/35/4_35_22.wav
16715	5	./AudioMNIST/data/28/5_28_9.wav
16716	8	./AudioMNIST/data/27/8_27_16.wav
16717	1	./AudioMNIST/data/42/1_42_30.wav
16718	0	./AudioMNIST/data/18/0_18_25.wav
16719	0	./AudioMNIST/data/35/0_35_26.wav
16720	9	./AudioMNIST/data/20/9_20_5.wav
16721	9	./AudioMNIST/data/08/9_08_23.wav
16722	9	./AudioMNIST/data/16/9_16_37.wav
16723	5	./AudioMNIST/data/21/5_21_40.wav
16724	1	./AudioMNIST/data/21/1_21_14.wav
16725	8	./AudioMNIST/data/45/8_45_49.wav
16726	0	./AudioMNIST/data/22/0_22_8.wav
16727	8	./AudioMNIST/data/60/8_60_30.wav
16728	3	./AudioMNIST/data/06/3_06_33.wav
16729	3	./AudioMNIST/data/39/3_39_13.wav
16730	8	./AudioMNIST/data/16/8_16_19.wav
16731	3	./AudioMNIST/data/04/3_04_3.wav
16732	8	./AudioMNIST/data/12/8_12_2.wav
16733	6	./AudioMNIST/data/53/6_53_49.wav
16734	1	./AudioMNIST/data/02/1_02_43.wav
16735	8	./AudioMNIST/data/18/8_18_12.wav
16736	0	./AudioMNIST/data/48/0_48_33.wav
16737	9	./AudioMNIST/data/40/9_40_24.wav
16738	7	./AudioMNIST/data/03/7_03_41.wav
16739	2	./AudioMNIST/data/54/2_54_25.wav
16740	3	./AudioMNIST/data/09/3_09_6.wav
16741	5	./AudioMNIST/data/21/5_21_26.wav
16742	2	./AudioMNIST/data/25/2_25_30.wav
16743	0	./AudioMNIST/data/02/0_02_16.wav
16744	5	./AudioMNIST/data/20/5_20_34.wav
16745	7	./AudioMNIST/data/05/7_05_46.wav
16746	5	./AudioMNIST/data/06/5_06_24.wav
16747	1	./AudioMNIST/data/51/1_51_45.wav
16748	5	./AudioMNIST/data/08/5_08_35.wav
16749	4	./AudioMNIST/data/53/4_53_35.wav
16750	1	./AudioMNIST/data/34/1_34_37.wav
16751	7	./AudioMNIST/data/06/7_06_16.wav
16752	7	./AudioMNIST/data/47/7_47_14.wav
16753	0	./AudioMNIST/data/20/0_20_14.wav
16754	6	./AudioMNIST/data/29/6_29_5.wav
16755	7	./AudioMNIST/data/39/7_39_32.wav
16756	3	./AudioMNIST/data/14/3_14_42.wav
16757	7	./AudioMNIST/data/43/7_43_44.wav
16758	1	./AudioMNIST/data/05/1_05_3.wav
16759	2	./AudioMNIST/data/49/2_49_17.wav
16760	1	./AudioMNIST/data/47/1_47_7.wav
16761	1	./AudioMNIST/data/31/1_31_31.wav
16762	5	./AudioMNIST/data/18/5_18_9.wav
16763	6	./AudioMNIST/data/31/6_31_38.wav
16764	1	./AudioMNIST/data/11/1_11_11.wav
16765	6	./AudioMNIST/data/22/6_22_40.wav
16766	8	./AudioMNIST/data/17/8_17_34.wav
16767	2	./AudioMNIST/data/13/2_13_3.wav
16768	0	./AudioMNIST/data/30/0_30_3.wav
16769	8	./AudioMNIST/data/53/8_53_26.wav
16770	2	./AudioMNIST/data/53/2_53_1.wav
16771	6	./AudioMNIST/data/44/6_44_0.wav
16772	1	./AudioMNIST/data/33/1_33_20.wav
16773	0	./AudioMNIST/data/56/0_56_25.wav
16774	4	./AudioMNIST/data/26/4_26_45.wav
16775	2	./AudioMNIST/data/60/2_60_24.wav
16776	6	./AudioMNIST/data/28/6_28_9.wav
16777	2	./AudioMNIST/data/21/2_21_44.wav
16778	2	./AudioMNIST/data/29/2_29_17.wav
16779	6	./AudioMNIST/data/42/6_42_15.wav
16780	7	./AudioMNIST/data/40/7_40_4.wav
16781	8	./AudioMNIST/data/39/8_39_1.wav
16782	7	./AudioMNIST/data/11/7_11_20.wav
16783	2	./AudioMNIST/data/38/2_38_21.wav
16784	9	./AudioMNIST/data/02/9_02_27.wav
16785	2	./AudioMNIST/data/43/2_43_35.wav
16786	8	./AudioMNIST/data/33/8_33_1.wav
16787	3	./AudioMNIST/data/04/3_04_17.wav
16788	3	./AudioMNIST/data/30/3_30_43.wav
16789	6	./AudioMNIST/data/22/6_22_42.wav
16790	4	./AudioMNIST/data/18/4_18_39.wav
16791	5	./AudioMNIST/data/16/5_16_32.wav
16792	9	./AudioMNIST/data/36/9_36_10.wav
16793	6	./AudioMNIST/data/18/6_18_38.wav
16794	7	./AudioMNIST/data/28/7_28_5.wav
16795	5	./AudioMNIST/data/16/5_16_11.wav
16796	0	./AudioMNIST/data/41/0_41_6.wav
16797	5	./AudioMNIST/data/51/5_51_5.wav
16798	3	./AudioMNIST/data/45/3_45_17.wav
16799	7	./AudioMNIST/data/27/7_27_15.wav
16800	9	./AudioMNIST/data/32/9_32_21.wav
16801	7	./AudioMNIST/data/26/7_26_37.wav
16802	7	./AudioMNIST/data/17/7_17_30.wav
16803	2	./AudioMNIST/data/26/2_26_14.wav
16804	9	./AudioMNIST/data/21/9_21_5.wav
16805	2	./AudioMNIST/data/42/2_42_11.wav
16806	5	./AudioMNIST/data/31/5_31_15.wav
16807	0	./AudioMNIST/data/29/0_29_4.wav
16808	8	./AudioMNIST/data/02/8_02_11.wav
16809	9	./AudioMNIST/data/36/9_36_21.wav
16810	5	./AudioMNIST/data/17/5_17_28.wav
16811	0	./AudioMNIST/data/40/0_40_23.wav
16812	9	./AudioMNIST/data/14/9_14_48.wav
16813	5	./AudioMNIST/data/14/5_14_26.wav
16814	4	./AudioMNIST/data/15/4_15_2.wav
16815	6	./AudioMNIST/data/15/6_15_41.wav
16816	8	./AudioMNIST/data/12/8_12_37.wav
16817	8	./AudioMNIST/data/48/8_48_0.wav
16818	5	./AudioMNIST/data/22/5_22_31.wav
16819	8	./AudioMNIST/data/05/8_05_38.wav
16820	1	./AudioMNIST/data/13/1_13_48.wav
16821	4	./AudioMNIST/data/14/4_14_49.wav
16822	1	./AudioMNIST/data/54/1_54_12.wav
16823	1	./AudioMNIST/data/28/1_28_49.wav
16824	1	./AudioMNIST/data/50/1_50_13.wav
16825	9	./AudioMNIST/data/07/9_07_16.wav
16826	6	./AudioMNIST/data/12/6_12_28.wav
16827	1	./AudioMNIST/data/57/1_57_44.wav
16828	3	./AudioMNIST/data/27/3_27_28.wav
16829	6	./AudioMNIST/data/31/6_31_28.wav
16830	0	./AudioMNIST/data/20/0_20_7.wav
16831	3	./AudioMNIST/data/31/3_31_32.wav
16832	1	./AudioMNIST/data/18/1_18_34.wav
16833	7	./AudioMNIST/data/18/7_18_28.wav
16834	9	./AudioMNIST/data/05/9_05_22.wav
16835	8	./AudioMNIST/data/10/8_10_42.wav
16836	2	./AudioMNIST/data/53/2_53_18.wav
16837	3	./AudioMNIST/data/11/3_11_8.wav
16838	9	./AudioMNIST/data/33/9_33_18.wav
16839	0	./AudioMNIST/data/36/0_36_22.wav
16840	5	./AudioMNIST/data/41/5_41_19.wav
16841	0	./AudioMNIST/data/20/0_20_46.wav
16842	8	./AudioMNIST/data/54/8_54_13.wav
16843	5	./AudioMNIST/data/43/5_43_38.wav
16844	7	./AudioMNIST/data/55/7_55_16.wav
16845	9	./AudioMNIST/data/47/9_47_40.wav
16846	9	./AudioMNIST/data/11/9_11_13.wav
16847	3	./AudioMNIST/data/21/3_21_27.wav
16848	3	./AudioMNIST/data/59/3_59_36.wav
16849	7	./AudioMNIST/data/34/7_34_18.wav
16850	2	./AudioMNIST/data/37/2_37_10.wav
16851	7	./AudioMNIST/data/38/7_38_0.wav
16852	4	./AudioMNIST/data/11/4_11_40.wav
16853	5	./AudioMNIST/data/53/5_53_13.wav
16854	2	./AudioMNIST/data/35/2_35_42.wav
16855	6	./AudioMNIST/data/11/6_11_33.wav
16856	6	./AudioMNIST/data/24/6_24_14.wav
16857	2	./AudioMNIST/data/52/2_52_44.wav
16858	3	./AudioMNIST/data/07/3_07_15.wav
16859	6	./AudioMNIST/data/32/6_32_11.wav
16860	2	./AudioMNIST/data/57/2_57_45.wav
16861	1	./AudioMNIST/data/13/1_13_33.wav
16862	6	./AudioMNIST/data/50/6_50_42.wav
16863	7	./AudioMNIST/data/03/7_03_23.wav
16864	0	./AudioMNIST/data/57/0_57_6.wav
16865	1	./AudioMNIST/data/41/1_41_1.wav
16866	9	./AudioMNIST/data/42/9_42_48.wav
16867	8	./AudioMNIST/data/45/8_45_13.wav
16868	0	./AudioMNIST/data/40/0_40_7.wav
16869	9	./AudioMNIST/data/43/9_43_26.wav
16870	6	./AudioMNIST/data/11/6_11_13.wav
16871	7	./AudioMNIST/data/07/7_07_13.wav
16872	2	./AudioMNIST/data/39/2_39_30.wav
16873	1	./AudioMNIST/data/27/1_27_18.wav
16874	8	./AudioMNIST/data/36/8_36_2.wav
16875	6	./AudioMNIST/data/46/6_46_47.wav
16876	5	./AudioMNIST/data/38/5_38_42.wav
16877	1	./AudioMNIST/data/11/1_11_6.wav
16878	4	./AudioMNIST/data/35/4_35_41.wav
16879	8	./AudioMNIST/data/08/8_08_2.wav
16880	5	./AudioMNIST/data/20/5_20_6.wav
16881	9	./AudioMNIST/data/01/9_01_37.wav
16882	0	./AudioMNIST/data/27/0_27_19.wav
16883	0	./AudioMNIST/data/34/0_34_24.wav
16884	0	./AudioMNIST/data/56/0_56_48.wav
16885	2	./AudioMNIST/data/16/2_16_37.wav
16886	8	./AudioMNIST/data/20/8_20_13.wav
16887	7	./AudioMNIST/data/57/7_57_8.wav
16888	1	./AudioMNIST/data/48/1_48_45.wav
16889	6	./AudioMNIST/data/32/6_32_36.wav
16890	0	./AudioMNIST/data/38/0_38_42.wav
16891	0	./AudioMNIST/data/38/0_38_29.wav
16892	2	./AudioMNIST/data/39/2_39_46.wav
16893	4	./AudioMNIST/data/12/4_12_43.wav
16894	9	./AudioMNIST/data/11/9_11_3.wav
16895	6	./AudioMNIST/data/53/6_53_9.wav
16896	0	./AudioMNIST/data/21/0_21_11.wav
16897	0	./AudioMNIST/data/20/0_20_49.wav
16898	0	./AudioMNIST/data/44/0_44_6.wav
16899	5	./AudioMNIST/data/16/5_16_44.wav
16900	0	./AudioMNIST/data/53/0_53_2.wav
16901	2	./AudioMNIST/data/33/2_33_15.wav
16902	4	./AudioMNIST/data/26/4_26_9.wav
16903	2	./AudioMNIST/data/18/2_18_43.wav
16904	8	./AudioMNIST/data/21/8_21_27.wav
16905	5	./AudioMNIST/data/41/5_41_37.wav
16906	6	./AudioMNIST/data/45/6_45_43.wav
16907	7	./AudioMNIST/data/42/7_42_29.wav
16908	2	./AudioMNIST/data/11/2_11_28.wav
16909	5	./AudioMNIST/data/58/5_58_32.wav
16910	2	./AudioMNIST/data/22/2_22_38.wav
16911	8	./AudioMNIST/data/43/8_43_32.wav
16912	3	./AudioMNIST/data/23/3_23_28.wav
16913	0	./AudioMNIST/data/46/0_46_18.wav
16914	5	./AudioMNIST/data/27/5_27_3.wav
16915	6	./AudioMNIST/data/51/6_51_8.wav
16916	6	./AudioMNIST/data/18/6_18_16.wav
16917	1	./AudioMNIST/data/26/1_26_44.wav
16918	1	./AudioMNIST/data/40/1_40_12.wav
16919	4	./AudioMNIST/data/32/4_32_2.wav
16920	4	./AudioMNIST/data/44/4_44_38.wav
16921	9	./AudioMNIST/data/46/9_46_32.wav
16922	0	./AudioMNIST/data/15/0_15_40.wav
16923	4	./AudioMNIST/data/51/4_51_31.wav
16924	1	./AudioMNIST/data/53/1_53_12.wav
16925	7	./AudioMNIST/data/22/7_22_20.wav
16926	1	./AudioMNIST/data/19/1_19_41.wav
16927	9	./AudioMNIST/data/30/9_30_7.wav
16928	7	./AudioMNIST/data/38/7_38_35.wav
16929	8	./AudioMNIST/data/21/8_21_44.wav
16930	3	./AudioMNIST/data/56/3_56_42.wav
16931	3	./AudioMNIST/data/11/3_11_22.wav
16932	4	./AudioMNIST/data/06/4_06_25.wav
16933	4	./AudioMNIST/data/45/4_45_26.wav
16934	9	./AudioMNIST/data/22/9_22_7.wav
16935	9	./AudioMNIST/data/11/9_11_26.wav
16936	9	./AudioMNIST/data/01/9_01_1.wav
16937	0	./AudioMNIST/data/31/0_31_19.wav
16938	8	./AudioMNIST/data/25/8_25_6.wav
16939	6	./AudioMNIST/data/19/6_19_22.wav
16940	7	./AudioMNIST/data/19/7_19_28.wav
16941	6	./AudioMNIST/data/04/6_04_0.wav
16942	9	./AudioMNIST/data/20/9_20_14.wav
16943	3	./AudioMNIST/data/21/3_21_31.wav
16944	3	./AudioMNIST/data/02/3_02_22.wav
16945	0	./AudioMNIST/data/33/0_33_30.wav
16946	5	./AudioMNIST/data/25/5_25_45.wav
16947	2	./AudioMNIST/data/16/2_16_44.wav
16948	3	./AudioMNIST/data/53/3_53_0.wav
16949	7	./AudioMNIST/data/07/7_07_33.wav
16950	7	./AudioMNIST/data/38/7_38_27.wav
16951	2	./AudioMNIST/data/53/2_53_3.wav
16952	9	./AudioMNIST/data/01/9_01_27.wav
16953	6	./AudioMNIST/data/01/6_01_14.wav
16954	3	./AudioMNIST/data/21/3_21_21.wav
16955	7	./AudioMNIST/data/56/7_56_29.wav
16956	0	./AudioMNIST/data/22/0_22_23.wav
16957	5	./AudioMNIST/data/44/5_44_45.wav
16958	6	./AudioMNIST/data/08/6_08_38.wav
16959	3	./AudioMNIST/data/12/3_12_49.wav
16960	0	./AudioMNIST/data/26/0_26_0.wav
16961	0	./AudioMNIST/data/45/0_45_40.wav
16962	7	./AudioMNIST/data/44/7_44_41.wav
16963	4	./AudioMNIST/data/34/4_34_7.wav
16964	7	./AudioMNIST/data/48/7_48_23.wav
16965	9	./AudioMNIST/data/39/9_39_18.wav
16966	5	./AudioMNIST/data/51/5_51_13.wav
16967	0	./AudioMNIST/data/34/0_34_45.wav
16968	4	./AudioMNIST/data/35/4_35_36.wav
16969	6	./AudioMNIST/data/58/6_58_32.wav
16970	1	./AudioMNIST/data/36/1_36_35.wav
16971	6	./AudioMNIST/data/43/6_43_33.wav
16972	9	./AudioMNIST/data/23/9_23_33.wav
16973	1	./AudioMNIST/data/34/1_34_38.wav
16974	2	./AudioMNIST/data/22/2_22_31.wav
16975	1	./AudioMNIST/data/45/1_45_20.wav
16976	5	./AudioMNIST/data/02/5_02_24.wav
16977	1	./AudioMNIST/data/48/1_48_38.wav
16978	4	./AudioMNIST/data/27/4_27_45.wav
16979	2	./AudioMNIST/data/27/2_27_17.wav
16980	1	./AudioMNIST/data/29/1_29_46.wav
16981	0	./AudioMNIST/data/17/0_17_33.wav
16982	5	./AudioMNIST/data/17/5_17_47.wav
16983	0	./AudioMNIST/data/36/0_36_48.wav
16984	0	./AudioMNIST/data/30/0_30_20.wav
16985	1	./AudioMNIST/data/57/1_57_28.wav
16986	4	./AudioMNIST/data/29/4_29_12.wav
16987	6	./AudioMNIST/data/09/6_09_14.wav
16988	2	./AudioMNIST/data/24/2_24_33.wav
16989	0	./AudioMNIST/data/19/0_19_35.wav
16990	5	./AudioMNIST/data/56/5_56_41.wav
16991	1	./AudioMNIST/data/37/1_37_18.wav
16992	3	./AudioMNIST/data/13/3_13_27.wav
16993	8	./AudioMNIST/data/46/8_46_7.wav
16994	0	./AudioMNIST/data/20/0_20_13.wav
16995	2	./AudioMNIST/data/50/2_50_12.wav
16996	7	./AudioMNIST/data/01/7_01_1.wav
16997	5	./AudioMNIST/data/18/5_18_8.wav
16998	9	./AudioMNIST/data/44/9_44_9.wav
16999	5	./AudioMNIST/data/14/5_14_11.wav
17000	6	./AudioMNIST/data/21/6_21_27.wav
17001	6	./AudioMNIST/data/12/6_12_26.wav
17002	8	./AudioMNIST/data/09/8_09_1.wav
17003	9	./AudioMNIST/data/58/9_58_35.wav
17004	1	./AudioMNIST/data/34/1_34_39.wav
17005	2	./AudioMNIST/data/18/2_18_42.wav
17006	7	./AudioMNIST/data/30/7_30_23.wav
17007	6	./AudioMNIST/data/01/6_01_49.wav
17008	7	./AudioMNIST/data/41/7_41_47.wav
17009	3	./AudioMNIST/data/36/3_36_5.wav
17010	3	./AudioMNIST/data/44/3_44_4.wav
17011	3	./AudioMNIST/data/47/3_47_21.wav
17012	4	./AudioMNIST/data/43/4_43_26.wav
17013	4	./AudioMNIST/data/32/4_32_36.wav
17014	5	./AudioMNIST/data/43/5_43_34.wav
17015	6	./AudioMNIST/data/39/6_39_15.wav
17016	7	./AudioMNIST/data/38/7_38_39.wav
17017	5	./AudioMNIST/data/42/5_42_12.wav
17018	4	./AudioMNIST/data/22/4_22_12.wav
17019	7	./AudioMNIST/data/03/7_03_45.wav
17020	8	./AudioMNIST/data/42/8_42_8.wav
17021	7	./AudioMNIST/data/11/7_11_9.wav
17022	9	./AudioMNIST/data/34/9_34_31.wav
17023	3	./AudioMNIST/data/53/3_53_10.wav
17024	9	./AudioMNIST/data/07/9_07_41.wav
17025	8	./AudioMNIST/data/19/8_19_3.wav
17026	5	./AudioMNIST/data/07/5_07_10.wav
17027	8	./AudioMNIST/data/56/8_56_43.wav
17028	2	./AudioMNIST/data/59/2_59_41.wav
17029	2	./AudioMNIST/data/43/2_43_31.wav
17030	0	./AudioMNIST/data/54/0_54_5.wav
17031	3	./AudioMNIST/data/45/3_45_31.wav
17032	4	./AudioMNIST/data/34/4_34_23.wav
17033	7	./AudioMNIST/data/26/7_26_49.wav
17034	8	./AudioMNIST/data/37/8_37_48.wav
17035	9	./AudioMNIST/data/55/9_55_0.wav
17036	3	./AudioMNIST/data/47/3_47_18.wav
17037	4	./AudioMNIST/data/36/4_36_29.wav
17038	0	./AudioMNIST/data/47/0_47_49.wav
17039	2	./AudioMNIST/data/44/2_44_8.wav
17040	7	./AudioMNIST/data/44/7_44_47.wav
17041	1	./AudioMNIST/data/35/1_35_15.wav
17042	9	./AudioMNIST/data/50/9_50_47.wav
17043	4	./AudioMNIST/data/43/4_43_29.wav
17044	0	./AudioMNIST/data/57/0_57_39.wav
17045	5	./AudioMNIST/data/19/5_19_1.wav
17046	3	./AudioMNIST/data/50/3_50_42.wav
17047	9	./AudioMNIST/data/49/9_49_49.wav
17048	6	./AudioMNIST/data/19/6_19_44.wav
17049	0	./AudioMNIST/data/22/0_22_12.wav
17050	1	./AudioMNIST/data/25/1_25_7.wav
17051	9	./AudioMNIST/data/13/9_13_45.wav
17052	0	./AudioMNIST/data/07/0_07_18.wav
17053	1	./AudioMNIST/data/26/1_26_29.wav
17054	3	./AudioMNIST/data/22/3_22_47.wav
17055	0	./AudioMNIST/data/45/0_45_19.wav
17056	0	./AudioMNIST/data/57/0_57_29.wav
17057	9	./AudioMNIST/data/43/9_43_23.wav
17058	0	./AudioMNIST/data/06/0_06_34.wav
17059	6	./AudioMNIST/data/58/6_58_0.wav
17060	7	./AudioMNIST/data/15/7_15_18.wav
17061	1	./AudioMNIST/data/36/1_36_41.wav
17062	2	./AudioMNIST/data/33/2_33_38.wav
17063	5	./AudioMNIST/data/14/5_14_2.wav
17064	7	./AudioMNIST/data/21/7_21_18.wav
17065	7	./AudioMNIST/data/19/7_19_39.wav
17066	7	./AudioMNIST/data/52/7_52_48.wav
17067	0	./AudioMNIST/data/42/0_42_47.wav
17068	7	./AudioMNIST/data/33/7_33_11.wav
17069	1	./AudioMNIST/data/10/1_10_0.wav
17070	9	./AudioMNIST/data/12/9_12_26.wav
17071	0	./AudioMNIST/data/16/0_16_15.wav
17072	1	./AudioMNIST/data/15/1_15_43.wav
17073	4	./AudioMNIST/data/15/4_15_46.wav
17074	8	./AudioMNIST/data/19/8_19_13.wav
17075	5	./AudioMNIST/data/50/5_50_40.wav
17076	2	./AudioMNIST/data/30/2_30_30.wav
17077	4	./AudioMNIST/data/26/4_26_2.wav
17078	8	./AudioMNIST/data/08/8_08_11.wav
17079	5	./AudioMNIST/data/44/5_44_6.wav
17080	1	./AudioMNIST/data/39/1_39_9.wav
17081	8	./AudioMNIST/data/56/8_56_20.wav
17082	3	./AudioMNIST/data/40/3_40_7.wav
17083	1	./AudioMNIST/data/52/1_52_12.wav
17084	2	./AudioMNIST/data/58/2_58_47.wav
17085	6	./AudioMNIST/data/18/6_18_31.wav
17086	9	./AudioMNIST/data/37/9_37_36.wav
17087	8	./AudioMNIST/data/23/8_23_19.wav
17088	1	./AudioMNIST/data/04/1_04_19.wav
17089	2	./AudioMNIST/data/44/2_44_28.wav
17090	6	./AudioMNIST/data/31/6_31_39.wav
17091	3	./AudioMNIST/data/14/3_14_12.wav
17092	5	./AudioMNIST/data/46/5_46_34.wav
17093	6	./AudioMNIST/data/07/6_07_28.wav
17094	3	./AudioMNIST/data/54/3_54_28.wav
17095	3	./AudioMNIST/data/37/3_37_19.wav
17096	3	./AudioMNIST/data/28/3_28_37.wav
17097	4	./AudioMNIST/data/09/4_09_20.wav
17098	3	./AudioMNIST/data/19/3_19_44.wav
17099	5	./AudioMNIST/data/16/5_16_27.wav
17100	5	./AudioMNIST/data/48/5_48_38.wav
17101	1	./AudioMNIST/data/31/1_31_23.wav
17102	5	./AudioMNIST/data/54/5_54_41.wav
17103	1	./AudioMNIST/data/47/1_47_8.wav
17104	4	./AudioMNIST/data/09/4_09_24.wav
17105	7	./AudioMNIST/data/39/7_39_26.wav
17106	2	./AudioMNIST/data/18/2_18_41.wav
17107	2	./AudioMNIST/data/59/2_59_13.wav
17108	6	./AudioMNIST/data/38/6_38_26.wav
17109	7	./AudioMNIST/data/53/7_53_23.wav
17110	9	./AudioMNIST/data/39/9_39_48.wav
17111	8	./AudioMNIST/data/07/8_07_11.wav
17112	5	./AudioMNIST/data/18/5_18_10.wav
17113	0	./AudioMNIST/data/02/0_02_31.wav
17114	3	./AudioMNIST/data/53/3_53_15.wav
17115	3	./AudioMNIST/data/60/3_60_7.wav
17116	8	./AudioMNIST/data/51/8_51_26.wav
17117	7	./AudioMNIST/data/37/7_37_22.wav
17118	7	./AudioMNIST/data/06/7_06_44.wav
17119	8	./AudioMNIST/data/37/8_37_24.wav
17120	6	./AudioMNIST/data/06/6_06_16.wav
17121	8	./AudioMNIST/data/02/8_02_8.wav
17122	1	./AudioMNIST/data/18/1_18_0.wav
17123	1	./AudioMNIST/data/11/1_11_34.wav
17124	0	./AudioMNIST/data/47/0_47_38.wav
17125	7	./AudioMNIST/data/39/7_39_30.wav
17126	7	./AudioMNIST/data/57/7_57_0.wav
17127	8	./AudioMNIST/data/25/8_25_44.wav
17128	6	./AudioMNIST/data/42/6_42_28.wav
17129	5	./AudioMNIST/data/53/5_53_36.wav
17130	3	./AudioMNIST/data/23/3_23_33.wav
17131	1	./AudioMNIST/data/22/1_22_32.wav
17132	8	./AudioMNIST/data/47/8_47_1.wav
17133	9	./AudioMNIST/data/21/9_21_2.wav
17134	6	./AudioMNIST/data/21/6_21_30.wav
17135	6	./AudioMNIST/data/46/6_46_10.wav
17136	2	./AudioMNIST/data/55/2_55_38.wav
17137	1	./AudioMNIST/data/45/1_45_26.wav
17138	0	./AudioMNIST/data/34/0_34_12.wav
17139	1	./AudioMNIST/data/05/1_05_38.wav
17140	0	./AudioMNIST/data/04/0_04_32.wav
17141	1	./AudioMNIST/data/20/1_20_32.wav
17142	9	./AudioMNIST/data/12/9_12_0.wav
17143	4	./AudioMNIST/data/17/4_17_49.wav
17144	9	./AudioMNIST/data/07/9_07_29.wav
17145	1	./AudioMNIST/data/01/1_01_16.wav
17146	0	./AudioMNIST/data/02/0_02_13.wav
17147	1	./AudioMNIST/data/04/1_04_37.wav
17148	0	./AudioMNIST/data/09/0_09_13.wav
17149	1	./AudioMNIST/data/12/1_12_33.wav
17150	7	./AudioMNIST/data/40/7_40_33.wav
17151	9	./AudioMNIST/data/57/9_57_32.wav
17152	7	./AudioMNIST/data/03/7_03_0.wav
17153	0	./AudioMNIST/data/14/0_14_22.wav
17154	3	./AudioMNIST/data/27/3_27_1.wav
17155	2	./AudioMNIST/data/52/2_52_26.wav
17156	5	./AudioMNIST/data/36/5_36_41.wav
17157	5	./AudioMNIST/data/15/5_15_21.wav
17158	8	./AudioMNIST/data/43/8_43_43.wav
17159	7	./AudioMNIST/data/13/7_13_35.wav
17160	5	./AudioMNIST/data/51/5_51_29.wav
17161	2	./AudioMNIST/data/21/2_21_39.wav
17162	3	./AudioMNIST/data/03/3_03_39.wav
17163	8	./AudioMNIST/data/39/8_39_30.wav
17164	1	./AudioMNIST/data/21/1_21_8.wav
17165	0	./AudioMNIST/data/22/0_22_41.wav
17166	7	./AudioMNIST/data/17/7_17_1.wav
17167	2	./AudioMNIST/data/02/2_02_42.wav
17168	8	./AudioMNIST/data/22/8_22_31.wav
17169	9	./AudioMNIST/data/54/9_54_14.wav
17170	0	./AudioMNIST/data/38/0_38_1.wav
17171	9	./AudioMNIST/data/47/9_47_28.wav
17172	5	./AudioMNIST/data/39/5_39_1.wav
17173	0	./AudioMNIST/data/16/0_16_12.wav
17174	3	./AudioMNIST/data/26/3_26_14.wav
17175	4	./AudioMNIST/data/21/4_21_23.wav
17176	6	./AudioMNIST/data/44/6_44_1.wav
17177	6	./AudioMNIST/data/03/6_03_0.wav
17178	3	./AudioMNIST/data/50/3_50_7.wav
17179	7	./AudioMNIST/data/18/7_18_36.wav
17180	6	./AudioMNIST/data/34/6_34_2.wav
17181	5	./AudioMNIST/data/33/5_33_17.wav
17182	7	./AudioMNIST/data/36/7_36_31.wav
17183	6	./AudioMNIST/data/02/6_02_4.wav
17184	9	./AudioMNIST/data/04/9_04_34.wav
17185	8	./AudioMNIST/data/45/8_45_31.wav
17186	2	./AudioMNIST/data/32/2_32_23.wav
17187	0	./AudioMNIST/data/16/0_16_4.wav
17188	9	./AudioMNIST/data/49/9_49_22.wav
17189	8	./AudioMNIST/data/11/8_11_7.wav
17190	5	./AudioMNIST/data/58/5_58_47.wav
17191	1	./AudioMNIST/data/53/1_53_21.wav
17192	3	./AudioMNIST/data/22/3_22_32.wav
17193	0	./AudioMNIST/data/18/0_18_10.wav
17194	5	./AudioMNIST/data/44/5_44_38.wav
17195	4	./AudioMNIST/data/49/4_49_47.wav
17196	3	./AudioMNIST/data/41/3_41_31.wav
17197	6	./AudioMNIST/data/57/6_57_28.wav
17198	1	./AudioMNIST/data/38/1_38_42.wav
17199	1	./AudioMNIST/data/55/1_55_11.wav
17200	3	./AudioMNIST/data/27/3_27_37.wav
17201	2	./AudioMNIST/data/60/2_60_6.wav
17202	7	./AudioMNIST/data/56/7_56_10.wav
17203	9	./AudioMNIST/data/13/9_13_25.wav
17204	6	./AudioMNIST/data/14/6_14_48.wav
17205	1	./AudioMNIST/data/34/1_34_10.wav
17206	1	./AudioMNIST/data/29/1_29_22.wav
17207	5	./AudioMNIST/data/49/5_49_16.wav
17208	2	./AudioMNIST/data/10/2_10_24.wav
17209	4	./AudioMNIST/data/52/4_52_26.wav
17210	8	./AudioMNIST/data/45/8_45_16.wav
17211	3	./AudioMNIST/data/17/3_17_33.wav
17212	8	./AudioMNIST/data/42/8_42_44.wav
17213	3	./AudioMNIST/data/59/3_59_49.wav
17214	7	./AudioMNIST/data/37/7_37_6.wav
17215	1	./AudioMNIST/data/31/1_31_29.wav
17216	6	./AudioMNIST/data/30/6_30_24.wav
17217	5	./AudioMNIST/data/24/5_24_34.wav
17218	5	./AudioMNIST/data/32/5_32_49.wav
17219	6	./AudioMNIST/data/12/6_12_45.wav
17220	4	./AudioMNIST/data/54/4_54_49.wav
17221	3	./AudioMNIST/data/17/3_17_41.wav
17222	3	./AudioMNIST/data/58/3_58_16.wav
17223	1	./AudioMNIST/data/05/1_05_12.wav
17224	4	./AudioMNIST/data/48/4_48_5.wav
17225	0	./AudioMNIST/data/33/0_33_23.wav
17226	3	./AudioMNIST/data/59/3_59_13.wav
17227	3	./AudioMNIST/data/17/3_17_37.wav
17228	9	./AudioMNIST/data/45/9_45_9.wav
17229	0	./AudioMNIST/data/26/0_26_19.wav
17230	1	./AudioMNIST/data/08/1_08_5.wav
17231	6	./AudioMNIST/data/17/6_17_21.wav
17232	9	./AudioMNIST/data/47/9_47_38.wav
17233	7	./AudioMNIST/data/45/7_45_34.wav
17234	7	./AudioMNIST/data/57/7_57_42.wav
17235	9	./AudioMNIST/data/06/9_06_36.wav
17236	5	./AudioMNIST/data/35/5_35_1.wav
17237	2	./AudioMNIST/data/26/2_26_41.wav
17238	5	./AudioMNIST/data/03/5_03_48.wav
17239	4	./AudioMNIST/data/14/4_14_29.wav
17240	1	./AudioMNIST/data/14/1_14_2.wav
17241	4	./AudioMNIST/data/40/4_40_8.wav
17242	6	./AudioMNIST/data/15/6_15_39.wav
17243	4	./AudioMNIST/data/54/4_54_47.wav
17244	8	./AudioMNIST/data/22/8_22_30.wav
17245	7	./AudioMNIST/data/01/7_01_12.wav
17246	0	./AudioMNIST/data/42/0_42_36.wav
17247	2	./AudioMNIST/data/44/2_44_16.wav
17248	7	./AudioMNIST/data/28/7_28_42.wav
17249	8	./AudioMNIST/data/58/8_58_45.wav
17250	7	./AudioMNIST/data/45/7_45_19.wav
17251	1	./AudioMNIST/data/21/1_21_42.wav
17252	6	./AudioMNIST/data/19/6_19_11.wav
17253	2	./AudioMNIST/data/26/2_26_46.wav
17254	6	./AudioMNIST/data/20/6_20_19.wav
17255	2	./AudioMNIST/data/12/2_12_45.wav
17256	7	./AudioMNIST/data/21/7_21_49.wav
17257	9	./AudioMNIST/data/40/9_40_8.wav
17258	3	./AudioMNIST/data/38/3_38_20.wav
17259	7	./AudioMNIST/data/50/7_50_49.wav
17260	4	./AudioMNIST/data/35/4_35_30.wav
17261	6	./AudioMNIST/data/21/6_21_19.wav
17262	5	./AudioMNIST/data/24/5_24_48.wav
17263	1	./AudioMNIST/data/04/1_04_36.wav
17264	6	./AudioMNIST/data/46/6_46_6.wav
17265	0	./AudioMNIST/data/05/0_05_28.wav
17266	6	./AudioMNIST/data/15/6_15_32.wav
17267	8	./AudioMNIST/data/26/8_26_37.wav
17268	6	./AudioMNIST/data/44/6_44_26.wav
17269	5	./AudioMNIST/data/26/5_26_40.wav
17270	1	./AudioMNIST/data/09/1_09_26.wav
17271	7	./AudioMNIST/data/11/7_11_23.wav
17272	6	./AudioMNIST/data/60/6_60_31.wav
17273	3	./AudioMNIST/data/45/3_45_3.wav
17274	4	./AudioMNIST/data/48/4_48_27.wav
17275	4	./AudioMNIST/data/48/4_48_11.wav
17276	9	./AudioMNIST/data/44/9_44_48.wav
17277	9	./AudioMNIST/data/07/9_07_47.wav
17278	9	./AudioMNIST/data/15/9_15_1.wav
17279	7	./AudioMNIST/data/27/7_27_35.wav
17280	9	./AudioMNIST/data/22/9_22_37.wav
17281	1	./AudioMNIST/data/51/1_51_43.wav
17282	3	./AudioMNIST/data/26/3_26_2.wav
17283	8	./AudioMNIST/data/26/8_26_29.wav
17284	4	./AudioMNIST/data/14/4_14_15.wav
17285	1	./AudioMNIST/data/31/1_31_38.wav
17286	2	./AudioMNIST/data/52/2_52_1.wav
17287	5	./AudioMNIST/data/37/5_37_14.wav
17288	8	./AudioMNIST/data/18/8_18_26.wav
17289	3	./AudioMNIST/data/57/3_57_31.wav
17290	3	./AudioMNIST/data/21/3_21_1.wav
17291	0	./AudioMNIST/data/16/0_16_17.wav
17292	9	./AudioMNIST/data/23/9_23_19.wav
17293	2	./AudioMNIST/data/50/2_50_37.wav
17294	8	./AudioMNIST/data/04/8_04_18.wav
17295	6	./AudioMNIST/data/12/6_12_3.wav
17296	1	./AudioMNIST/data/01/1_01_44.wav
17297	8	./AudioMNIST/data/41/8_41_27.wav
17298	1	./AudioMNIST/data/45/1_45_5.wav
17299	2	./AudioMNIST/data/29/2_29_10.wav
17300	7	./AudioMNIST/data/43/7_43_45.wav
17301	4	./AudioMNIST/data/50/4_50_16.wav
17302	1	./AudioMNIST/data/10/1_10_17.wav
17303	3	./AudioMNIST/data/21/3_21_33.wav
17304	9	./AudioMNIST/data/60/9_60_35.wav
17305	3	./AudioMNIST/data/43/3_43_2.wav
17306	5	./AudioMNIST/data/32/5_32_1.wav
17307	5	./AudioMNIST/data/50/5_50_21.wav
17308	0	./AudioMNIST/data/29/0_29_29.wav
17309	7	./AudioMNIST/data/04/7_04_5.wav
17310	7	./AudioMNIST/data/19/7_19_14.wav
17311	6	./AudioMNIST/data/08/6_08_6.wav
17312	5	./AudioMNIST/data/24/5_24_15.wav
17313	2	./AudioMNIST/data/08/2_08_45.wav
17314	2	./AudioMNIST/data/15/2_15_29.wav
17315	4	./AudioMNIST/data/23/4_23_29.wav
17316	5	./AudioMNIST/data/48/5_48_11.wav
17317	2	./AudioMNIST/data/06/2_06_35.wav
17318	1	./AudioMNIST/data/32/1_32_44.wav
17319	1	./AudioMNIST/data/20/1_20_25.wav
17320	3	./AudioMNIST/data/24/3_24_16.wav
17321	3	./AudioMNIST/data/56/3_56_43.wav
17322	0	./AudioMNIST/data/33/0_33_15.wav
17323	5	./AudioMNIST/data/04/5_04_35.wav
17324	9	./AudioMNIST/data/14/9_14_11.wav
17325	3	./AudioMNIST/data/09/3_09_29.wav
17326	7	./AudioMNIST/data/56/7_56_34.wav
17327	4	./AudioMNIST/data/06/4_06_32.wav
17328	0	./AudioMNIST/data/36/0_36_26.wav
17329	5	./AudioMNIST/data/03/5_03_2.wav
17330	2	./AudioMNIST/data/52/2_52_25.wav
17331	2	./AudioMNIST/data/55/2_55_15.wav
17332	8	./AudioMNIST/data/28/8_28_25.wav
17333	6	./AudioMNIST/data/40/6_40_42.wav
17334	0	./AudioMNIST/data/04/0_04_11.wav
17335	7	./AudioMNIST/data/19/7_19_40.wav
17336	1	./AudioMNIST/data/60/1_60_43.wav
17337	4	./AudioMNIST/data/05/4_05_10.wav
17338	5	./AudioMNIST/data/53/5_53_11.wav
17339	1	./AudioMNIST/data/43/1_43_35.wav
17340	4	./AudioMNIST/data/14/4_14_40.wav
17341	8	./AudioMNIST/data/35/8_35_7.wav
17342	3	./AudioMNIST/data/16/3_16_36.wav
17343	6	./AudioMNIST/data/35/6_35_13.wav
17344	6	./AudioMNIST/data/41/6_41_47.wav
17345	5	./AudioMNIST/data/46/5_46_1.wav
17346	4	./AudioMNIST/data/55/4_55_41.wav
17347	2	./AudioMNIST/data/48/2_48_18.wav
17348	7	./AudioMNIST/data/01/7_01_6.wav
17349	7	./AudioMNIST/data/05/7_05_32.wav
17350	5	./AudioMNIST/data/22/5_22_30.wav
17351	4	./AudioMNIST/data/26/4_26_43.wav
17352	8	./AudioMNIST/data/12/8_12_19.wav
17353	7	./AudioMNIST/data/44/7_44_39.wav
17354	4	./AudioMNIST/data/60/4_60_43.wav
17355	8	./AudioMNIST/data/17/8_17_3.wav
17356	9	./AudioMNIST/data/21/9_21_13.wav
17357	3	./AudioMNIST/data/42/3_42_44.wav
17358	4	./AudioMNIST/data/18/4_18_26.wav
17359	5	./AudioMNIST/data/33/5_33_8.wav
17360	7	./AudioMNIST/data/58/7_58_10.wav
17361	2	./AudioMNIST/data/01/2_01_42.wav
17362	9	./AudioMNIST/data/48/9_48_1.wav
17363	6	./AudioMNIST/data/09/6_09_21.wav
17364	3	./AudioMNIST/data/05/3_05_39.wav
17365	8	./AudioMNIST/data/46/8_46_21.wav
17366	0	./AudioMNIST/data/52/0_52_25.wav
17367	8	./AudioMNIST/data/13/8_13_9.wav
17368	1	./AudioMNIST/data/50/1_50_14.wav
17369	4	./AudioMNIST/data/15/4_15_47.wav
17370	8	./AudioMNIST/data/33/8_33_21.wav
17371	2	./AudioMNIST/data/11/2_11_17.wav
17372	1	./AudioMNIST/data/05/1_05_21.wav
17373	3	./AudioMNIST/data/32/3_32_40.wav
17374	0	./AudioMNIST/data/58/0_58_47.wav
17375	5	./AudioMNIST/data/01/5_01_20.wav
17376	9	./AudioMNIST/data/04/9_04_16.wav
17377	6	./AudioMNIST/data/44/6_44_23.wav
17378	8	./AudioMNIST/data/44/8_44_23.wav
17379	4	./AudioMNIST/data/50/4_50_15.wav
17380	0	./AudioMNIST/data/02/0_02_8.wav
17381	0	./AudioMNIST/data/54/0_54_10.wav
17382	9	./AudioMNIST/data/54/9_54_45.wav
17383	0	./AudioMNIST/data/59/0_59_20.wav
17384	5	./AudioMNIST/data/21/5_21_17.wav
17385	9	./AudioMNIST/data/18/9_18_38.wav
17386	2	./AudioMNIST/data/41/2_41_44.wav
17387	2	./AudioMNIST/data/12/2_12_47.wav
17388	8	./AudioMNIST/data/44/8_44_28.wav
17389	3	./AudioMNIST/data/26/3_26_23.wav
17390	7	./AudioMNIST/data/28/7_28_26.wav
17391	3	./AudioMNIST/data/58/3_58_14.wav
17392	4	./AudioMNIST/data/27/4_27_13.wav
17393	7	./AudioMNIST/data/36/7_36_33.wav
17394	5	./AudioMNIST/data/52/5_52_15.wav
17395	4	./AudioMNIST/data/49/4_49_30.wav
17396	4	./AudioMNIST/data/48/4_48_23.wav
17397	8	./AudioMNIST/data/32/8_32_14.wav
17398	1	./AudioMNIST/data/48/1_48_9.wav
17399	4	./AudioMNIST/data/01/4_01_47.wav
17400	2	./AudioMNIST/data/16/2_16_15.wav
17401	4	./AudioMNIST/data/28/4_28_42.wav
17402	5	./AudioMNIST/data/09/5_09_48.wav
17403	0	./AudioMNIST/data/52/0_52_16.wav
17404	2	./AudioMNIST/data/09/2_09_3.wav
17405	1	./AudioMNIST/data/19/1_19_26.wav
17406	5	./AudioMNIST/data/47/5_47_45.wav
17407	5	./AudioMNIST/data/23/5_23_6.wav
17408	4	./AudioMNIST/data/01/4_01_49.wav
17409	4	./AudioMNIST/data/27/4_27_33.wav
17410	7	./AudioMNIST/data/50/7_50_40.wav
17411	0	./AudioMNIST/data/58/0_58_15.wav
17412	5	./AudioMNIST/data/22/5_22_48.wav
17413	0	./AudioMNIST/data/39/0_39_18.wav
17414	7	./AudioMNIST/data/07/7_07_39.wav
17415	6	./AudioMNIST/data/48/6_48_32.wav
17416	9	./AudioMNIST/data/12/9_12_31.wav
17417	9	./AudioMNIST/data/28/9_28_11.wav
17418	9	./AudioMNIST/data/01/9_01_12.wav
17419	4	./AudioMNIST/data/05/4_05_12.wav
17420	2	./AudioMNIST/data/21/2_21_33.wav
17421	9	./AudioMNIST/data/47/9_47_43.wav
17422	4	./AudioMNIST/data/59/4_59_34.wav
17423	1	./AudioMNIST/data/38/1_38_47.wav
17424	2	./AudioMNIST/data/56/2_56_27.wav
17425	5	./AudioMNIST/data/42/5_42_44.wav
17426	4	./AudioMNIST/data/10/4_10_17.wav
17427	2	./AudioMNIST/data/23/2_23_38.wav
17428	6	./AudioMNIST/data/56/6_56_8.wav
17429	3	./AudioMNIST/data/07/3_07_33.wav
17430	5	./AudioMNIST/data/35/5_35_42.wav
17431	2	./AudioMNIST/data/31/2_31_36.wav
17432	8	./AudioMNIST/data/40/8_40_30.wav
17433	5	./AudioMNIST/data/32/5_32_46.wav
17434	4	./AudioMNIST/data/46/4_46_9.wav
17435	2	./AudioMNIST/data/11/2_11_38.wav
17436	4	./AudioMNIST/data/01/4_01_19.wav
17437	7	./AudioMNIST/data/53/7_53_31.wav
17438	3	./AudioMNIST/data/34/3_34_45.wav
17439	6	./AudioMNIST/data/14/6_14_24.wav
17440	5	./AudioMNIST/data/03/5_03_5.wav
17441	0	./AudioMNIST/data/19/0_19_44.wav
17442	7	./AudioMNIST/data/15/7_15_38.wav
17443	4	./AudioMNIST/data/24/4_24_9.wav
17444	6	./AudioMNIST/data/20/6_20_3.wav
17445	0	./AudioMNIST/data/31/0_31_34.wav
17446	0	./AudioMNIST/data/37/0_37_40.wav
17447	0	./AudioMNIST/data/38/0_38_49.wav
17448	7	./AudioMNIST/data/45/7_45_1.wav
17449	1	./AudioMNIST/data/21/1_21_47.wav
17450	1	./AudioMNIST/data/41/1_41_21.wav
17451	9	./AudioMNIST/data/53/9_53_48.wav
17452	0	./AudioMNIST/data/30/0_30_34.wav
17453	5	./AudioMNIST/data/27/5_27_40.wav
17454	6	./AudioMNIST/data/19/6_19_41.wav
17455	2	./AudioMNIST/data/52/2_52_46.wav
17456	7	./AudioMNIST/data/05/7_05_6.wav
17457	6	./AudioMNIST/data/27/6_27_19.wav
17458	1	./AudioMNIST/data/29/1_29_47.wav
17459	2	./AudioMNIST/data/52/2_52_21.wav
17460	4	./AudioMNIST/data/37/4_37_40.wav
17461	8	./AudioMNIST/data/58/8_58_25.wav
17462	8	./AudioMNIST/data/25/8_25_25.wav
17463	4	./AudioMNIST/data/28/4_28_17.wav
17464	9	./AudioMNIST/data/12/9_12_13.wav
17465	6	./AudioMNIST/data/20/6_20_45.wav
17466	4	./AudioMNIST/data/44/4_44_40.wav
17467	5	./AudioMNIST/data/07/5_07_7.wav
17468	4	./AudioMNIST/data/47/4_47_11.wav
17469	5	./AudioMNIST/data/60/5_60_23.wav
17470	0	./AudioMNIST/data/06/0_06_43.wav
17471	2	./AudioMNIST/data/27/2_27_25.wav
17472	5	./AudioMNIST/data/06/5_06_44.wav
17473	1	./AudioMNIST/data/34/1_34_6.wav
17474	4	./AudioMNIST/data/34/4_34_21.wav
17475	5	./AudioMNIST/data/31/5_31_28.wav
17476	7	./AudioMNIST/data/21/7_21_20.wav
17477	1	./AudioMNIST/data/39/1_39_40.wav
17478	9	./AudioMNIST/data/34/9_34_3.wav
17479	0	./AudioMNIST/data/30/0_30_49.wav
17480	4	./AudioMNIST/data/05/4_05_26.wav
17481	1	./AudioMNIST/data/48/1_48_26.wav
17482	8	./AudioMNIST/data/45/8_45_30.wav
17483	6	./AudioMNIST/data/09/6_09_48.wav
17484	3	./AudioMNIST/data/49/3_49_12.wav
17485	5	./AudioMNIST/data/25/5_25_22.wav
17486	0	./AudioMNIST/data/46/0_46_2.wav
17487	7	./AudioMNIST/data/27/7_27_9.wav
17488	7	./AudioMNIST/data/04/7_04_4.wav
17489	6	./AudioMNIST/data/32/6_32_43.wav
17490	4	./AudioMNIST/data/51/4_51_36.wav
17491	9	./AudioMNIST/data/51/9_51_3.wav
17492	4	./AudioMNIST/data/10/4_10_48.wav
17493	1	./AudioMNIST/data/08/1_08_36.wav
17494	2	./AudioMNIST/data/33/2_33_32.wav
17495	0	./AudioMNIST/data/22/0_22_6.wav
17496	7	./AudioMNIST/data/12/7_12_49.wav
17497	2	./AudioMNIST/data/52/2_52_19.wav
17498	3	./AudioMNIST/data/38/3_38_44.wav
17499	3	./AudioMNIST/data/43/3_43_43.wav
17500	7	./AudioMNIST/data/11/7_11_46.wav
17501	8	./AudioMNIST/data/60/8_60_7.wav
17502	0	./AudioMNIST/data/50/0_50_43.wav
17503	9	./AudioMNIST/data/31/9_31_21.wav
17504	8	./AudioMNIST/data/34/8_34_46.wav
17505	7	./AudioMNIST/data/29/7_29_18.wav
17506	5	./AudioMNIST/data/38/5_38_23.wav
17507	6	./AudioMNIST/data/23/6_23_15.wav
17508	3	./AudioMNIST/data/57/3_57_2.wav
17509	9	./AudioMNIST/data/43/9_43_8.wav
17510	7	./AudioMNIST/data/37/7_37_42.wav
17511	5	./AudioMNIST/data/45/5_45_2.wav
17512	0	./AudioMNIST/data/55/0_55_7.wav
17513	8	./AudioMNIST/data/38/8_38_21.wav
17514	0	./AudioMNIST/data/32/0_32_40.wav
17515	1	./AudioMNIST/data/34/1_34_12.wav
17516	3	./AudioMNIST/data/39/3_39_33.wav
17517	0	./AudioMNIST/data/24/0_24_0.wav
17518	9	./AudioMNIST/data/08/9_08_31.wav
17519	1	./AudioMNIST/data/36/1_36_4.wav
17520	7	./AudioMNIST/data/16/7_16_27.wav
17521	8	./AudioMNIST/data/51/8_51_33.wav
17522	7	./AudioMNIST/data/23/7_23_25.wav
17523	5	./AudioMNIST/data/12/5_12_6.wav
17524	1	./AudioMNIST/data/45/1_45_3.wav
17525	8	./AudioMNIST/data/60/8_60_48.wav
17526	0	./AudioMNIST/data/53/0_53_40.wav
17527	0	./AudioMNIST/data/35/0_35_47.wav
17528	7	./AudioMNIST/data/39/7_39_42.wav
17529	4	./AudioMNIST/data/60/4_60_26.wav
17530	1	./AudioMNIST/data/10/1_10_4.wav
17531	2	./AudioMNIST/data/58/2_58_15.wav
17532	6	./AudioMNIST/data/02/6_02_45.wav
17533	4	./AudioMNIST/data/32/4_32_35.wav
17534	1	./AudioMNIST/data/38/1_38_38.wav
17535	4	./AudioMNIST/data/20/4_20_45.wav
17536	9	./AudioMNIST/data/46/9_46_43.wav
17537	8	./AudioMNIST/data/52/8_52_39.wav
17538	1	./AudioMNIST/data/19/1_19_32.wav
17539	8	./AudioMNIST/data/16/8_16_3.wav
17540	8	./AudioMNIST/data/34/8_34_49.wav
17541	1	./AudioMNIST/data/01/1_01_2.wav
17542	4	./AudioMNIST/data/55/4_55_23.wav
17543	0	./AudioMNIST/data/17/0_17_18.wav
17544	9	./AudioMNIST/data/19/9_19_31.wav
17545	9	./AudioMNIST/data/49/9_49_16.wav
17546	8	./AudioMNIST/data/15/8_15_7.wav
17547	9	./AudioMNIST/data/05/9_05_24.wav
17548	3	./AudioMNIST/data/08/3_08_28.wav
17549	2	./AudioMNIST/data/27/2_27_48.wav
17550	3	./AudioMNIST/data/13/3_13_42.wav
17551	7	./AudioMNIST/data/31/7_31_13.wav
17552	6	./AudioMNIST/data/49/6_49_42.wav
17553	4	./AudioMNIST/data/01/4_01_46.wav
17554	0	./AudioMNIST/data/39/0_39_21.wav
17555	9	./AudioMNIST/data/02/9_02_40.wav
17556	6	./AudioMNIST/data/55/6_55_35.wav
17557	9	./AudioMNIST/data/19/9_19_4.wav
17558	9	./AudioMNIST/data/57/9_57_17.wav
17559	7	./AudioMNIST/data/52/7_52_16.wav
17560	1	./AudioMNIST/data/52/1_52_9.wav
17561	2	./AudioMNIST/data/37/2_37_39.wav
17562	7	./AudioMNIST/data/33/7_33_28.wav
17563	9	./AudioMNIST/data/06/9_06_17.wav
17564	7	./AudioMNIST/data/03/7_03_42.wav
17565	5	./AudioMNIST/data/26/5_26_19.wav
17566	0	./AudioMNIST/data/39/0_39_26.wav
17567	4	./AudioMNIST/data/04/4_04_39.wav
17568	2	./AudioMNIST/data/51/2_51_46.wav
17569	9	./AudioMNIST/data/03/9_03_27.wav
17570	3	./AudioMNIST/data/36/3_36_36.wav
17571	1	./AudioMNIST/data/43/1_43_38.wav
17572	6	./AudioMNIST/data/34/6_34_39.wav
17573	5	./AudioMNIST/data/43/5_43_42.wav
17574	4	./AudioMNIST/data/02/4_02_33.wav
17575	2	./AudioMNIST/data/60/2_60_14.wav
17576	7	./AudioMNIST/data/33/7_33_24.wav
17577	5	./AudioMNIST/data/49/5_49_39.wav
17578	2	./AudioMNIST/data/18/2_18_26.wav
17579	9	./AudioMNIST/data/41/9_41_15.wav
17580	9	./AudioMNIST/data/18/9_18_28.wav
17581	8	./AudioMNIST/data/03/8_03_33.wav
17582	6	./AudioMNIST/data/36/6_36_20.wav
17583	7	./AudioMNIST/data/43/7_43_47.wav
17584	6	./AudioMNIST/data/11/6_11_2.wav
17585	3	./AudioMNIST/data/22/3_22_42.wav
17586	4	./AudioMNIST/data/36/4_36_14.wav
17587	2	./AudioMNIST/data/05/2_05_40.wav
17588	8	./AudioMNIST/data/57/8_57_14.wav
17589	1	./AudioMNIST/data/11/1_11_37.wav
17590	0	./AudioMNIST/data/41/0_41_21.wav
17591	5	./AudioMNIST/data/22/5_22_36.wav
17592	9	./AudioMNIST/data/46/9_46_16.wav
17593	8	./AudioMNIST/data/60/8_60_2.wav
17594	1	./AudioMNIST/data/23/1_23_10.wav
17595	5	./AudioMNIST/data/11/5_11_5.wav
17596	4	./AudioMNIST/data/17/4_17_2.wav
17597	7	./AudioMNIST/data/03/7_03_32.wav
17598	3	./AudioMNIST/data/01/3_01_34.wav
17599	3	./AudioMNIST/data/30/3_30_15.wav
17600	9	./AudioMNIST/data/30/9_30_16.wav
17601	8	./AudioMNIST/data/50/8_50_42.wav
17602	2	./AudioMNIST/data/01/2_01_30.wav
17603	1	./AudioMNIST/data/56/1_56_29.wav
17604	2	./AudioMNIST/data/53/2_53_26.wav
17605	5	./AudioMNIST/data/43/5_43_33.wav
17606	0	./AudioMNIST/data/09/0_09_41.wav
17607	3	./AudioMNIST/data/26/3_26_32.wav
17608	1	./AudioMNIST/data/53/1_53_14.wav
17609	6	./AudioMNIST/data/37/6_37_36.wav
17610	6	./AudioMNIST/data/51/6_51_34.wav
17611	8	./AudioMNIST/data/21/8_21_3.wav
17612	2	./AudioMNIST/data/18/2_18_19.wav
17613	2	./AudioMNIST/data/22/2_22_6.wav
17614	0	./AudioMNIST/data/57/0_57_21.wav
17615	2	./AudioMNIST/data/11/2_11_32.wav
17616	3	./AudioMNIST/data/54/3_54_6.wav
17617	7	./AudioMNIST/data/24/7_24_12.wav
17618	2	./AudioMNIST/data/45/2_45_7.wav
17619	1	./AudioMNIST/data/19/1_19_14.wav
17620	5	./AudioMNIST/data/30/5_30_22.wav
17621	6	./AudioMNIST/data/42/6_42_27.wav
17622	5	./AudioMNIST/data/03/5_03_22.wav
17623	2	./AudioMNIST/data/30/2_30_16.wav
17624	5	./AudioMNIST/data/45/5_45_32.wav
17625	0	./AudioMNIST/data/19/0_19_18.wav
17626	1	./AudioMNIST/data/11/1_11_14.wav
17627	2	./AudioMNIST/data/46/2_46_48.wav
17628	1	./AudioMNIST/data/24/1_24_35.wav
17629	0	./AudioMNIST/data/15/0_15_7.wav
17630	9	./AudioMNIST/data/06/9_06_14.wav
17631	7	./AudioMNIST/data/33/7_33_42.wav
17632	2	./AudioMNIST/data/53/2_53_13.wav
17633	1	./AudioMNIST/data/48/1_48_34.wav
17634	9	./AudioMNIST/data/23/9_23_5.wav
17635	6	./AudioMNIST/data/39/6_39_13.wav
17636	2	./AudioMNIST/data/58/2_58_33.wav
17637	0	./AudioMNIST/data/23/0_23_7.wav
17638	6	./AudioMNIST/data/59/6_59_36.wav
17639	2	./AudioMNIST/data/14/2_14_0.wav
17640	5	./AudioMNIST/data/33/5_33_47.wav
17641	0	./AudioMNIST/data/36/0_36_16.wav
17642	3	./AudioMNIST/data/04/3_04_25.wav
17643	6	./AudioMNIST/data/28/6_28_11.wav
17644	3	./AudioMNIST/data/44/3_44_0.wav
17645	9	./AudioMNIST/data/15/9_15_26.wav
17646	2	./AudioMNIST/data/26/2_26_38.wav
17647	6	./AudioMNIST/data/07/6_07_14.wav
17648	7	./AudioMNIST/data/51/7_51_45.wav
17649	6	./AudioMNIST/data/54/6_54_47.wav
17650	8	./AudioMNIST/data/44/8_44_20.wav
17651	8	./AudioMNIST/data/17/8_17_29.wav
17652	6	./AudioMNIST/data/50/6_50_21.wav
17653	9	./AudioMNIST/data/04/9_04_28.wav
17654	4	./AudioMNIST/data/33/4_33_33.wav
17655	7	./AudioMNIST/data/34/7_34_40.wav
17656	9	./AudioMNIST/data/58/9_58_36.wav
17657	9	./AudioMNIST/data/55/9_55_8.wav
17658	4	./AudioMNIST/data/51/4_51_37.wav
17659	4	./AudioMNIST/data/50/4_50_13.wav
17660	6	./AudioMNIST/data/42/6_42_48.wav
17661	2	./AudioMNIST/data/49/2_49_8.wav
17662	6	./AudioMNIST/data/29/6_29_25.wav
17663	4	./AudioMNIST/data/31/4_31_0.wav
17664	7	./AudioMNIST/data/24/7_24_7.wav
17665	6	./AudioMNIST/data/22/6_22_46.wav
17666	5	./AudioMNIST/data/26/5_26_1.wav
17667	6	./AudioMNIST/data/47/6_47_35.wav
17668	3	./AudioMNIST/data/33/3_33_16.wav
17669	7	./AudioMNIST/data/43/7_43_17.wav
17670	2	./AudioMNIST/data/26/2_26_20.wav
17671	7	./AudioMNIST/data/36/7_36_49.wav
17672	0	./AudioMNIST/data/51/0_51_34.wav
17673	8	./AudioMNIST/data/55/8_55_8.wav
17674	5	./AudioMNIST/data/42/5_42_47.wav
17675	1	./AudioMNIST/data/53/1_53_35.wav
17676	2	./AudioMNIST/data/16/2_16_13.wav
17677	5	./AudioMNIST/data/10/5_10_13.wav
17678	1	./AudioMNIST/data/23/1_23_16.wav
17679	7	./AudioMNIST/data/29/7_29_10.wav
17680	6	./AudioMNIST/data/08/6_08_39.wav
17681	1	./AudioMNIST/data/42/1_42_22.wav
17682	3	./AudioMNIST/data/22/3_22_24.wav
17683	6	./AudioMNIST/data/47/6_47_44.wav
17684	6	./AudioMNIST/data/21/6_21_42.wav
17685	0	./AudioMNIST/data/33/0_33_48.wav
17686	2	./AudioMNIST/data/12/2_12_44.wav
17687	8	./AudioMNIST/data/27/8_27_45.wav
17688	7	./AudioMNIST/data/41/7_41_33.wav
17689	9	./AudioMNIST/data/42/9_42_24.wav
17690	1	./AudioMNIST/data/04/1_04_45.wav
17691	4	./AudioMNIST/data/52/4_52_14.wav
17692	3	./AudioMNIST/data/10/3_10_15.wav
17693	9	./AudioMNIST/data/26/9_26_23.wav
17694	3	./AudioMNIST/data/38/3_38_27.wav
17695	6	./AudioMNIST/data/24/6_24_27.wav
17696	0	./AudioMNIST/data/14/0_14_2.wav
17697	7	./AudioMNIST/data/05/7_05_45.wav
17698	1	./AudioMNIST/data/10/1_10_43.wav
17699	7	./AudioMNIST/data/58/7_58_13.wav
17700	9	./AudioMNIST/data/16/9_16_2.wav
17701	8	./AudioMNIST/data/27/8_27_18.wav
17702	5	./AudioMNIST/data/01/5_01_3.wav
17703	3	./AudioMNIST/data/52/3_52_41.wav
17704	0	./AudioMNIST/data/13/0_13_4.wav
17705	0	./AudioMNIST/data/41/0_41_29.wav
17706	3	./AudioMNIST/data/02/3_02_3.wav
17707	4	./AudioMNIST/data/26/4_26_6.wav
17708	4	./AudioMNIST/data/12/4_12_38.wav
17709	4	./AudioMNIST/data/25/4_25_20.wav
17710	6	./AudioMNIST/data/05/6_05_41.wav
17711	2	./AudioMNIST/data/21/2_21_40.wav
17712	9	./AudioMNIST/data/37/9_37_10.wav
17713	1	./AudioMNIST/data/49/1_49_13.wav
17714	1	./AudioMNIST/data/56/1_56_38.wav
17715	1	./AudioMNIST/data/29/1_29_31.wav
17716	8	./AudioMNIST/data/49/8_49_9.wav
17717	2	./AudioMNIST/data/41/2_41_22.wav
17718	8	./AudioMNIST/data/56/8_56_49.wav
17719	9	./AudioMNIST/data/31/9_31_1.wav
17720	4	./AudioMNIST/data/60/4_60_13.wav
17721	7	./AudioMNIST/data/42/7_42_35.wav
17722	5	./AudioMNIST/data/31/5_31_8.wav
17723	8	./AudioMNIST/data/41/8_41_2.wav
17724	3	./AudioMNIST/data/39/3_39_10.wav
17725	4	./AudioMNIST/data/46/4_46_23.wav
17726	5	./AudioMNIST/data/26/5_26_6.wav
17727	6	./AudioMNIST/data/41/6_41_46.wav
17728	4	./AudioMNIST/data/20/4_20_19.wav
17729	9	./AudioMNIST/data/49/9_49_21.wav
17730	9	./AudioMNIST/data/19/9_19_0.wav
17731	3	./AudioMNIST/data/08/3_08_35.wav
17732	0	./AudioMNIST/data/07/0_07_37.wav
17733	0	./AudioMNIST/data/29/0_29_30.wav
17734	3	./AudioMNIST/data/17/3_17_21.wav
17735	7	./AudioMNIST/data/47/7_47_20.wav
17736	8	./AudioMNIST/data/16/8_16_32.wav
17737	7	./AudioMNIST/data/54/7_54_24.wav
17738	1	./AudioMNIST/data/20/1_20_14.wav
17739	0	./AudioMNIST/data/47/0_47_46.wav
17740	7	./AudioMNIST/data/17/7_17_49.wav
17741	5	./AudioMNIST/data/04/5_04_38.wav
17742	4	./AudioMNIST/data/03/4_03_42.wav
17743	3	./AudioMNIST/data/57/3_57_32.wav
17744	1	./AudioMNIST/data/40/1_40_4.wav
17745	1	./AudioMNIST/data/34/1_34_26.wav
17746	2	./AudioMNIST/data/15/2_15_4.wav
17747	3	./AudioMNIST/data/55/3_55_5.wav
17748	0	./AudioMNIST/data/40/0_40_33.wav
17749	4	./AudioMNIST/data/03/4_03_10.wav
17750	4	./AudioMNIST/data/03/4_03_29.wav
17751	5	./AudioMNIST/data/46/5_46_43.wav
17752	6	./AudioMNIST/data/59/6_59_12.wav
17753	8	./AudioMNIST/data/36/8_36_34.wav
17754	1	./AudioMNIST/data/18/1_18_33.wav
17755	6	./AudioMNIST/data/31/6_31_18.wav
17756	2	./AudioMNIST/data/24/2_24_39.wav
17757	0	./AudioMNIST/data/31/0_31_12.wav
17758	6	./AudioMNIST/data/27/6_27_14.wav
17759	6	./AudioMNIST/data/39/6_39_5.wav
17760	1	./AudioMNIST/data/03/1_03_21.wav
17761	3	./AudioMNIST/data/40/3_40_10.wav
17762	0	./AudioMNIST/data/04/0_04_29.wav
17763	0	./AudioMNIST/data/09/0_09_22.wav
17764	2	./AudioMNIST/data/28/2_28_40.wav
17765	8	./AudioMNIST/data/55/8_55_39.wav
17766	4	./AudioMNIST/data/13/4_13_43.wav
17767	8	./AudioMNIST/data/50/8_50_46.wav
17768	0	./AudioMNIST/data/06/0_06_11.wav
17769	2	./AudioMNIST/data/06/2_06_29.wav
17770	2	./AudioMNIST/data/49/2_49_11.wav
17771	9	./AudioMNIST/data/56/9_56_18.wav
17772	7	./AudioMNIST/data/56/7_56_28.wav
17773	9	./AudioMNIST/data/01/9_01_47.wav
17774	9	./AudioMNIST/data/12/9_12_23.wav
17775	3	./AudioMNIST/data/12/3_12_40.wav
17776	7	./AudioMNIST/data/59/7_59_20.wav
17777	7	./AudioMNIST/data/39/7_39_38.wav
17778	5	./AudioMNIST/data/44/5_44_40.wav
17779	3	./AudioMNIST/data/38/3_38_47.wav
17780	4	./AudioMNIST/data/59/4_59_22.wav
17781	9	./AudioMNIST/data/52/9_52_21.wav
17782	6	./AudioMNIST/data/51/6_51_46.wav
17783	4	./AudioMNIST/data/04/4_04_44.wav
17784	7	./AudioMNIST/data/14/7_14_45.wav
17785	8	./AudioMNIST/data/27/8_27_0.wav
17786	0	./AudioMNIST/data/26/0_26_33.wav
17787	8	./AudioMNIST/data/55/8_55_48.wav
17788	4	./AudioMNIST/data/52/4_52_15.wav
17789	5	./AudioMNIST/data/06/5_06_27.wav
17790	0	./AudioMNIST/data/57/0_57_26.wav
17791	5	./AudioMNIST/data/53/5_53_33.wav
17792	8	./AudioMNIST/data/22/8_22_41.wav
17793	9	./AudioMNIST/data/33/9_33_3.wav
17794	6	./AudioMNIST/data/35/6_35_29.wav
17795	4	./AudioMNIST/data/50/4_50_47.wav
17796	6	./AudioMNIST/data/31/6_31_49.wav
17797	1	./AudioMNIST/data/46/1_46_39.wav
17798	9	./AudioMNIST/data/21/9_21_0.wav
17799	1	./AudioMNIST/data/06/1_06_0.wav
17800	6	./AudioMNIST/data/01/6_01_48.wav
17801	0	./AudioMNIST/data/40/0_40_22.wav
17802	7	./AudioMNIST/data/49/7_49_30.wav
17803	0	./AudioMNIST/data/44/0_44_24.wav
17804	7	./AudioMNIST/data/55/7_55_38.wav
17805	5	./AudioMNIST/data/20/5_20_1.wav
17806	7	./AudioMNIST/data/09/7_09_24.wav
17807	7	./AudioMNIST/data/31/7_31_19.wav
17808	0	./AudioMNIST/data/60/0_60_48.wav
17809	1	./AudioMNIST/data/07/1_07_12.wav
17810	8	./AudioMNIST/data/29/8_29_46.wav
17811	2	./AudioMNIST/data/08/2_08_14.wav
17812	6	./AudioMNIST/data/08/6_08_43.wav
17813	1	./AudioMNIST/data/36/1_36_13.wav
17814	1	./AudioMNIST/data/30/1_30_14.wav
17815	5	./AudioMNIST/data/15/5_15_5.wav
17816	1	./AudioMNIST/data/14/1_14_24.wav
17817	7	./AudioMNIST/data/54/7_54_33.wav
17818	8	./AudioMNIST/data/47/8_47_40.wav
17819	0	./AudioMNIST/data/44/0_44_40.wav
17820	1	./AudioMNIST/data/41/1_41_44.wav
17821	7	./AudioMNIST/data/36/7_36_0.wav
17822	7	./AudioMNIST/data/23/7_23_27.wav
17823	4	./AudioMNIST/data/15/4_15_6.wav
17824	3	./AudioMNIST/data/28/3_28_2.wav
17825	2	./AudioMNIST/data/27/2_27_36.wav
17826	9	./AudioMNIST/data/36/9_36_37.wav
17827	3	./AudioMNIST/data/58/3_58_0.wav
17828	2	./AudioMNIST/data/06/2_06_38.wav
17829	8	./AudioMNIST/data/20/8_20_8.wav
17830	4	./AudioMNIST/data/10/4_10_23.wav
17831	5	./AudioMNIST/data/30/5_30_26.wav
17832	2	./AudioMNIST/data/25/2_25_36.wav
17833	0	./AudioMNIST/data/09/0_09_25.wav
17834	8	./AudioMNIST/data/27/8_27_31.wav
17835	2	./AudioMNIST/data/39/2_39_5.wav
17836	7	./AudioMNIST/data/39/7_39_19.wav
17837	0	./AudioMNIST/data/10/0_10_24.wav
17838	0	./AudioMNIST/data/46/0_46_7.wav
17839	3	./AudioMNIST/data/32/3_32_33.wav
17840	0	./AudioMNIST/data/32/0_32_25.wav
17841	3	./AudioMNIST/data/59/3_59_11.wav
17842	3	./AudioMNIST/data/16/3_16_2.wav
17843	7	./AudioMNIST/data/11/7_11_31.wav
17844	8	./AudioMNIST/data/44/8_44_7.wav
17845	5	./AudioMNIST/data/56/5_56_18.wav
17846	1	./AudioMNIST/data/56/1_56_23.wav
17847	5	./AudioMNIST/data/35/5_35_21.wav
17848	5	./AudioMNIST/data/23/5_23_41.wav
17849	6	./AudioMNIST/data/35/6_35_22.wav
17850	5	./AudioMNIST/data/42/5_42_48.wav
17851	6	./AudioMNIST/data/24/6_24_15.wav
17852	7	./AudioMNIST/data/29/7_29_17.wav
17853	0	./AudioMNIST/data/40/0_40_4.wav
17854	5	./AudioMNIST/data/22/5_22_35.wav
17855	5	./AudioMNIST/data/13/5_13_22.wav
17856	7	./AudioMNIST/data/53/7_53_6.wav
17857	8	./AudioMNIST/data/34/8_34_39.wav
17858	0	./AudioMNIST/data/06/0_06_31.wav
17859	9	./AudioMNIST/data/21/9_21_22.wav
17860	6	./AudioMNIST/data/18/6_18_25.wav
17861	7	./AudioMNIST/data/06/7_06_7.wav
17862	0	./AudioMNIST/data/08/0_08_32.wav
17863	3	./AudioMNIST/data/07/3_07_16.wav
17864	6	./AudioMNIST/data/02/6_02_0.wav
17865	7	./AudioMNIST/data/33/7_33_20.wav
17866	0	./AudioMNIST/data/22/0_22_2.wav
17867	8	./AudioMNIST/data/10/8_10_41.wav
17868	2	./AudioMNIST/data/57/2_57_32.wav
17869	7	./AudioMNIST/data/01/7_01_35.wav
17870	1	./AudioMNIST/data/23/1_23_33.wav
17871	7	./AudioMNIST/data/32/7_32_42.wav
17872	6	./AudioMNIST/data/52/6_52_39.wav
17873	8	./AudioMNIST/data/25/8_25_34.wav
17874	1	./AudioMNIST/data/24/1_24_16.wav
17875	2	./AudioMNIST/data/41/2_41_30.wav
17876	9	./AudioMNIST/data/24/9_24_26.wav
17877	8	./AudioMNIST/data/21/8_21_5.wav
17878	9	./AudioMNIST/data/07/9_07_20.wav
17879	7	./AudioMNIST/data/27/7_27_18.wav
17880	3	./AudioMNIST/data/18/3_18_34.wav
17881	0	./AudioMNIST/data/58/0_58_42.wav
17882	1	./AudioMNIST/data/07/1_07_23.wav
17883	6	./AudioMNIST/data/12/6_12_19.wav
17884	3	./AudioMNIST/data/56/3_56_41.wav
17885	6	./AudioMNIST/data/44/6_44_37.wav
17886	1	./AudioMNIST/data/50/1_50_18.wav
17887	6	./AudioMNIST/data/13/6_13_39.wav
17888	0	./AudioMNIST/data/55/0_55_28.wav
17889	4	./AudioMNIST/data/41/4_41_13.wav
17890	6	./AudioMNIST/data/10/6_10_14.wav
17891	5	./AudioMNIST/data/07/5_07_44.wav
17892	3	./AudioMNIST/data/15/3_15_5.wav
17893	8	./AudioMNIST/data/45/8_45_24.wav
17894	0	./AudioMNIST/data/54/0_54_48.wav
17895	5	./AudioMNIST/data/60/5_60_44.wav
17896	5	./AudioMNIST/data/34/5_34_10.wav
17897	2	./AudioMNIST/data/49/2_49_10.wav
17898	8	./AudioMNIST/data/24/8_24_21.wav
17899	0	./AudioMNIST/data/34/0_34_25.wav
17900	8	./AudioMNIST/data/29/8_29_21.wav
17901	0	./AudioMNIST/data/58/0_58_25.wav
17902	8	./AudioMNIST/data/51/8_51_2.wav
17903	7	./AudioMNIST/data/55/7_55_40.wav
17904	4	./AudioMNIST/data/55/4_55_45.wav
17905	9	./AudioMNIST/data/51/9_51_29.wav
17906	2	./AudioMNIST/data/56/2_56_41.wav
17907	0	./AudioMNIST/data/10/0_10_37.wav
17908	4	./AudioMNIST/data/35/4_35_12.wav
17909	5	./AudioMNIST/data/50/5_50_12.wav
17910	2	./AudioMNIST/data/11/2_11_1.wav
17911	2	./AudioMNIST/data/25/2_25_3.wav
17912	1	./AudioMNIST/data/44/1_44_10.wav
17913	3	./AudioMNIST/data/55/3_55_34.wav
17914	4	./AudioMNIST/data/24/4_24_48.wav
17915	2	./AudioMNIST/data/28/2_28_8.wav
17916	9	./AudioMNIST/data/06/9_06_27.wav
17917	3	./AudioMNIST/data/21/3_21_24.wav
17918	1	./AudioMNIST/data/38/1_38_18.wav
17919	6	./AudioMNIST/data/24/6_24_29.wav
17920	0	./AudioMNIST/data/13/0_13_19.wav
17921	8	./AudioMNIST/data/19/8_19_14.wav
17922	2	./AudioMNIST/data/06/2_06_9.wav
17923	6	./AudioMNIST/data/09/6_09_44.wav
17924	6	./AudioMNIST/data/52/6_52_10.wav
17925	8	./AudioMNIST/data/54/8_54_20.wav
17926	7	./AudioMNIST/data/25/7_25_39.wav
17927	4	./AudioMNIST/data/13/4_13_49.wav
17928	1	./AudioMNIST/data/35/1_35_25.wav
17929	6	./AudioMNIST/data/28/6_28_2.wav
17930	6	./AudioMNIST/data/41/6_41_5.wav
17931	8	./AudioMNIST/data/24/8_24_38.wav
17932	5	./AudioMNIST/data/38/5_38_49.wav
17933	0	./AudioMNIST/data/24/0_24_46.wav
17934	3	./AudioMNIST/data/15/3_15_42.wav
17935	6	./AudioMNIST/data/43/6_43_34.wav
17936	5	./AudioMNIST/data/16/5_16_2.wav
17937	6	./AudioMNIST/data/26/6_26_49.wav
17938	1	./AudioMNIST/data/46/1_46_42.wav
17939	5	./AudioMNIST/data/42/5_42_31.wav
17940	9	./AudioMNIST/data/58/9_58_29.wav
17941	0	./AudioMNIST/data/16/0_16_25.wav
17942	1	./AudioMNIST/data/55/1_55_0.wav
17943	5	./AudioMNIST/data/36/5_36_45.wav
17944	3	./AudioMNIST/data/43/3_43_19.wav
17945	3	./AudioMNIST/data/58/3_58_3.wav
17946	5	./AudioMNIST/data/58/5_58_0.wav
17947	1	./AudioMNIST/data/54/1_54_23.wav
17948	1	./AudioMNIST/data/04/1_04_38.wav
17949	8	./AudioMNIST/data/45/8_45_19.wav
17950	4	./AudioMNIST/data/47/4_47_43.wav
17951	4	./AudioMNIST/data/27/4_27_2.wav
17952	1	./AudioMNIST/data/29/1_29_48.wav
17953	5	./AudioMNIST/data/25/5_25_15.wav
17954	2	./AudioMNIST/data/10/2_10_34.wav
17955	2	./AudioMNIST/data/15/2_15_49.wav
17956	2	./AudioMNIST/data/26/2_26_13.wav
17957	7	./AudioMNIST/data/13/7_13_3.wav
17958	3	./AudioMNIST/data/30/3_30_41.wav
17959	1	./AudioMNIST/data/45/1_45_36.wav
17960	5	./AudioMNIST/data/45/5_45_47.wav
17961	0	./AudioMNIST/data/52/0_52_38.wav
17962	4	./AudioMNIST/data/59/4_59_5.wav
17963	4	./AudioMNIST/data/13/4_13_38.wav
17964	8	./AudioMNIST/data/59/8_59_5.wav
17965	4	./AudioMNIST/data/10/4_10_5.wav
17966	9	./AudioMNIST/data/45/9_45_7.wav
17967	5	./AudioMNIST/data/02/5_02_11.wav
17968	0	./AudioMNIST/data/36/0_36_46.wav
17969	3	./AudioMNIST/data/20/3_20_33.wav
17970	9	./AudioMNIST/data/27/9_27_37.wav
17971	2	./AudioMNIST/data/45/2_45_26.wav
17972	5	./AudioMNIST/data/45/5_45_27.wav
17973	7	./AudioMNIST/data/04/7_04_44.wav
17974	1	./AudioMNIST/data/52/1_52_43.wav
17975	6	./AudioMNIST/data/42/6_42_8.wav
17976	2	./AudioMNIST/data/51/2_51_16.wav
17977	2	./AudioMNIST/data/42/2_42_26.wav
17978	8	./AudioMNIST/data/23/8_23_36.wav
17979	3	./AudioMNIST/data/04/3_04_8.wav
17980	6	./AudioMNIST/data/34/6_34_10.wav
17981	2	./AudioMNIST/data/47/2_47_38.wav
17982	7	./AudioMNIST/data/07/7_07_24.wav
17983	6	./AudioMNIST/data/46/6_46_28.wav
17984	6	./AudioMNIST/data/17/6_17_28.wav
17985	0	./AudioMNIST/data/56/0_56_49.wav
17986	1	./AudioMNIST/data/51/1_51_13.wav
17987	2	./AudioMNIST/data/47/2_47_21.wav
17988	0	./AudioMNIST/data/14/0_14_1.wav
17989	6	./AudioMNIST/data/41/6_41_4.wav
17990	3	./AudioMNIST/data/47/3_47_23.wav
17991	2	./AudioMNIST/data/45/2_45_36.wav
17992	1	./AudioMNIST/data/04/1_04_4.wav
17993	8	./AudioMNIST/data/13/8_13_32.wav
17994	4	./AudioMNIST/data/14/4_14_22.wav
17995	8	./AudioMNIST/data/15/8_15_18.wav
17996	1	./AudioMNIST/data/14/1_14_3.wav
17997	8	./AudioMNIST/data/23/8_23_25.wav
17998	5	./AudioMNIST/data/49/5_49_29.wav
17999	2	./AudioMNIST/data/59/2_59_45.wav
18000	9	./AudioMNIST/data/17/9_17_45.wav
18001	5	./AudioMNIST/data/46/5_46_7.wav
18002	2	./AudioMNIST/data/02/2_02_26.wav
18003	1	./AudioMNIST/data/59/1_59_8.wav
18004	9	./AudioMNIST/data/41/9_41_18.wav
18005	6	./AudioMNIST/data/10/6_10_45.wav
18006	3	./AudioMNIST/data/11/3_11_19.wav
18007	0	./AudioMNIST/data/11/0_11_45.wav
18008	1	./AudioMNIST/data/29/1_29_33.wav
18009	7	./AudioMNIST/data/18/7_18_5.wav
18010	3	./AudioMNIST/data/10/3_10_30.wav
18011	6	./AudioMNIST/data/48/6_48_48.wav
18012	3	./AudioMNIST/data/32/3_32_37.wav
18013	2	./AudioMNIST/data/53/2_53_2.wav
18014	1	./AudioMNIST/data/05/1_05_11.wav
18015	8	./AudioMNIST/data/07/8_07_30.wav
18016	2	./AudioMNIST/data/45/2_45_2.wav
18017	7	./AudioMNIST/data/51/7_51_41.wav
18018	6	./AudioMNIST/data/55/6_55_12.wav
18019	6	./AudioMNIST/data/57/6_57_14.wav
18020	0	./AudioMNIST/data/20/0_20_17.wav
18021	6	./AudioMNIST/data/59/6_59_37.wav
18022	1	./AudioMNIST/data/50/1_50_27.wav
18023	9	./AudioMNIST/data/20/9_20_18.wav
18024	6	./AudioMNIST/data/18/6_18_3.wav
18025	1	./AudioMNIST/data/38/1_38_48.wav
18026	5	./AudioMNIST/data/11/5_11_8.wav
18027	6	./AudioMNIST/data/41/6_41_8.wav
18028	0	./AudioMNIST/data/25/0_25_34.wav
18029	7	./AudioMNIST/data/04/7_04_7.wav
18030	1	./AudioMNIST/data/15/1_15_42.wav
18031	0	./AudioMNIST/data/30/0_30_25.wav
18032	4	./AudioMNIST/data/28/4_28_26.wav
18033	4	./AudioMNIST/data/41/4_41_40.wav
18034	2	./AudioMNIST/data/34/2_34_32.wav
18035	6	./AudioMNIST/data/52/6_52_1.wav
18036	9	./AudioMNIST/data/57/9_57_24.wav
18037	1	./AudioMNIST/data/27/1_27_16.wav
18038	6	./AudioMNIST/data/24/6_24_17.wav
18039	4	./AudioMNIST/data/07/4_07_23.wav
18040	4	./AudioMNIST/data/59/4_59_45.wav
18041	3	./AudioMNIST/data/04/3_04_19.wav
18042	8	./AudioMNIST/data/17/8_17_33.wav
18043	8	./AudioMNIST/data/22/8_22_44.wav
18044	6	./AudioMNIST/data/30/6_30_2.wav
18045	4	./AudioMNIST/data/51/4_51_47.wav
18046	6	./AudioMNIST/data/21/6_21_18.wav
18047	9	./AudioMNIST/data/57/9_57_14.wav
18048	6	./AudioMNIST/data/04/6_04_25.wav
18049	0	./AudioMNIST/data/40/0_40_13.wav
18050	3	./AudioMNIST/data/45/3_45_10.wav
18051	4	./AudioMNIST/data/14/4_14_31.wav
18052	1	./AudioMNIST/data/01/1_01_36.wav
18053	8	./AudioMNIST/data/24/8_24_24.wav
18054	6	./AudioMNIST/data/14/6_14_1.wav
18055	9	./AudioMNIST/data/09/9_09_1.wav
18056	7	./AudioMNIST/data/34/7_34_4.wav
18057	9	./AudioMNIST/data/15/9_15_29.wav
18058	2	./AudioMNIST/data/29/2_29_16.wav
18059	1	./AudioMNIST/data/06/1_06_40.wav
18060	7	./AudioMNIST/data/57/7_57_47.wav
18061	8	./AudioMNIST/data/53/8_53_39.wav
18062	2	./AudioMNIST/data/11/2_11_12.wav
18063	8	./AudioMNIST/data/11/8_11_34.wav
18064	6	./AudioMNIST/data/23/6_23_14.wav
18065	2	./AudioMNIST/data/01/2_01_27.wav
18066	0	./AudioMNIST/data/60/0_60_23.wav
18067	8	./AudioMNIST/data/15/8_15_21.wav
18068	6	./AudioMNIST/data/31/6_31_17.wav
18069	7	./AudioMNIST/data/16/7_16_40.wav
18070	0	./AudioMNIST/data/44/0_44_37.wav
18071	1	./AudioMNIST/data/18/1_18_31.wav
18072	3	./AudioMNIST/data/27/3_27_12.wav
18073	4	./AudioMNIST/data/04/4_04_7.wav
18074	6	./AudioMNIST/data/52/6_52_44.wav
18075	9	./AudioMNIST/data/41/9_41_36.wav
18076	1	./AudioMNIST/data/37/1_37_0.wav
18077	3	./AudioMNIST/data/46/3_46_34.wav
18078	1	./AudioMNIST/data/15/1_15_37.wav
18079	2	./AudioMNIST/data/01/2_01_41.wav
18080	9	./AudioMNIST/data/19/9_19_49.wav
18081	7	./AudioMNIST/data/12/7_12_1.wav
18082	5	./AudioMNIST/data/52/5_52_19.wav
18083	4	./AudioMNIST/data/55/4_55_31.wav
18084	0	./AudioMNIST/data/02/0_02_22.wav
18085	7	./AudioMNIST/data/04/7_04_3.wav
18086	6	./AudioMNIST/data/37/6_37_8.wav
18087	7	./AudioMNIST/data/09/7_09_28.wav
18088	6	./AudioMNIST/data/15/6_15_12.wav
18089	3	./AudioMNIST/data/48/3_48_22.wav
18090	6	./AudioMNIST/data/20/6_20_6.wav
18091	6	./AudioMNIST/data/48/6_48_36.wav
18092	6	./AudioMNIST/data/19/6_19_2.wav
18093	0	./AudioMNIST/data/21/0_21_29.wav
18094	1	./AudioMNIST/data/40/1_40_33.wav
18095	5	./AudioMNIST/data/58/5_58_12.wav
18096	9	./AudioMNIST/data/49/9_49_7.wav
18097	1	./AudioMNIST/data/47/1_47_22.wav
18098	9	./AudioMNIST/data/18/9_18_35.wav
18099	9	./AudioMNIST/data/50/9_50_42.wav
18100	2	./AudioMNIST/data/29/2_29_27.wav
18101	8	./AudioMNIST/data/54/8_54_43.wav
18102	9	./AudioMNIST/data/28/9_28_22.wav
18103	6	./AudioMNIST/data/49/6_49_44.wav
18104	3	./AudioMNIST/data/58/3_58_25.wav
18105	4	./AudioMNIST/data/60/4_60_38.wav
18106	8	./AudioMNIST/data/32/8_32_47.wav
18107	3	./AudioMNIST/data/19/3_19_46.wav
18108	9	./AudioMNIST/data/25/9_25_41.wav
18109	5	./AudioMNIST/data/48/5_48_44.wav
18110	7	./AudioMNIST/data/07/7_07_22.wav
18111	1	./AudioMNIST/data/22/1_22_22.wav
18112	4	./AudioMNIST/data/48/4_48_25.wav
18113	3	./AudioMNIST/data/13/3_13_13.wav
18114	9	./AudioMNIST/data/55/9_55_22.wav
18115	6	./AudioMNIST/data/45/6_45_10.wav
18116	8	./AudioMNIST/data/30/8_30_18.wav
18117	2	./AudioMNIST/data/03/2_03_39.wav
18118	7	./AudioMNIST/data/07/7_07_7.wav
18119	3	./AudioMNIST/data/32/3_32_14.wav
18120	3	./AudioMNIST/data/32/3_32_36.wav
18121	3	./AudioMNIST/data/24/3_24_36.wav
18122	0	./AudioMNIST/data/02/0_02_29.wav
18123	3	./AudioMNIST/data/60/3_60_34.wav
18124	1	./AudioMNIST/data/06/1_06_19.wav
18125	9	./AudioMNIST/data/41/9_41_43.wav
18126	2	./AudioMNIST/data/37/2_37_29.wav
18127	4	./AudioMNIST/data/47/4_47_13.wav
18128	3	./AudioMNIST/data/25/3_25_39.wav
18129	1	./AudioMNIST/data/33/1_33_49.wav
18130	6	./AudioMNIST/data/45/6_45_2.wav
18131	3	./AudioMNIST/data/21/3_21_44.wav
18132	4	./AudioMNIST/data/22/4_22_48.wav
18133	5	./AudioMNIST/data/53/5_53_14.wav
18134	7	./AudioMNIST/data/22/7_22_24.wav
18135	8	./AudioMNIST/data/54/8_54_9.wav
18136	7	./AudioMNIST/data/25/7_25_4.wav
18137	7	./AudioMNIST/data/20/7_20_34.wav
18138	7	./AudioMNIST/data/50/7_50_7.wav
18139	8	./AudioMNIST/data/21/8_21_48.wav
18140	5	./AudioMNIST/data/56/5_56_19.wav
18141	1	./AudioMNIST/data/55/1_55_13.wav
18142	8	./AudioMNIST/data/14/8_14_4.wav
18143	4	./AudioMNIST/data/59/4_59_27.wav
18144	0	./AudioMNIST/data/08/0_08_41.wav
18145	3	./AudioMNIST/data/30/3_30_14.wav
18146	8	./AudioMNIST/data/21/8_21_29.wav
18147	3	./AudioMNIST/data/17/3_17_25.wav
18148	0	./AudioMNIST/data/02/0_02_23.wav
18149	2	./AudioMNIST/data/15/2_15_47.wav
18150	4	./AudioMNIST/data/02/4_02_1.wav
18151	6	./AudioMNIST/data/21/6_21_33.wav
18152	0	./AudioMNIST/data/26/0_26_10.wav
18153	3	./AudioMNIST/data/54/3_54_34.wav
18154	1	./AudioMNIST/data/22/1_22_16.wav
18155	1	./AudioMNIST/data/13/1_13_30.wav
18156	9	./AudioMNIST/data/15/9_15_25.wav
18157	2	./AudioMNIST/data/09/2_09_44.wav
18158	8	./AudioMNIST/data/57/8_57_19.wav
18159	5	./AudioMNIST/data/06/5_06_41.wav
18160	4	./AudioMNIST/data/11/4_11_9.wav
18161	9	./AudioMNIST/data/02/9_02_41.wav
18162	2	./AudioMNIST/data/06/2_06_25.wav
18163	6	./AudioMNIST/data/43/6_43_17.wav
18164	2	./AudioMNIST/data/30/2_30_20.wav
18165	2	./AudioMNIST/data/52/2_52_17.wav
18166	3	./AudioMNIST/data/33/3_33_46.wav
18167	1	./AudioMNIST/data/60/1_60_49.wav
18168	0	./AudioMNIST/data/60/0_60_20.wav
18169	3	./AudioMNIST/data/60/3_60_24.wav
18170	3	./AudioMNIST/data/25/3_25_12.wav
18171	8	./AudioMNIST/data/12/8_12_14.wav
18172	6	./AudioMNIST/data/47/6_47_6.wav
18173	3	./AudioMNIST/data/15/3_15_14.wav
18174	4	./AudioMNIST/data/38/4_38_15.wav
18175	1	./AudioMNIST/data/07/1_07_39.wav
18176	7	./AudioMNIST/data/47/7_47_42.wav
18177	3	./AudioMNIST/data/56/3_56_18.wav
18178	9	./AudioMNIST/data/22/9_22_36.wav
18179	1	./AudioMNIST/data/53/1_53_13.wav
18180	6	./AudioMNIST/data/22/6_22_47.wav
18181	9	./AudioMNIST/data/54/9_54_15.wav
18182	2	./AudioMNIST/data/24/2_24_46.wav
18183	0	./AudioMNIST/data/01/0_01_20.wav
18184	7	./AudioMNIST/data/07/7_07_19.wav
18185	4	./AudioMNIST/data/23/4_23_15.wav
18186	1	./AudioMNIST/data/05/1_05_36.wav
18187	1	./AudioMNIST/data/53/1_53_10.wav
18188	5	./AudioMNIST/data/03/5_03_43.wav
18189	1	./AudioMNIST/data/50/1_50_5.wav
18190	0	./AudioMNIST/data/01/0_01_24.wav
18191	8	./AudioMNIST/data/40/8_40_37.wav
18192	0	./AudioMNIST/data/26/0_26_23.wav
18193	0	./AudioMNIST/data/48/0_48_47.wav
18194	2	./AudioMNIST/data/42/2_42_7.wav
18195	0	./AudioMNIST/data/47/0_47_35.wav
18196	8	./AudioMNIST/data/19/8_19_4.wav
18197	4	./AudioMNIST/data/47/4_47_42.wav
18198	0	./AudioMNIST/data/09/0_09_15.wav
18199	9	./AudioMNIST/data/41/9_41_0.wav
18200	0	./AudioMNIST/data/54/0_54_47.wav
18201	2	./AudioMNIST/data/35/2_35_3.wav
18202	5	./AudioMNIST/data/19/5_19_6.wav
18203	1	./AudioMNIST/data/27/1_27_49.wav
18204	3	./AudioMNIST/data/28/3_28_35.wav
18205	1	./AudioMNIST/data/07/1_07_27.wav
18206	7	./AudioMNIST/data/30/7_30_21.wav
18207	5	./AudioMNIST/data/30/5_30_9.wav
18208	3	./AudioMNIST/data/22/3_22_43.wav
18209	9	./AudioMNIST/data/33/9_33_22.wav
18210	5	./AudioMNIST/data/28/5_28_48.wav
18211	3	./AudioMNIST/data/12/3_12_18.wav
18212	6	./AudioMNIST/data/07/6_07_34.wav
18213	4	./AudioMNIST/data/29/4_29_40.wav
18214	4	./AudioMNIST/data/35/4_35_29.wav
18215	3	./AudioMNIST/data/27/3_27_44.wav
18216	8	./AudioMNIST/data/02/8_02_37.wav
18217	7	./AudioMNIST/data/39/7_39_47.wav
18218	5	./AudioMNIST/data/50/5_50_1.wav
18219	0	./AudioMNIST/data/09/0_09_1.wav
18220	7	./AudioMNIST/data/01/7_01_21.wav
18221	6	./AudioMNIST/data/08/6_08_42.wav
18222	6	./AudioMNIST/data/09/6_09_4.wav
18223	9	./AudioMNIST/data/38/9_38_40.wav
18224	3	./AudioMNIST/data/27/3_27_47.wav
18225	4	./AudioMNIST/data/48/4_48_20.wav
18226	4	./AudioMNIST/data/47/4_47_47.wav
18227	2	./AudioMNIST/data/42/2_42_17.wav
18228	2	./AudioMNIST/data/29/2_29_5.wav
18229	4	./AudioMNIST/data/45/4_45_4.wav
18230	9	./AudioMNIST/data/16/9_16_45.wav
18231	1	./AudioMNIST/data/09/1_09_27.wav
18232	4	./AudioMNIST/data/20/4_20_9.wav
18233	7	./AudioMNIST/data/09/7_09_40.wav
18234	4	./AudioMNIST/data/21/4_21_25.wav
18235	6	./AudioMNIST/data/07/6_07_11.wav
18236	1	./AudioMNIST/data/11/1_11_0.wav
18237	2	./AudioMNIST/data/55/2_55_23.wav
18238	5	./AudioMNIST/data/22/5_22_10.wav
18239	1	./AudioMNIST/data/52/1_52_39.wav
18240	9	./AudioMNIST/data/22/9_22_15.wav
18241	5	./AudioMNIST/data/27/5_27_43.wav
18242	2	./AudioMNIST/data/58/2_58_41.wav
18243	2	./AudioMNIST/data/31/2_31_24.wav
18244	5	./AudioMNIST/data/16/5_16_23.wav
18245	3	./AudioMNIST/data/03/3_03_22.wav
18246	2	./AudioMNIST/data/35/2_35_9.wav
18247	3	./AudioMNIST/data/20/3_20_17.wav
18248	1	./AudioMNIST/data/47/1_47_40.wav
18249	4	./AudioMNIST/data/41/4_41_11.wav
18250	8	./AudioMNIST/data/06/8_06_0.wav
18251	1	./AudioMNIST/data/13/1_13_13.wav
18252	7	./AudioMNIST/data/21/7_21_3.wav
18253	7	./AudioMNIST/data/55/7_55_14.wav
18254	1	./AudioMNIST/data/60/1_60_14.wav
18255	5	./AudioMNIST/data/02/5_02_41.wav
18256	7	./AudioMNIST/data/25/7_25_7.wav
18257	7	./AudioMNIST/data/10/7_10_41.wav
18258	8	./AudioMNIST/data/20/8_20_48.wav
18259	6	./AudioMNIST/data/54/6_54_12.wav
18260	3	./AudioMNIST/data/37/3_37_4.wav
18261	8	./AudioMNIST/data/47/8_47_25.wav
18262	1	./AudioMNIST/data/40/1_40_30.wav
18263	9	./AudioMNIST/data/24/9_24_5.wav
18264	1	./AudioMNIST/data/36/1_36_26.wav
18265	3	./AudioMNIST/data/53/3_53_6.wav
18266	1	./AudioMNIST/data/32/1_32_12.wav
18267	7	./AudioMNIST/data/51/7_51_46.wav
18268	3	./AudioMNIST/data/59/3_59_7.wav
18269	9	./AudioMNIST/data/11/9_11_23.wav
18270	8	./AudioMNIST/data/37/8_37_43.wav
18271	3	./AudioMNIST/data/49/3_49_4.wav
18272	2	./AudioMNIST/data/08/2_08_7.wav
18273	1	./AudioMNIST/data/04/1_04_49.wav
18274	8	./AudioMNIST/data/03/8_03_4.wav
18275	9	./AudioMNIST/data/15/9_15_2.wav
18276	6	./AudioMNIST/data/19/6_19_31.wav
18277	7	./AudioMNIST/data/11/7_11_12.wav
18278	9	./AudioMNIST/data/55/9_55_2.wav
18279	3	./AudioMNIST/data/43/3_43_12.wav
18280	6	./AudioMNIST/data/02/6_02_19.wav
18281	7	./AudioMNIST/data/14/7_14_43.wav
18282	3	./AudioMNIST/data/18/3_18_3.wav
18283	2	./AudioMNIST/data/43/2_43_20.wav
18284	3	./AudioMNIST/data/25/3_25_20.wav
18285	2	./AudioMNIST/data/53/2_53_40.wav
18286	2	./AudioMNIST/data/37/2_37_16.wav
18287	0	./AudioMNIST/data/58/0_58_19.wav
18288	0	./AudioMNIST/data/36/0_36_42.wav
18289	8	./AudioMNIST/data/29/8_29_23.wav
18290	1	./AudioMNIST/data/12/1_12_7.wav
18291	3	./AudioMNIST/data/32/3_32_48.wav
18292	7	./AudioMNIST/data/40/7_40_29.wav
18293	0	./AudioMNIST/data/51/0_51_12.wav
18294	5	./AudioMNIST/data/25/5_25_36.wav
18295	8	./AudioMNIST/data/22/8_22_1.wav
18296	1	./AudioMNIST/data/31/1_31_12.wav
18297	1	./AudioMNIST/data/15/1_15_48.wav
18298	8	./AudioMNIST/data/31/8_31_35.wav
18299	5	./AudioMNIST/data/30/5_30_43.wav
18300	4	./AudioMNIST/data/50/4_50_33.wav
18301	0	./AudioMNIST/data/28/0_28_22.wav
18302	2	./AudioMNIST/data/53/2_53_36.wav
18303	5	./AudioMNIST/data/56/5_56_11.wav
18304	8	./AudioMNIST/data/57/8_57_45.wav
18305	6	./AudioMNIST/data/58/6_58_36.wav
18306	7	./AudioMNIST/data/38/7_38_30.wav
18307	9	./AudioMNIST/data/35/9_35_45.wav
18308	9	./AudioMNIST/data/17/9_17_36.wav
18309	9	./AudioMNIST/data/49/9_49_33.wav
18310	1	./AudioMNIST/data/46/1_46_8.wav
18311	8	./AudioMNIST/data/32/8_32_26.wav
18312	2	./AudioMNIST/data/20/2_20_37.wav
18313	9	./AudioMNIST/data/32/9_32_46.wav
18314	5	./AudioMNIST/data/25/5_25_11.wav
18315	2	./AudioMNIST/data/36/2_36_8.wav
18316	4	./AudioMNIST/data/43/4_43_5.wav
18317	2	./AudioMNIST/data/36/2_36_46.wav
18318	3	./AudioMNIST/data/16/3_16_24.wav
18319	9	./AudioMNIST/data/34/9_34_5.wav
18320	4	./AudioMNIST/data/08/4_08_26.wav
18321	8	./AudioMNIST/data/18/8_18_16.wav
18322	5	./AudioMNIST/data/52/5_52_30.wav
18323	6	./AudioMNIST/data/03/6_03_13.wav
18324	3	./AudioMNIST/data/04/3_04_4.wav
18325	0	./AudioMNIST/data/47/0_47_45.wav
18326	3	./AudioMNIST/data/15/3_15_26.wav
18327	2	./AudioMNIST/data/08/2_08_4.wav
18328	8	./AudioMNIST/data/33/8_33_8.wav
18329	9	./AudioMNIST/data/33/9_33_36.wav
18330	3	./AudioMNIST/data/13/3_13_43.wav
18331	5	./AudioMNIST/data/09/5_09_23.wav
18332	7	./AudioMNIST/data/12/7_12_35.wav
18333	2	./AudioMNIST/data/47/2_47_48.wav
18334	6	./AudioMNIST/data/25/6_25_44.wav
18335	5	./AudioMNIST/data/47/5_47_10.wav
18336	0	./AudioMNIST/data/11/0_11_26.wav
18337	4	./AudioMNIST/data/49/4_49_6.wav
18338	7	./AudioMNIST/data/57/7_57_37.wav
18339	2	./AudioMNIST/data/55/2_55_32.wav
18340	1	./AudioMNIST/data/14/1_14_49.wav
18341	4	./AudioMNIST/data/43/4_43_1.wav
18342	5	./AudioMNIST/data/26/5_26_14.wav
18343	4	./AudioMNIST/data/11/4_11_1.wav
18344	1	./AudioMNIST/data/06/1_06_11.wav
18345	5	./AudioMNIST/data/03/5_03_42.wav
18346	5	./AudioMNIST/data/22/5_22_29.wav
18347	9	./AudioMNIST/data/01/9_01_19.wav
18348	2	./AudioMNIST/data/35/2_35_46.wav
18349	4	./AudioMNIST/data/27/4_27_37.wav
18350	1	./AudioMNIST/data/36/1_36_31.wav
18351	7	./AudioMNIST/data/03/7_03_40.wav
18352	5	./AudioMNIST/data/06/5_06_3.wav
18353	5	./AudioMNIST/data/30/5_30_18.wav
18354	4	./AudioMNIST/data/13/4_13_13.wav
18355	6	./AudioMNIST/data/41/6_41_31.wav
18356	2	./AudioMNIST/data/38/2_38_29.wav
18357	1	./AudioMNIST/data/28/1_28_45.wav
18358	3	./AudioMNIST/data/35/3_35_29.wav
18359	4	./AudioMNIST/data/41/4_41_27.wav
18360	6	./AudioMNIST/data/35/6_35_3.wav
18361	0	./AudioMNIST/data/30/0_30_45.wav
18362	1	./AudioMNIST/data/42/1_42_3.wav
18363	9	./AudioMNIST/data/17/9_17_7.wav
18364	0	./AudioMNIST/data/33/0_33_24.wav
18365	6	./AudioMNIST/data/47/6_47_42.wav
18366	3	./AudioMNIST/data/06/3_06_9.wav
18367	2	./AudioMNIST/data/60/2_60_47.wav
18368	1	./AudioMNIST/data/41/1_41_34.wav
18369	6	./AudioMNIST/data/24/6_24_20.wav
18370	3	./AudioMNIST/data/53/3_53_43.wav
18371	0	./AudioMNIST/data/16/0_16_38.wav
18372	8	./AudioMNIST/data/26/8_26_41.wav
18373	9	./AudioMNIST/data/18/9_18_15.wav
18374	4	./AudioMNIST/data/50/4_50_26.wav
18375	8	./AudioMNIST/data/34/8_34_28.wav
18376	9	./AudioMNIST/data/34/9_34_38.wav
18377	1	./AudioMNIST/data/08/1_08_13.wav
18378	2	./AudioMNIST/data/47/2_47_9.wav
18379	9	./AudioMNIST/data/16/9_16_43.wav
18380	9	./AudioMNIST/data/33/9_33_6.wav
18381	7	./AudioMNIST/data/23/7_23_35.wav
18382	3	./AudioMNIST/data/40/3_40_2.wav
18383	2	./AudioMNIST/data/18/2_18_3.wav
18384	7	./AudioMNIST/data/18/7_18_6.wav
18385	0	./AudioMNIST/data/51/0_51_29.wav
18386	9	./AudioMNIST/data/14/9_14_39.wav
18387	1	./AudioMNIST/data/57/1_57_32.wav
18388	0	./AudioMNIST/data/25/0_25_20.wav
18389	9	./AudioMNIST/data/30/9_30_2.wav
18390	9	./AudioMNIST/data/18/9_18_34.wav
18391	1	./AudioMNIST/data/29/1_29_29.wav
18392	1	./AudioMNIST/data/19/1_19_43.wav
18393	0	./AudioMNIST/data/13/0_13_31.wav
18394	2	./AudioMNIST/data/45/2_45_14.wav
18395	4	./AudioMNIST/data/16/4_16_20.wav
18396	7	./AudioMNIST/data/01/7_01_5.wav
18397	2	./AudioMNIST/data/28/2_28_13.wav
18398	2	./AudioMNIST/data/01/2_01_34.wav
18399	5	./AudioMNIST/data/33/5_33_5.wav
18400	7	./AudioMNIST/data/48/7_48_1.wav
18401	7	./AudioMNIST/data/46/7_46_7.wav
18402	7	./AudioMNIST/data/52/7_52_38.wav
18403	5	./AudioMNIST/data/16/5_16_45.wav
18404	6	./AudioMNIST/data/06/6_06_17.wav
18405	2	./AudioMNIST/data/21/2_21_12.wav
18406	6	./AudioMNIST/data/32/6_32_39.wav
18407	2	./AudioMNIST/data/13/2_13_23.wav
18408	2	./AudioMNIST/data/20/2_20_43.wav
18409	7	./AudioMNIST/data/56/7_56_1.wav
18410	1	./AudioMNIST/data/36/1_36_20.wav
18411	6	./AudioMNIST/data/10/6_10_46.wav
18412	0	./AudioMNIST/data/58/0_58_18.wav
18413	8	./AudioMNIST/data/04/8_04_1.wav
18414	4	./AudioMNIST/data/12/4_12_39.wav
18415	1	./AudioMNIST/data/38/1_38_35.wav
18416	6	./AudioMNIST/data/57/6_57_9.wav
18417	3	./AudioMNIST/data/60/3_60_18.wav
18418	7	./AudioMNIST/data/27/7_27_22.wav
18419	6	./AudioMNIST/data/44/6_44_46.wav
18420	5	./AudioMNIST/data/51/5_51_2.wav
18421	7	./AudioMNIST/data/43/7_43_20.wav
18422	8	./AudioMNIST/data/51/8_51_46.wav
18423	5	./AudioMNIST/data/07/5_07_17.wav
18424	2	./AudioMNIST/data/42/2_42_15.wav
18425	9	./AudioMNIST/data/42/9_42_25.wav
18426	1	./AudioMNIST/data/30/1_30_2.wav
18427	2	./AudioMNIST/data/16/2_16_46.wav
18428	6	./AudioMNIST/data/60/6_60_27.wav
18429	1	./AudioMNIST/data/46/1_46_38.wav
18430	8	./AudioMNIST/data/45/8_45_40.wav
18431	3	./AudioMNIST/data/26/3_26_1.wav
18432	2	./AudioMNIST/data/23/2_23_45.wav
18433	7	./AudioMNIST/data/08/7_08_44.wav
18434	6	./AudioMNIST/data/13/6_13_32.wav
18435	2	./AudioMNIST/data/27/2_27_23.wav
18436	0	./AudioMNIST/data/38/0_38_2.wav
18437	0	./AudioMNIST/data/39/0_39_17.wav
18438	4	./AudioMNIST/data/08/4_08_27.wav
18439	2	./AudioMNIST/data/06/2_06_23.wav
18440	0	./AudioMNIST/data/17/0_17_27.wav
18441	4	./AudioMNIST/data/34/4_34_41.wav
18442	2	./AudioMNIST/data/37/2_37_46.wav
18443	8	./AudioMNIST/data/45/8_45_33.wav
18444	2	./AudioMNIST/data/44/2_44_32.wav
18445	1	./AudioMNIST/data/45/1_45_13.wav
18446	1	./AudioMNIST/data/21/1_21_31.wav
18447	9	./AudioMNIST/data/12/9_12_45.wav
18448	2	./AudioMNIST/data/09/2_09_28.wav
18449	7	./AudioMNIST/data/04/7_04_38.wav
18450	7	./AudioMNIST/data/29/7_29_37.wav
18451	4	./AudioMNIST/data/53/4_53_36.wav
18452	1	./AudioMNIST/data/50/1_50_44.wav
18453	0	./AudioMNIST/data/29/0_29_22.wav
18454	9	./AudioMNIST/data/32/9_32_8.wav
18455	3	./AudioMNIST/data/36/3_36_35.wav
18456	2	./AudioMNIST/data/11/2_11_24.wav
18457	0	./AudioMNIST/data/05/0_05_38.wav
18458	9	./AudioMNIST/data/46/9_46_14.wav
18459	7	./AudioMNIST/data/25/7_25_19.wav
18460	7	./AudioMNIST/data/54/7_54_46.wav
18461	2	./AudioMNIST/data/54/2_54_32.wav
18462	2	./AudioMNIST/data/20/2_20_26.wav
18463	1	./AudioMNIST/data/57/1_57_49.wav
18464	6	./AudioMNIST/data/52/6_52_17.wav
18465	3	./AudioMNIST/data/38/3_38_19.wav
18466	6	./AudioMNIST/data/59/6_59_8.wav
18467	7	./AudioMNIST/data/17/7_17_18.wav
18468	1	./AudioMNIST/data/38/1_38_40.wav
18469	4	./AudioMNIST/data/07/4_07_0.wav
18470	9	./AudioMNIST/data/29/9_29_32.wav
18471	3	./AudioMNIST/data/26/3_26_3.wav
18472	3	./AudioMNIST/data/25/3_25_45.wav
18473	3	./AudioMNIST/data/09/3_09_25.wav
18474	2	./AudioMNIST/data/45/2_45_4.wav
18475	3	./AudioMNIST/data/20/3_20_44.wav
18476	0	./AudioMNIST/data/43/0_43_6.wav
18477	0	./AudioMNIST/data/38/0_38_21.wav
18478	1	./AudioMNIST/data/57/1_57_13.wav
18479	1	./AudioMNIST/data/04/1_04_46.wav
18480	0	./AudioMNIST/data/27/0_27_30.wav
18481	8	./AudioMNIST/data/59/8_59_18.wav
18482	0	./AudioMNIST/data/51/0_51_30.wav
18483	0	./AudioMNIST/data/43/0_43_1.wav
18484	5	./AudioMNIST/data/39/5_39_7.wav
18485	8	./AudioMNIST/data/10/8_10_29.wav
18486	7	./AudioMNIST/data/28/7_28_9.wav
18487	8	./AudioMNIST/data/26/8_26_4.wav
18488	5	./AudioMNIST/data/57/5_57_49.wav
18489	9	./AudioMNIST/data/30/9_30_14.wav
18490	7	./AudioMNIST/data/17/7_17_34.wav
18491	0	./AudioMNIST/data/15/0_15_12.wav
18492	4	./AudioMNIST/data/22/4_22_38.wav
18493	7	./AudioMNIST/data/54/7_54_26.wav
18494	1	./AudioMNIST/data/53/1_53_41.wav
18495	3	./AudioMNIST/data/13/3_13_36.wav
18496	0	./AudioMNIST/data/52/0_52_32.wav
18497	1	./AudioMNIST/data/28/1_28_19.wav
18498	1	./AudioMNIST/data/24/1_24_11.wav
18499	0	./AudioMNIST/data/09/0_09_34.wav
18500	9	./AudioMNIST/data/19/9_19_40.wav
18501	3	./AudioMNIST/data/44/3_44_10.wav
18502	9	./AudioMNIST/data/05/9_05_12.wav
18503	3	./AudioMNIST/data/35/3_35_0.wav
18504	1	./AudioMNIST/data/01/1_01_33.wav
18505	1	./AudioMNIST/data/11/1_11_18.wav
18506	6	./AudioMNIST/data/40/6_40_24.wav
18507	6	./AudioMNIST/data/06/6_06_0.wav
18508	1	./AudioMNIST/data/08/1_08_17.wav
18509	1	./AudioMNIST/data/27/1_27_8.wav
18510	8	./AudioMNIST/data/01/8_01_6.wav
18511	6	./AudioMNIST/data/58/6_58_26.wav
18512	4	./AudioMNIST/data/16/4_16_0.wav
18513	3	./AudioMNIST/data/35/3_35_3.wav
18514	9	./AudioMNIST/data/42/9_42_37.wav
18515	1	./AudioMNIST/data/42/1_42_5.wav
18516	9	./AudioMNIST/data/26/9_26_45.wav
18517	7	./AudioMNIST/data/16/7_16_8.wav
18518	2	./AudioMNIST/data/41/2_41_46.wav
18519	9	./AudioMNIST/data/27/9_27_25.wav
18520	5	./AudioMNIST/data/23/5_23_49.wav
18521	3	./AudioMNIST/data/54/3_54_17.wav
18522	2	./AudioMNIST/data/17/2_17_29.wav
18523	3	./AudioMNIST/data/01/3_01_22.wav
18524	5	./AudioMNIST/data/23/5_23_13.wav
18525	2	./AudioMNIST/data/56/2_56_26.wav
18526	1	./AudioMNIST/data/30/1_30_31.wav
18527	8	./AudioMNIST/data/27/8_27_5.wav
18528	4	./AudioMNIST/data/06/4_06_29.wav
18529	4	./AudioMNIST/data/31/4_31_16.wav
18530	6	./AudioMNIST/data/11/6_11_18.wav
18531	3	./AudioMNIST/data/05/3_05_1.wav
18532	4	./AudioMNIST/data/31/4_31_5.wav
18533	4	./AudioMNIST/data/30/4_30_9.wav
18534	4	./AudioMNIST/data/39/4_39_13.wav
18535	9	./AudioMNIST/data/28/9_28_3.wav
18536	3	./AudioMNIST/data/12/3_12_21.wav
18537	7	./AudioMNIST/data/06/7_06_19.wav
18538	7	./AudioMNIST/data/45/7_45_18.wav
18539	9	./AudioMNIST/data/50/9_50_29.wav
18540	6	./AudioMNIST/data/21/6_21_37.wav
18541	9	./AudioMNIST/data/02/9_02_18.wav
18542	7	./AudioMNIST/data/57/7_57_1.wav
18543	4	./AudioMNIST/data/49/4_49_24.wav
18544	8	./AudioMNIST/data/03/8_03_44.wav
18545	1	./AudioMNIST/data/51/1_51_0.wav
18546	3	./AudioMNIST/data/28/3_28_46.wav
18547	8	./AudioMNIST/data/05/8_05_36.wav
18548	1	./AudioMNIST/data/06/1_06_36.wav
18549	5	./AudioMNIST/data/47/5_47_11.wav
18550	7	./AudioMNIST/data/09/7_09_47.wav
18551	3	./AudioMNIST/data/22/3_22_1.wav
18552	7	./AudioMNIST/data/36/7_36_46.wav
18553	5	./AudioMNIST/data/25/5_25_47.wav
18554	1	./AudioMNIST/data/22/1_22_40.wav
18555	6	./AudioMNIST/data/04/6_04_39.wav
18556	1	./AudioMNIST/data/01/1_01_37.wav
18557	1	./AudioMNIST/data/35/1_35_44.wav
18558	0	./AudioMNIST/data/30/0_30_39.wav
18559	8	./AudioMNIST/data/35/8_35_0.wav
18560	9	./AudioMNIST/data/14/9_14_5.wav
18561	8	./AudioMNIST/data/48/8_48_40.wav
18562	3	./AudioMNIST/data/39/3_39_32.wav
18563	5	./AudioMNIST/data/35/5_35_34.wav
18564	5	./AudioMNIST/data/29/5_29_26.wav
18565	6	./AudioMNIST/data/10/6_10_31.wav
18566	1	./AudioMNIST/data/13/1_13_43.wav
18567	0	./AudioMNIST/data/18/0_18_19.wav
18568	4	./AudioMNIST/data/42/4_42_27.wav
18569	0	./AudioMNIST/data/17/0_17_25.wav
18570	2	./AudioMNIST/data/42/2_42_40.wav
18571	0	./AudioMNIST/data/58/0_58_39.wav
18572	9	./AudioMNIST/data/20/9_20_31.wav
18573	1	./AudioMNIST/data/46/1_46_25.wav
18574	3	./AudioMNIST/data/11/3_11_23.wav
18575	2	./AudioMNIST/data/19/2_19_44.wav
18576	6	./AudioMNIST/data/42/6_42_39.wav
18577	9	./AudioMNIST/data/59/9_59_40.wav
18578	7	./AudioMNIST/data/06/7_06_28.wav
18579	9	./AudioMNIST/data/26/9_26_39.wav
18580	9	./AudioMNIST/data/58/9_58_32.wav
18581	9	./AudioMNIST/data/38/9_38_24.wav
18582	6	./AudioMNIST/data/30/6_30_17.wav
18583	0	./AudioMNIST/data/45/0_45_21.wav
18584	7	./AudioMNIST/data/13/7_13_46.wav
18585	7	./AudioMNIST/data/02/7_02_3.wav
18586	4	./AudioMNIST/data/07/4_07_33.wav
18587	1	./AudioMNIST/data/31/1_31_14.wav
18588	3	./AudioMNIST/data/47/3_47_6.wav
18589	3	./AudioMNIST/data/59/3_59_31.wav
18590	4	./AudioMNIST/data/37/4_37_39.wav
18591	3	./AudioMNIST/data/24/3_24_6.wav
18592	5	./AudioMNIST/data/56/5_56_4.wav
18593	5	./AudioMNIST/data/40/5_40_37.wav
18594	6	./AudioMNIST/data/28/6_28_34.wav
18595	7	./AudioMNIST/data/56/7_56_31.wav
18596	6	./AudioMNIST/data/28/6_28_14.wav
18597	8	./AudioMNIST/data/38/8_38_14.wav
18598	0	./AudioMNIST/data/14/0_14_47.wav
18599	1	./AudioMNIST/data/16/1_16_22.wav
18600	2	./AudioMNIST/data/59/2_59_34.wav
18601	7	./AudioMNIST/data/22/7_22_13.wav
18602	0	./AudioMNIST/data/51/0_51_11.wav
18603	9	./AudioMNIST/data/32/9_32_27.wav
18604	2	./AudioMNIST/data/35/2_35_14.wav
18605	4	./AudioMNIST/data/25/4_25_46.wav
18606	0	./AudioMNIST/data/57/0_57_41.wav
18607	0	./AudioMNIST/data/40/0_40_47.wav
18608	9	./AudioMNIST/data/50/9_50_8.wav
18609	9	./AudioMNIST/data/07/9_07_48.wav
18610	4	./AudioMNIST/data/55/4_55_25.wav
18611	6	./AudioMNIST/data/50/6_50_47.wav
18612	1	./AudioMNIST/data/20/1_20_13.wav
18613	7	./AudioMNIST/data/05/7_05_19.wav
18614	4	./AudioMNIST/data/59/4_59_33.wav
18615	0	./AudioMNIST/data/46/0_46_48.wav
18616	4	./AudioMNIST/data/26/4_26_7.wav
18617	3	./AudioMNIST/data/36/3_36_48.wav
18618	3	./AudioMNIST/data/20/3_20_23.wav
18619	4	./AudioMNIST/data/28/4_28_34.wav
18620	9	./AudioMNIST/data/37/9_37_39.wav
18621	8	./AudioMNIST/data/13/8_13_1.wav
18622	4	./AudioMNIST/data/56/4_56_40.wav
18623	2	./AudioMNIST/data/44/2_44_30.wav
18624	3	./AudioMNIST/data/15/3_15_18.wav
18625	7	./AudioMNIST/data/50/7_50_18.wav
18626	4	./AudioMNIST/data/41/4_41_38.wav
18627	9	./AudioMNIST/data/57/9_57_22.wav
18628	7	./AudioMNIST/data/12/7_12_34.wav
18629	8	./AudioMNIST/data/59/8_59_34.wav
18630	8	./AudioMNIST/data/08/8_08_22.wav
18631	9	./AudioMNIST/data/43/9_43_11.wav
18632	8	./AudioMNIST/data/20/8_20_39.wav
18633	5	./AudioMNIST/data/04/5_04_2.wav
18634	9	./AudioMNIST/data/58/9_58_17.wav
18635	4	./AudioMNIST/data/28/4_28_9.wav
18636	6	./AudioMNIST/data/37/6_37_41.wav
18637	5	./AudioMNIST/data/55/5_55_30.wav
18638	3	./AudioMNIST/data/06/3_06_5.wav
18639	1	./AudioMNIST/data/11/1_11_24.wav
18640	8	./AudioMNIST/data/51/8_51_15.wav
18641	6	./AudioMNIST/data/29/6_29_29.wav
18642	6	./AudioMNIST/data/38/6_38_30.wav
18643	7	./AudioMNIST/data/29/7_29_20.wav
18644	7	./AudioMNIST/data/07/7_07_8.wav
18645	8	./AudioMNIST/data/20/8_20_38.wav
18646	5	./AudioMNIST/data/47/5_47_22.wav
18647	5	./AudioMNIST/data/19/5_19_26.wav
18648	1	./AudioMNIST/data/37/1_37_22.wav
18649	5	./AudioMNIST/data/35/5_35_39.wav
18650	6	./AudioMNIST/data/38/6_38_41.wav
18651	1	./AudioMNIST/data/51/1_51_16.wav
18652	2	./AudioMNIST/data/51/2_51_40.wav
18653	4	./AudioMNIST/data/45/4_45_24.wav
18654	1	./AudioMNIST/data/45/1_45_23.wav
18655	4	./AudioMNIST/data/34/4_34_18.wav
18656	5	./AudioMNIST/data/02/5_02_44.wav
18657	5	./AudioMNIST/data/29/5_29_40.wav
18658	6	./AudioMNIST/data/19/6_19_10.wav
18659	0	./AudioMNIST/data/54/0_54_27.wav
18660	1	./AudioMNIST/data/20/1_20_20.wav
18661	6	./AudioMNIST/data/49/6_49_7.wav
18662	6	./AudioMNIST/data/02/6_02_18.wav
18663	1	./AudioMNIST/data/06/1_06_28.wav
18664	5	./AudioMNIST/data/33/5_33_25.wav
18665	5	./AudioMNIST/data/04/5_04_43.wav
18666	9	./AudioMNIST/data/07/9_07_18.wav
18667	4	./AudioMNIST/data/23/4_23_24.wav
18668	4	./AudioMNIST/data/34/4_34_39.wav
18669	3	./AudioMNIST/data/17/3_17_1.wav
18670	3	./AudioMNIST/data/23/3_23_0.wav
18671	5	./AudioMNIST/data/52/5_52_21.wav
18672	9	./AudioMNIST/data/22/9_22_17.wav
18673	9	./AudioMNIST/data/38/9_38_4.wav
18674	2	./AudioMNIST/data/40/2_40_31.wav
18675	3	./AudioMNIST/data/14/3_14_41.wav
18676	1	./AudioMNIST/data/43/1_43_28.wav
18677	7	./AudioMNIST/data/03/7_03_43.wav
18678	1	./AudioMNIST/data/13/1_13_12.wav
18679	6	./AudioMNIST/data/14/6_14_0.wav
18680	3	./AudioMNIST/data/27/3_27_26.wav
18681	8	./AudioMNIST/data/22/8_22_40.wav
18682	9	./AudioMNIST/data/51/9_51_6.wav
18683	8	./AudioMNIST/data/19/8_19_18.wav
18684	0	./AudioMNIST/data/25/0_25_40.wav
18685	2	./AudioMNIST/data/27/2_27_43.wav
18686	2	./AudioMNIST/data/16/2_16_19.wav
18687	7	./AudioMNIST/data/03/7_03_2.wav
18688	8	./AudioMNIST/data/38/8_38_30.wav
18689	0	./AudioMNIST/data/50/0_50_35.wav
18690	3	./AudioMNIST/data/57/3_57_44.wav
18691	5	./AudioMNIST/data/25/5_25_32.wav
18692	2	./AudioMNIST/data/22/2_22_1.wav
18693	0	./AudioMNIST/data/55/0_55_6.wav
18694	5	./AudioMNIST/data/53/5_53_6.wav
18695	5	./AudioMNIST/data/07/5_07_28.wav
18696	5	./AudioMNIST/data/20/5_20_48.wav
18697	4	./AudioMNIST/data/44/4_44_7.wav
18698	0	./AudioMNIST/data/09/0_09_6.wav
18699	8	./AudioMNIST/data/02/8_02_16.wav
18700	4	./AudioMNIST/data/57/4_57_20.wav
18701	1	./AudioMNIST/data/56/1_56_22.wav
18702	7	./AudioMNIST/data/15/7_15_16.wav
18703	2	./AudioMNIST/data/59/2_59_25.wav
18704	7	./AudioMNIST/data/43/7_43_10.wav
18705	4	./AudioMNIST/data/31/4_31_30.wav
18706	0	./AudioMNIST/data/03/0_03_34.wav
18707	0	./AudioMNIST/data/60/0_60_14.wav
18708	1	./AudioMNIST/data/18/1_18_22.wav
18709	2	./AudioMNIST/data/17/2_17_33.wav
18710	7	./AudioMNIST/data/39/7_39_15.wav
18711	5	./AudioMNIST/data/18/5_18_46.wav
18712	3	./AudioMNIST/data/32/3_32_46.wav
18713	8	./AudioMNIST/data/59/8_59_41.wav
18714	5	./AudioMNIST/data/55/5_55_46.wav
18715	5	./AudioMNIST/data/12/5_12_7.wav
18716	4	./AudioMNIST/data/42/4_42_49.wav
18717	2	./AudioMNIST/data/11/2_11_47.wav
18718	4	./AudioMNIST/data/41/4_41_17.wav
18719	4	./AudioMNIST/data/56/4_56_13.wav
18720	9	./AudioMNIST/data/13/9_13_5.wav
18721	8	./AudioMNIST/data/56/8_56_3.wav
18722	1	./AudioMNIST/data/25/1_25_12.wav
18723	9	./AudioMNIST/data/51/9_51_1.wav
18724	9	./AudioMNIST/data/41/9_41_6.wav
18725	1	./AudioMNIST/data/13/1_13_5.wav
18726	5	./AudioMNIST/data/32/5_32_20.wav
18727	6	./AudioMNIST/data/53/6_53_13.wav
18728	4	./AudioMNIST/data/37/4_37_33.wav
18729	8	./AudioMNIST/data/45/8_45_8.wav
18730	3	./AudioMNIST/data/28/3_28_27.wav
18731	5	./AudioMNIST/data/08/5_08_41.wav
18732	3	./AudioMNIST/data/28/3_28_16.wav
18733	0	./AudioMNIST/data/23/0_23_16.wav
18734	2	./AudioMNIST/data/10/2_10_35.wav
18735	7	./AudioMNIST/data/54/7_54_0.wav
18736	9	./AudioMNIST/data/47/9_47_30.wav
18737	4	./AudioMNIST/data/14/4_14_26.wav
18738	0	./AudioMNIST/data/57/0_57_33.wav
18739	0	./AudioMNIST/data/22/0_22_20.wav
18740	1	./AudioMNIST/data/48/1_48_12.wav
18741	0	./AudioMNIST/data/17/0_17_30.wav
18742	6	./AudioMNIST/data/01/6_01_26.wav
18743	0	./AudioMNIST/data/27/0_27_16.wav
18744	8	./AudioMNIST/data/60/8_60_0.wav
18745	4	./AudioMNIST/data/37/4_37_4.wav
18746	3	./AudioMNIST/data/37/3_37_15.wav
18747	0	./AudioMNIST/data/22/0_22_14.wav
18748	9	./AudioMNIST/data/42/9_42_11.wav
18749	2	./AudioMNIST/data/37/2_37_42.wav
18750	4	./AudioMNIST/data/02/4_02_47.wav
18751	5	./AudioMNIST/data/36/5_36_23.wav
18752	3	./AudioMNIST/data/24/3_24_23.wav
18753	2	./AudioMNIST/data/02/2_02_17.wav
18754	9	./AudioMNIST/data/54/9_54_20.wav
18755	2	./AudioMNIST/data/03/2_03_23.wav
18756	7	./AudioMNIST/data/39/7_39_10.wav
18757	9	./AudioMNIST/data/55/9_55_19.wav
18758	9	./AudioMNIST/data/52/9_52_25.wav
18759	4	./AudioMNIST/data/58/4_58_13.wav
18760	2	./AudioMNIST/data/03/2_03_34.wav
18761	7	./AudioMNIST/data/01/7_01_4.wav
18762	4	./AudioMNIST/data/41/4_41_2.wav
18763	6	./AudioMNIST/data/36/6_36_13.wav
18764	2	./AudioMNIST/data/45/2_45_10.wav
18765	3	./AudioMNIST/data/28/3_28_41.wav
18766	6	./AudioMNIST/data/33/6_33_32.wav
18767	8	./AudioMNIST/data/35/8_35_32.wav
18768	9	./AudioMNIST/data/01/9_01_9.wav
18769	6	./AudioMNIST/data/41/6_41_26.wav
18770	9	./AudioMNIST/data/32/9_32_32.wav
18771	8	./AudioMNIST/data/20/8_20_0.wav
18772	0	./AudioMNIST/data/22/0_22_18.wav
18773	9	./AudioMNIST/data/09/9_09_22.wav
18774	2	./AudioMNIST/data/54/2_54_42.wav
18775	7	./AudioMNIST/data/09/7_09_34.wav
18776	9	./AudioMNIST/data/36/9_36_36.wav
18777	4	./AudioMNIST/data/09/4_09_13.wav
18778	8	./AudioMNIST/data/27/8_27_10.wav
18779	1	./AudioMNIST/data/49/1_49_26.wav
18780	5	./AudioMNIST/data/11/5_11_20.wav
18781	6	./AudioMNIST/data/32/6_32_22.wav
18782	2	./AudioMNIST/data/38/2_38_10.wav
18783	7	./AudioMNIST/data/09/7_09_46.wav
18784	4	./AudioMNIST/data/57/4_57_17.wav
18785	6	./AudioMNIST/data/03/6_03_39.wav
18786	4	./AudioMNIST/data/05/4_05_18.wav
18787	3	./AudioMNIST/data/22/3_22_44.wav
18788	3	./AudioMNIST/data/44/3_44_36.wav
18789	3	./AudioMNIST/data/45/3_45_21.wav
18790	6	./AudioMNIST/data/15/6_15_49.wav
18791	2	./AudioMNIST/data/47/2_47_7.wav
18792	1	./AudioMNIST/data/38/1_38_8.wav
18793	7	./AudioMNIST/data/25/7_25_14.wav
18794	6	./AudioMNIST/data/48/6_48_6.wav
18795	9	./AudioMNIST/data/51/9_51_43.wav
18796	6	./AudioMNIST/data/43/6_43_14.wav
18797	0	./AudioMNIST/data/55/0_55_3.wav
18798	1	./AudioMNIST/data/29/1_29_25.wav
18799	3	./AudioMNIST/data/33/3_33_41.wav
18800	4	./AudioMNIST/data/08/4_08_19.wav
18801	1	./AudioMNIST/data/14/1_14_30.wav
18802	1	./AudioMNIST/data/31/1_31_30.wav
18803	5	./AudioMNIST/data/37/5_37_2.wav
18804	3	./AudioMNIST/data/18/3_18_19.wav
18805	8	./AudioMNIST/data/59/8_59_45.wav
18806	4	./AudioMNIST/data/54/4_54_30.wav
18807	8	./AudioMNIST/data/24/8_24_33.wav
18808	8	./AudioMNIST/data/13/8_13_27.wav
18809	6	./AudioMNIST/data/52/6_52_20.wav
18810	4	./AudioMNIST/data/13/4_13_11.wav
18811	9	./AudioMNIST/data/50/9_50_15.wav
18812	7	./AudioMNIST/data/19/7_19_3.wav
18813	8	./AudioMNIST/data/08/8_08_34.wav
18814	3	./AudioMNIST/data/60/3_60_36.wav
18815	5	./AudioMNIST/data/47/5_47_30.wav
18816	6	./AudioMNIST/data/33/6_33_19.wav
18817	3	./AudioMNIST/data/15/3_15_2.wav
18818	7	./AudioMNIST/data/49/7_49_7.wav
18819	0	./AudioMNIST/data/41/0_41_23.wav
18820	3	./AudioMNIST/data/06/3_06_1.wav
18821	7	./AudioMNIST/data/60/7_60_41.wav
18822	8	./AudioMNIST/data/17/8_17_44.wav
18823	0	./AudioMNIST/data/51/0_51_43.wav
18824	9	./AudioMNIST/data/30/9_30_27.wav
18825	1	./AudioMNIST/data/07/1_07_19.wav
18826	1	./AudioMNIST/data/36/1_36_16.wav
18827	1	./AudioMNIST/data/42/1_42_37.wav
18828	2	./AudioMNIST/data/15/2_15_19.wav
18829	0	./AudioMNIST/data/50/0_50_0.wav
18830	4	./AudioMNIST/data/39/4_39_12.wav
18831	9	./AudioMNIST/data/08/9_08_26.wav
18832	0	./AudioMNIST/data/36/0_36_0.wav
18833	8	./AudioMNIST/data/53/8_53_36.wav
18834	7	./AudioMNIST/data/11/7_11_22.wav
18835	5	./AudioMNIST/data/09/5_09_28.wav
18836	4	./AudioMNIST/data/50/4_50_19.wav
18837	4	./AudioMNIST/data/31/4_31_46.wav
18838	5	./AudioMNIST/data/39/5_39_17.wav
18839	5	./AudioMNIST/data/34/5_34_13.wav
18840	7	./AudioMNIST/data/33/7_33_44.wav
18841	0	./AudioMNIST/data/13/0_13_10.wav
18842	9	./AudioMNIST/data/23/9_23_4.wav
18843	8	./AudioMNIST/data/47/8_47_0.wav
18844	3	./AudioMNIST/data/31/3_31_5.wav
18845	4	./AudioMNIST/data/53/4_53_33.wav
18846	0	./AudioMNIST/data/39/0_39_23.wav
18847	5	./AudioMNIST/data/22/5_22_38.wav
18848	4	./AudioMNIST/data/30/4_30_40.wav
18849	8	./AudioMNIST/data/22/8_22_29.wav
18850	6	./AudioMNIST/data/28/6_28_23.wav
18851	6	./AudioMNIST/data/16/6_16_2.wav
18852	2	./AudioMNIST/data/25/2_25_39.wav
18853	3	./AudioMNIST/data/19/3_19_37.wav
18854	4	./AudioMNIST/data/25/4_25_4.wav
18855	3	./AudioMNIST/data/31/3_31_24.wav
18856	5	./AudioMNIST/data/18/5_18_32.wav
18857	4	./AudioMNIST/data/12/4_12_14.wav
18858	3	./AudioMNIST/data/52/3_52_2.wav
18859	2	./AudioMNIST/data/19/2_19_26.wav
18860	9	./AudioMNIST/data/09/9_09_27.wav
18861	9	./AudioMNIST/data/17/9_17_11.wav
18862	8	./AudioMNIST/data/29/8_29_27.wav
18863	0	./AudioMNIST/data/38/0_38_35.wav
18864	1	./AudioMNIST/data/43/1_43_34.wav
18865	4	./AudioMNIST/data/32/4_32_20.wav
18866	5	./AudioMNIST/data/12/5_12_5.wav
18867	8	./AudioMNIST/data/56/8_56_40.wav
18868	2	./AudioMNIST/data/32/2_32_16.wav
18869	4	./AudioMNIST/data/07/4_07_43.wav
18870	5	./AudioMNIST/data/10/5_10_41.wav
18871	7	./AudioMNIST/data/49/7_49_8.wav
18872	7	./AudioMNIST/data/25/7_25_26.wav
18873	6	./AudioMNIST/data/20/6_20_32.wav
18874	2	./AudioMNIST/data/32/2_32_40.wav
18875	3	./AudioMNIST/data/58/3_58_2.wav
18876	7	./AudioMNIST/data/39/7_39_39.wav
18877	6	./AudioMNIST/data/50/6_50_39.wav
18878	3	./AudioMNIST/data/60/3_60_30.wav
18879	3	./AudioMNIST/data/49/3_49_23.wav
18880	2	./AudioMNIST/data/60/2_60_15.wav
18881	0	./AudioMNIST/data/19/0_19_19.wav
18882	9	./AudioMNIST/data/34/9_34_47.wav
18883	7	./AudioMNIST/data/12/7_12_19.wav
18884	4	./AudioMNIST/data/47/4_47_26.wav
18885	5	./AudioMNIST/data/37/5_37_29.wav
18886	2	./AudioMNIST/data/54/2_54_16.wav
18887	1	./AudioMNIST/data/21/1_21_32.wav
18888	9	./AudioMNIST/data/06/9_06_11.wav
18889	6	./AudioMNIST/data/06/6_06_4.wav
18890	6	./AudioMNIST/data/45/6_45_45.wav
18891	9	./AudioMNIST/data/23/9_23_45.wav
18892	5	./AudioMNIST/data/08/5_08_33.wav
18893	0	./AudioMNIST/data/46/0_46_34.wav
18894	0	./AudioMNIST/data/55/0_55_26.wav
18895	5	./AudioMNIST/data/52/5_52_12.wav
18896	5	./AudioMNIST/data/25/5_25_34.wav
18897	4	./AudioMNIST/data/41/4_41_46.wav
18898	7	./AudioMNIST/data/40/7_40_1.wav
18899	5	./AudioMNIST/data/60/5_60_46.wav
18900	6	./AudioMNIST/data/41/6_41_44.wav
18901	7	./AudioMNIST/data/07/7_07_34.wav
18902	5	./AudioMNIST/data/28/5_28_4.wav
18903	6	./AudioMNIST/data/05/6_05_28.wav
18904	1	./AudioMNIST/data/02/1_02_27.wav
18905	2	./AudioMNIST/data/06/2_06_13.wav
18906	8	./AudioMNIST/data/59/8_59_15.wav
18907	3	./AudioMNIST/data/31/3_31_21.wav
18908	1	./AudioMNIST/data/27/1_27_21.wav
18909	8	./AudioMNIST/data/04/8_04_47.wav
18910	7	./AudioMNIST/data/18/7_18_32.wav
18911	9	./AudioMNIST/data/12/9_12_28.wav
18912	8	./AudioMNIST/data/15/8_15_8.wav
18913	0	./AudioMNIST/data/04/0_04_41.wav
18914	1	./AudioMNIST/data/38/1_38_43.wav
18915	6	./AudioMNIST/data/38/6_38_42.wav
18916	7	./AudioMNIST/data/38/7_38_4.wav
18917	1	./AudioMNIST/data/07/1_07_33.wav
18918	8	./AudioMNIST/data/02/8_02_36.wav
18919	8	./AudioMNIST/data/36/8_36_21.wav
18920	0	./AudioMNIST/data/31/0_31_32.wav
18921	1	./AudioMNIST/data/08/1_08_15.wav
18922	4	./AudioMNIST/data/15/4_15_34.wav
18923	4	./AudioMNIST/data/15/4_15_36.wav
18924	8	./AudioMNIST/data/01/8_01_36.wav
18925	0	./AudioMNIST/data/45/0_45_22.wav
18926	9	./AudioMNIST/data/35/9_35_15.wav
18927	6	./AudioMNIST/data/48/6_48_34.wav
18928	2	./AudioMNIST/data/08/2_08_28.wav
18929	9	./AudioMNIST/data/54/9_54_30.wav
18930	5	./AudioMNIST/data/06/5_06_42.wav
18931	8	./AudioMNIST/data/06/8_06_49.wav
18932	3	./AudioMNIST/data/38/3_38_46.wav
18933	7	./AudioMNIST/data/46/7_46_3.wav
18934	0	./AudioMNIST/data/19/0_19_12.wav
18935	6	./AudioMNIST/data/42/6_42_35.wav
18936	9	./AudioMNIST/data/53/9_53_47.wav
18937	8	./AudioMNIST/data/30/8_30_38.wav
18938	2	./AudioMNIST/data/36/2_36_26.wav
18939	7	./AudioMNIST/data/36/7_36_47.wav
18940	5	./AudioMNIST/data/52/5_52_23.wav
18941	8	./AudioMNIST/data/57/8_57_21.wav
18942	4	./AudioMNIST/data/16/4_16_36.wav
18943	1	./AudioMNIST/data/30/1_30_45.wav
18944	5	./AudioMNIST/data/41/5_41_48.wav
18945	4	./AudioMNIST/data/04/4_04_3.wav
18946	6	./AudioMNIST/data/51/6_51_9.wav
18947	5	./AudioMNIST/data/16/5_16_34.wav
18948	5	./AudioMNIST/data/60/5_60_5.wav
18949	6	./AudioMNIST/data/40/6_40_45.wav
18950	6	./AudioMNIST/data/32/6_32_30.wav
18951	9	./AudioMNIST/data/04/9_04_35.wav
18952	2	./AudioMNIST/data/22/2_22_35.wav
18953	8	./AudioMNIST/data/46/8_46_1.wav
18954	7	./AudioMNIST/data/54/7_54_8.wav
18955	6	./AudioMNIST/data/35/6_35_15.wav
18956	4	./AudioMNIST/data/30/4_30_12.wav
18957	6	./AudioMNIST/data/26/6_26_42.wav
18958	2	./AudioMNIST/data/15/2_15_31.wav
18959	7	./AudioMNIST/data/26/7_26_34.wav
18960	4	./AudioMNIST/data/54/4_54_14.wav
18961	6	./AudioMNIST/data/57/6_57_44.wav
18962	5	./AudioMNIST/data/21/5_21_11.wav
18963	9	./AudioMNIST/data/20/9_20_20.wav
18964	5	./AudioMNIST/data/53/5_53_24.wav
18965	8	./AudioMNIST/data/43/8_43_45.wav
18966	1	./AudioMNIST/data/28/1_28_17.wav
18967	9	./AudioMNIST/data/50/9_50_6.wav
18968	8	./AudioMNIST/data/01/8_01_2.wav
18969	0	./AudioMNIST/data/47/0_47_34.wav
18970	6	./AudioMNIST/data/02/6_02_48.wav
18971	2	./AudioMNIST/data/28/2_28_9.wav
18972	7	./AudioMNIST/data/22/7_22_3.wav
18973	9	./AudioMNIST/data/60/9_60_25.wav
18974	9	./AudioMNIST/data/57/9_57_0.wav
18975	0	./AudioMNIST/data/48/0_48_12.wav
18976	6	./AudioMNIST/data/24/6_24_39.wav
18977	2	./AudioMNIST/data/57/2_57_40.wav
18978	8	./AudioMNIST/data/25/8_25_30.wav
18979	4	./AudioMNIST/data/20/4_20_7.wav
18980	7	./AudioMNIST/data/03/7_03_33.wav
18981	6	./AudioMNIST/data/46/6_46_42.wav
18982	6	./AudioMNIST/data/34/6_34_6.wav
18983	5	./AudioMNIST/data/57/5_57_13.wav
18984	6	./AudioMNIST/data/51/6_51_21.wav
18985	9	./AudioMNIST/data/10/9_10_6.wav
18986	9	./AudioMNIST/data/26/9_26_43.wav
18987	9	./AudioMNIST/data/36/9_36_11.wav
18988	2	./AudioMNIST/data/20/2_20_12.wav
18989	6	./AudioMNIST/data/27/6_27_27.wav
18990	9	./AudioMNIST/data/54/9_54_43.wav
18991	7	./AudioMNIST/data/57/7_57_12.wav
18992	4	./AudioMNIST/data/17/4_17_12.wav
18993	3	./AudioMNIST/data/33/3_33_8.wav
18994	2	./AudioMNIST/data/17/2_17_3.wav
18995	1	./AudioMNIST/data/44/1_44_49.wav
18996	5	./AudioMNIST/data/15/5_15_13.wav
18997	5	./AudioMNIST/data/31/5_31_30.wav
18998	7	./AudioMNIST/data/30/7_30_49.wav
18999	1	./AudioMNIST/data/53/1_53_36.wav
19000	2	./AudioMNIST/data/16/2_16_5.wav
19001	0	./AudioMNIST/data/52/0_52_14.wav
19002	8	./AudioMNIST/data/59/8_59_1.wav
19003	8	./AudioMNIST/data/05/8_05_12.wav
19004	4	./AudioMNIST/data/59/4_59_6.wav
19005	5	./AudioMNIST/data/58/5_58_19.wav
19006	2	./AudioMNIST/data/49/2_49_45.wav
19007	7	./AudioMNIST/data/06/7_06_40.wav
19008	8	./AudioMNIST/data/16/8_16_15.wav
19009	6	./AudioMNIST/data/59/6_59_0.wav
19010	3	./AudioMNIST/data/09/3_09_1.wav
19011	1	./AudioMNIST/data/09/1_09_37.wav
19012	8	./AudioMNIST/data/31/8_31_40.wav
19013	8	./AudioMNIST/data/09/8_09_39.wav
19014	8	./AudioMNIST/data/26/8_26_28.wav
19015	8	./AudioMNIST/data/04/8_04_25.wav
19016	0	./AudioMNIST/data/19/0_19_3.wav
19017	4	./AudioMNIST/data/35/4_35_18.wav
19018	0	./AudioMNIST/data/21/0_21_48.wav
19019	2	./AudioMNIST/data/60/2_60_49.wav
19020	9	./AudioMNIST/data/05/9_05_13.wav
19021	9	./AudioMNIST/data/24/9_24_24.wav
19022	0	./AudioMNIST/data/18/0_18_21.wav
19023	2	./AudioMNIST/data/03/2_03_5.wav
19024	9	./AudioMNIST/data/44/9_44_23.wav
19025	4	./AudioMNIST/data/09/4_09_37.wav
19026	7	./AudioMNIST/data/38/7_38_32.wav
19027	3	./AudioMNIST/data/02/3_02_27.wav
19028	9	./AudioMNIST/data/56/9_56_5.wav
19029	0	./AudioMNIST/data/21/0_21_31.wav
19030	9	./AudioMNIST/data/60/9_60_46.wav
19031	6	./AudioMNIST/data/07/6_07_8.wav
19032	2	./AudioMNIST/data/04/2_04_6.wav
19033	8	./AudioMNIST/data/51/8_51_29.wav
19034	7	./AudioMNIST/data/12/7_12_5.wav
19035	0	./AudioMNIST/data/17/0_17_2.wav
19036	4	./AudioMNIST/data/50/4_50_1.wav
19037	4	./AudioMNIST/data/44/4_44_3.wav
19038	5	./AudioMNIST/data/41/5_41_30.wav
19039	8	./AudioMNIST/data/48/8_48_15.wav
19040	2	./AudioMNIST/data/20/2_20_8.wav
19041	3	./AudioMNIST/data/39/3_39_43.wav
19042	3	./AudioMNIST/data/17/3_17_31.wav
19043	6	./AudioMNIST/data/40/6_40_35.wav
19044	4	./AudioMNIST/data/52/4_52_46.wav
19045	5	./AudioMNIST/data/33/5_33_45.wav
19046	8	./AudioMNIST/data/15/8_15_17.wav
19047	9	./AudioMNIST/data/42/9_42_42.wav
19048	9	./AudioMNIST/data/16/9_16_14.wav
19049	8	./AudioMNIST/data/14/8_14_9.wav
19050	3	./AudioMNIST/data/20/3_20_4.wav
19051	0	./AudioMNIST/data/12/0_12_49.wav
19052	5	./AudioMNIST/data/11/5_11_19.wav
19053	0	./AudioMNIST/data/26/0_26_16.wav
19054	0	./AudioMNIST/data/14/0_14_48.wav
19055	2	./AudioMNIST/data/45/2_45_1.wav
19056	9	./AudioMNIST/data/09/9_09_24.wav
19057	1	./AudioMNIST/data/56/1_56_47.wav
19058	0	./AudioMNIST/data/20/0_20_31.wav
19059	7	./AudioMNIST/data/37/7_37_45.wav
19060	2	./AudioMNIST/data/57/2_57_41.wav
19061	0	./AudioMNIST/data/05/0_05_16.wav
19062	1	./AudioMNIST/data/11/1_11_21.wav
19063	7	./AudioMNIST/data/36/7_36_23.wav
19064	8	./AudioMNIST/data/46/8_46_10.wav
19065	2	./AudioMNIST/data/43/2_43_47.wav
19066	2	./AudioMNIST/data/17/2_17_14.wav
19067	4	./AudioMNIST/data/57/4_57_16.wav
19068	8	./AudioMNIST/data/27/8_27_37.wav
19069	8	./AudioMNIST/data/60/8_60_45.wav
19070	8	./AudioMNIST/data/39/8_39_13.wav
19071	9	./AudioMNIST/data/45/9_45_27.wav
19072	0	./AudioMNIST/data/57/0_57_15.wav
19073	5	./AudioMNIST/data/22/5_22_40.wav
19074	8	./AudioMNIST/data/26/8_26_32.wav
19075	5	./AudioMNIST/data/34/5_34_47.wav
19076	6	./AudioMNIST/data/40/6_40_16.wav
19077	0	./AudioMNIST/data/52/0_52_31.wav
19078	0	./AudioMNIST/data/30/0_30_35.wav
19079	1	./AudioMNIST/data/40/1_40_24.wav
19080	6	./AudioMNIST/data/01/6_01_0.wav
19081	4	./AudioMNIST/data/12/4_12_9.wav
19082	3	./AudioMNIST/data/51/3_51_25.wav
19083	1	./AudioMNIST/data/58/1_58_30.wav
19084	5	./AudioMNIST/data/33/5_33_39.wav
19085	9	./AudioMNIST/data/44/9_44_21.wav
19086	9	./AudioMNIST/data/28/9_28_39.wav
19087	4	./AudioMNIST/data/20/4_20_46.wav
19088	7	./AudioMNIST/data/41/7_41_41.wav
19089	5	./AudioMNIST/data/35/5_35_11.wav
19090	5	./AudioMNIST/data/24/5_24_23.wav
19091	7	./AudioMNIST/data/15/7_15_43.wav
19092	2	./AudioMNIST/data/57/2_57_23.wav
19093	1	./AudioMNIST/data/18/1_18_7.wav
19094	4	./AudioMNIST/data/57/4_57_11.wav
19095	1	./AudioMNIST/data/38/1_38_10.wav
19096	4	./AudioMNIST/data/46/4_46_25.wav
19097	5	./AudioMNIST/data/54/5_54_39.wav
19098	2	./AudioMNIST/data/32/2_32_28.wav
19099	1	./AudioMNIST/data/51/1_51_32.wav
19100	1	./AudioMNIST/data/32/1_32_19.wav
19101	0	./AudioMNIST/data/42/0_42_20.wav
19102	1	./AudioMNIST/data/01/1_01_4.wav
19103	5	./AudioMNIST/data/44/5_44_25.wav
19104	9	./AudioMNIST/data/25/9_25_19.wav
19105	1	./AudioMNIST/data/42/1_42_24.wav
19106	6	./AudioMNIST/data/27/6_27_36.wav
19107	6	./AudioMNIST/data/06/6_06_43.wav
19108	8	./AudioMNIST/data/50/8_50_29.wav
19109	8	./AudioMNIST/data/27/8_27_19.wav
19110	5	./AudioMNIST/data/31/5_31_9.wav
19111	3	./AudioMNIST/data/19/3_19_47.wav
19112	6	./AudioMNIST/data/41/6_41_9.wav
19113	7	./AudioMNIST/data/19/7_19_46.wav
19114	4	./AudioMNIST/data/11/4_11_39.wav
19115	0	./AudioMNIST/data/52/0_52_48.wav
19116	9	./AudioMNIST/data/47/9_47_13.wav
19117	6	./AudioMNIST/data/13/6_13_33.wav
19118	1	./AudioMNIST/data/43/1_43_32.wav
19119	3	./AudioMNIST/data/05/3_05_16.wav
19120	4	./AudioMNIST/data/56/4_56_48.wav
19121	9	./AudioMNIST/data/55/9_55_45.wav
19122	9	./AudioMNIST/data/56/9_56_17.wav
19123	1	./AudioMNIST/data/01/1_01_17.wav
19124	7	./AudioMNIST/data/35/7_35_28.wav
19125	7	./AudioMNIST/data/53/7_53_4.wav
19126	4	./AudioMNIST/data/31/4_31_42.wav
19127	8	./AudioMNIST/data/12/8_12_41.wav
19128	7	./AudioMNIST/data/40/7_40_48.wav
19129	9	./AudioMNIST/data/43/9_43_9.wav
19130	2	./AudioMNIST/data/07/2_07_40.wav
19131	0	./AudioMNIST/data/01/0_01_14.wav
19132	3	./AudioMNIST/data/44/3_44_23.wav
19133	6	./AudioMNIST/data/19/6_19_48.wav
19134	2	./AudioMNIST/data/02/2_02_38.wav
19135	2	./AudioMNIST/data/42/2_42_31.wav
19136	4	./AudioMNIST/data/11/4_11_43.wav
19137	9	./AudioMNIST/data/49/9_49_3.wav
19138	6	./AudioMNIST/data/50/6_50_2.wav
19139	4	./AudioMNIST/data/08/4_08_22.wav
19140	9	./AudioMNIST/data/06/9_06_28.wav
19141	4	./AudioMNIST/data/31/4_31_17.wav
19142	3	./AudioMNIST/data/49/3_49_17.wav
19143	4	./AudioMNIST/data/13/4_13_35.wav
19144	6	./AudioMNIST/data/35/6_35_4.wav
19145	6	./AudioMNIST/data/42/6_42_32.wav
19146	5	./AudioMNIST/data/44/5_44_47.wav
19147	9	./AudioMNIST/data/04/9_04_23.wav
19148	0	./AudioMNIST/data/55/0_55_2.wav
19149	1	./AudioMNIST/data/14/1_14_38.wav
19150	3	./AudioMNIST/data/14/3_14_39.wav
19151	8	./AudioMNIST/data/21/8_21_24.wav
19152	8	./AudioMNIST/data/24/8_24_34.wav
19153	1	./AudioMNIST/data/54/1_54_48.wav
19154	5	./AudioMNIST/data/31/5_31_23.wav
19155	0	./AudioMNIST/data/52/0_52_27.wav
19156	7	./AudioMNIST/data/26/7_26_42.wav
19157	6	./AudioMNIST/data/11/6_11_1.wav
19158	7	./AudioMNIST/data/35/7_35_17.wav
19159	0	./AudioMNIST/data/59/0_59_24.wav
19160	9	./AudioMNIST/data/44/9_44_22.wav
19161	8	./AudioMNIST/data/47/8_47_7.wav
19162	4	./AudioMNIST/data/31/4_31_39.wav
19163	1	./AudioMNIST/data/17/1_17_49.wav
19164	6	./AudioMNIST/data/23/6_23_19.wav
19165	7	./AudioMNIST/data/03/7_03_29.wav
19166	2	./AudioMNIST/data/43/2_43_32.wav
19167	9	./AudioMNIST/data/08/9_08_47.wav
19168	9	./AudioMNIST/data/46/9_46_31.wav
19169	4	./AudioMNIST/data/35/4_35_10.wav
19170	1	./AudioMNIST/data/47/1_47_37.wav
19171	7	./AudioMNIST/data/06/7_06_2.wav
19172	8	./AudioMNIST/data/18/8_18_36.wav
19173	5	./AudioMNIST/data/41/5_41_14.wav
19174	7	./AudioMNIST/data/48/7_48_26.wav
19175	5	./AudioMNIST/data/52/5_52_40.wav
19176	1	./AudioMNIST/data/31/1_31_24.wav
19177	9	./AudioMNIST/data/18/9_18_25.wav
19178	8	./AudioMNIST/data/20/8_20_29.wav
19179	2	./AudioMNIST/data/59/2_59_15.wav
19180	7	./AudioMNIST/data/55/7_55_47.wav
19181	0	./AudioMNIST/data/38/0_38_20.wav
19182	4	./AudioMNIST/data/40/4_40_39.wav
19183	4	./AudioMNIST/data/25/4_25_31.wav
19184	5	./AudioMNIST/data/04/5_04_47.wav
19185	0	./AudioMNIST/data/19/0_19_29.wav
19186	8	./AudioMNIST/data/38/8_38_48.wav
19187	5	./AudioMNIST/data/58/5_58_40.wav
19188	9	./AudioMNIST/data/10/9_10_13.wav
19189	8	./AudioMNIST/data/02/8_02_47.wav
19190	9	./AudioMNIST/data/46/9_46_27.wav
19191	8	./AudioMNIST/data/05/8_05_35.wav
19192	9	./AudioMNIST/data/09/9_09_19.wav
19193	2	./AudioMNIST/data/26/2_26_33.wav
19194	7	./AudioMNIST/data/01/7_01_13.wav
19195	7	./AudioMNIST/data/34/7_34_42.wav
19196	9	./AudioMNIST/data/43/9_43_45.wav
19197	9	./AudioMNIST/data/11/9_11_7.wav
19198	5	./AudioMNIST/data/58/5_58_8.wav
19199	3	./AudioMNIST/data/25/3_25_15.wav
19200	5	./AudioMNIST/data/09/5_09_6.wav
19201	0	./AudioMNIST/data/38/0_38_36.wav
19202	8	./AudioMNIST/data/53/8_53_7.wav
19203	1	./AudioMNIST/data/18/1_18_38.wav
19204	6	./AudioMNIST/data/46/6_46_26.wav
19205	8	./AudioMNIST/data/29/8_29_26.wav
19206	1	./AudioMNIST/data/30/1_30_23.wav
19207	7	./AudioMNIST/data/27/7_27_23.wav
19208	8	./AudioMNIST/data/32/8_32_3.wav
19209	4	./AudioMNIST/data/52/4_52_24.wav
19210	3	./AudioMNIST/data/41/3_41_3.wav
19211	6	./AudioMNIST/data/51/6_51_6.wav
19212	2	./AudioMNIST/data/51/2_51_24.wav
19213	1	./AudioMNIST/data/04/1_04_16.wav
19214	3	./AudioMNIST/data/47/3_47_30.wav
19215	0	./AudioMNIST/data/40/0_40_5.wav
19216	0	./AudioMNIST/data/10/0_10_49.wav
19217	3	./AudioMNIST/data/53/3_53_32.wav
19218	9	./AudioMNIST/data/48/9_48_22.wav
19219	9	./AudioMNIST/data/52/9_52_42.wav
19220	3	./AudioMNIST/data/37/3_37_46.wav
19221	6	./AudioMNIST/data/30/6_30_35.wav
19222	5	./AudioMNIST/data/34/5_34_9.wav
19223	4	./AudioMNIST/data/19/4_19_35.wav
19224	0	./AudioMNIST/data/47/0_47_29.wav
19225	8	./AudioMNIST/data/47/8_47_8.wav
19226	1	./AudioMNIST/data/42/1_42_43.wav
19227	1	./AudioMNIST/data/23/1_23_47.wav
19228	0	./AudioMNIST/data/15/0_15_2.wav
19229	9	./AudioMNIST/data/31/9_31_13.wav
19230	9	./AudioMNIST/data/03/9_03_42.wav
19231	6	./AudioMNIST/data/43/6_43_38.wav
19232	8	./AudioMNIST/data/42/8_42_1.wav
19233	1	./AudioMNIST/data/51/1_51_47.wav
19234	9	./AudioMNIST/data/55/9_55_39.wav
19235	5	./AudioMNIST/data/03/5_03_11.wav
19236	7	./AudioMNIST/data/29/7_29_8.wav
19237	7	./AudioMNIST/data/60/7_60_37.wav
19238	9	./AudioMNIST/data/55/9_55_47.wav
19239	0	./AudioMNIST/data/39/0_39_2.wav
19240	5	./AudioMNIST/data/14/5_14_14.wav
19241	3	./AudioMNIST/data/20/3_20_29.wav
19242	2	./AudioMNIST/data/34/2_34_41.wav
19243	8	./AudioMNIST/data/15/8_15_32.wav
19244	0	./AudioMNIST/data/30/0_30_43.wav
19245	3	./AudioMNIST/data/07/3_07_2.wav
19246	1	./AudioMNIST/data/02/1_02_11.wav
19247	0	./AudioMNIST/data/36/0_36_29.wav
19248	3	./AudioMNIST/data/52/3_52_44.wav
19249	0	./AudioMNIST/data/03/0_03_7.wav
19250	9	./AudioMNIST/data/33/9_33_40.wav
19251	5	./AudioMNIST/data/49/5_49_27.wav
19252	0	./AudioMNIST/data/07/0_07_41.wav
19253	8	./AudioMNIST/data/03/8_03_38.wav
19254	0	./AudioMNIST/data/26/0_26_44.wav
19255	5	./AudioMNIST/data/06/5_06_48.wav
19256	6	./AudioMNIST/data/33/6_33_6.wav
19257	3	./AudioMNIST/data/48/3_48_10.wav
19258	3	./AudioMNIST/data/18/3_18_13.wav
19259	5	./AudioMNIST/data/24/5_24_35.wav
19260	2	./AudioMNIST/data/44/2_44_46.wav
19261	6	./AudioMNIST/data/16/6_16_48.wav
19262	8	./AudioMNIST/data/41/8_41_33.wav
19263	7	./AudioMNIST/data/10/7_10_0.wav
19264	7	./AudioMNIST/data/33/7_33_37.wav
19265	2	./AudioMNIST/data/04/2_04_39.wav
19266	4	./AudioMNIST/data/04/4_04_30.wav
19267	7	./AudioMNIST/data/52/7_52_15.wav
19268	4	./AudioMNIST/data/34/4_34_37.wav
19269	5	./AudioMNIST/data/27/5_27_30.wav
19270	6	./AudioMNIST/data/02/6_02_42.wav
19271	1	./AudioMNIST/data/11/1_11_35.wav
19272	6	./AudioMNIST/data/53/6_53_31.wav
19273	5	./AudioMNIST/data/22/5_22_8.wav
19274	0	./AudioMNIST/data/38/0_38_18.wav
19275	0	./AudioMNIST/data/55/0_55_45.wav
19276	6	./AudioMNIST/data/03/6_03_5.wav
19277	6	./AudioMNIST/data/39/6_39_36.wav
19278	7	./AudioMNIST/data/55/7_55_10.wav
19279	8	./AudioMNIST/data/40/8_40_17.wav
19280	3	./AudioMNIST/data/02/3_02_32.wav
19281	4	./AudioMNIST/data/28/4_28_38.wav
19282	8	./AudioMNIST/data/36/8_36_35.wav
19283	1	./AudioMNIST/data/21/1_21_36.wav
19284	1	./AudioMNIST/data/54/1_54_4.wav
19285	2	./AudioMNIST/data/58/2_58_39.wav
19286	4	./AudioMNIST/data/35/4_35_20.wav
19287	8	./AudioMNIST/data/04/8_04_45.wav
19288	3	./AudioMNIST/data/16/3_16_37.wav
19289	0	./AudioMNIST/data/26/0_26_24.wav
19290	2	./AudioMNIST/data/05/2_05_25.wav
19291	1	./AudioMNIST/data/31/1_31_0.wav
19292	7	./AudioMNIST/data/44/7_44_33.wav
19293	8	./AudioMNIST/data/31/8_31_22.wav
19294	7	./AudioMNIST/data/11/7_11_48.wav
19295	7	./AudioMNIST/data/53/7_53_29.wav
19296	4	./AudioMNIST/data/01/4_01_37.wav
19297	6	./AudioMNIST/data/07/6_07_27.wav
19298	5	./AudioMNIST/data/22/5_22_27.wav
19299	2	./AudioMNIST/data/50/2_50_22.wav
19300	1	./AudioMNIST/data/52/1_52_19.wav
19301	8	./AudioMNIST/data/28/8_28_41.wav
19302	8	./AudioMNIST/data/01/8_01_8.wav
19303	2	./AudioMNIST/data/01/2_01_38.wav
19304	2	./AudioMNIST/data/54/2_54_9.wav
19305	3	./AudioMNIST/data/40/3_40_0.wav
19306	1	./AudioMNIST/data/33/1_33_4.wav
19307	5	./AudioMNIST/data/17/5_17_12.wav
19308	9	./AudioMNIST/data/53/9_53_5.wav
19309	5	./AudioMNIST/data/43/5_43_39.wav
19310	0	./AudioMNIST/data/47/0_47_5.wav
19311	8	./AudioMNIST/data/30/8_30_20.wav
19312	5	./AudioMNIST/data/48/5_48_40.wav
19313	9	./AudioMNIST/data/48/9_48_18.wav
19314	5	./AudioMNIST/data/12/5_12_33.wav
19315	5	./AudioMNIST/data/43/5_43_6.wav
19316	0	./AudioMNIST/data/01/0_01_43.wav
19317	2	./AudioMNIST/data/02/2_02_33.wav
19318	3	./AudioMNIST/data/42/3_42_40.wav
19319	2	./AudioMNIST/data/39/2_39_20.wav
19320	3	./AudioMNIST/data/33/3_33_47.wav
19321	3	./AudioMNIST/data/44/3_44_31.wav
19322	9	./AudioMNIST/data/43/9_43_36.wav
19323	0	./AudioMNIST/data/19/0_19_22.wav
19324	8	./AudioMNIST/data/20/8_20_5.wav
19325	0	./AudioMNIST/data/44/0_44_12.wav
19326	4	./AudioMNIST/data/25/4_25_39.wav
19327	6	./AudioMNIST/data/54/6_54_48.wav
19328	2	./AudioMNIST/data/25/2_25_27.wav
19329	6	./AudioMNIST/data/57/6_57_18.wav
19330	4	./AudioMNIST/data/21/4_21_41.wav
19331	4	./AudioMNIST/data/01/4_01_11.wav
19332	7	./AudioMNIST/data/03/7_03_28.wav
19333	4	./AudioMNIST/data/49/4_49_29.wav
19334	4	./AudioMNIST/data/15/4_15_26.wav
19335	6	./AudioMNIST/data/57/6_57_41.wav
19336	0	./AudioMNIST/data/12/0_12_40.wav
19337	7	./AudioMNIST/data/10/7_10_35.wav
19338	2	./AudioMNIST/data/55/2_55_35.wav
19339	0	./AudioMNIST/data/27/0_27_28.wav
19340	8	./AudioMNIST/data/43/8_43_49.wav
19341	1	./AudioMNIST/data/36/1_36_7.wav
19342	2	./AudioMNIST/data/23/2_23_2.wav
19343	8	./AudioMNIST/data/05/8_05_49.wav
19344	6	./AudioMNIST/data/02/6_02_16.wav
19345	7	./AudioMNIST/data/39/7_39_4.wav
19346	1	./AudioMNIST/data/22/1_22_38.wav
19347	0	./AudioMNIST/data/21/0_21_22.wav
19348	0	./AudioMNIST/data/12/0_12_45.wav
19349	0	./AudioMNIST/data/28/0_28_35.wav
19350	7	./AudioMNIST/data/60/7_60_3.wav
19351	4	./AudioMNIST/data/59/4_59_20.wav
19352	8	./AudioMNIST/data/55/8_55_11.wav
19353	4	./AudioMNIST/data/08/4_08_9.wav
19354	6	./AudioMNIST/data/10/6_10_7.wav
19355	9	./AudioMNIST/data/44/9_44_33.wav
19356	5	./AudioMNIST/data/39/5_39_32.wav
19357	0	./AudioMNIST/data/55/0_55_29.wav
19358	5	./AudioMNIST/data/21/5_21_8.wav
19359	5	./AudioMNIST/data/37/5_37_47.wav
19360	8	./AudioMNIST/data/07/8_07_7.wav
19361	9	./AudioMNIST/data/23/9_23_7.wav
19362	3	./AudioMNIST/data/20/3_20_41.wav
19363	5	./AudioMNIST/data/10/5_10_45.wav
19364	7	./AudioMNIST/data/53/7_53_3.wav
19365	1	./AudioMNIST/data/16/1_16_39.wav
19366	6	./AudioMNIST/data/32/6_32_44.wav
19367	1	./AudioMNIST/data/13/1_13_28.wav
19368	1	./AudioMNIST/data/21/1_21_45.wav
19369	2	./AudioMNIST/data/43/2_43_0.wav
19370	3	./AudioMNIST/data/08/3_08_17.wav
19371	5	./AudioMNIST/data/20/5_20_39.wav
19372	5	./AudioMNIST/data/53/5_53_4.wav
19373	2	./AudioMNIST/data/26/2_26_2.wav
19374	0	./AudioMNIST/data/44/0_44_9.wav
19375	0	./AudioMNIST/data/42/0_42_3.wav
19376	8	./AudioMNIST/data/46/8_46_32.wav
19377	4	./AudioMNIST/data/31/4_31_49.wav
19378	8	./AudioMNIST/data/38/8_38_2.wav
19379	9	./AudioMNIST/data/22/9_22_2.wav
19380	2	./AudioMNIST/data/27/2_27_1.wav
19381	6	./AudioMNIST/data/26/6_26_30.wav
19382	1	./AudioMNIST/data/02/1_02_30.wav
19383	8	./AudioMNIST/data/28/8_28_31.wav
19384	5	./AudioMNIST/data/54/5_54_5.wav
19385	9	./AudioMNIST/data/45/9_45_34.wav
19386	8	./AudioMNIST/data/41/8_41_40.wav
19387	7	./AudioMNIST/data/45/7_45_24.wav
19388	6	./AudioMNIST/data/18/6_18_5.wav
19389	0	./AudioMNIST/data/60/0_60_13.wav
19390	3	./AudioMNIST/data/51/3_51_29.wav
19391	9	./AudioMNIST/data/28/9_28_4.wav
19392	6	./AudioMNIST/data/38/6_38_22.wav
19393	4	./AudioMNIST/data/47/4_47_45.wav
19394	7	./AudioMNIST/data/46/7_46_26.wav
19395	7	./AudioMNIST/data/30/7_30_34.wav
19396	9	./AudioMNIST/data/33/9_33_47.wav
19397	1	./AudioMNIST/data/59/1_59_34.wav
19398	8	./AudioMNIST/data/15/8_15_35.wav
19399	0	./AudioMNIST/data/47/0_47_11.wav
19400	9	./AudioMNIST/data/51/9_51_8.wav
19401	9	./AudioMNIST/data/08/9_08_44.wav
19402	2	./AudioMNIST/data/28/2_28_6.wav
19403	2	./AudioMNIST/data/59/2_59_1.wav
19404	9	./AudioMNIST/data/22/9_22_5.wav
19405	7	./AudioMNIST/data/05/7_05_33.wav
19406	7	./AudioMNIST/data/25/7_25_17.wav
19407	9	./AudioMNIST/data/28/9_28_9.wav
19408	0	./AudioMNIST/data/29/0_29_11.wav
19409	3	./AudioMNIST/data/26/3_26_6.wav
19410	2	./AudioMNIST/data/04/2_04_25.wav
19411	6	./AudioMNIST/data/04/6_04_10.wav
19412	6	./AudioMNIST/data/47/6_47_31.wav
19413	4	./AudioMNIST/data/09/4_09_22.wav
19414	8	./AudioMNIST/data/21/8_21_21.wav
19415	7	./AudioMNIST/data/08/7_08_11.wav
19416	6	./AudioMNIST/data/21/6_21_4.wav
19417	8	./AudioMNIST/data/06/8_06_37.wav
19418	3	./AudioMNIST/data/52/3_52_15.wav
19419	7	./AudioMNIST/data/59/7_59_47.wav
19420	4	./AudioMNIST/data/02/4_02_17.wav
19421	2	./AudioMNIST/data/28/2_28_47.wav
19422	8	./AudioMNIST/data/15/8_15_29.wav
19423	2	./AudioMNIST/data/29/2_29_4.wav
19424	2	./AudioMNIST/data/04/2_04_36.wav
19425	5	./AudioMNIST/data/59/5_59_10.wav
19426	3	./AudioMNIST/data/12/3_12_25.wav
19427	6	./AudioMNIST/data/56/6_56_33.wav
19428	5	./AudioMNIST/data/10/5_10_38.wav
19429	1	./AudioMNIST/data/16/1_16_5.wav
19430	4	./AudioMNIST/data/16/4_16_40.wav
19431	0	./AudioMNIST/data/29/0_29_23.wav
19432	4	./AudioMNIST/data/39/4_39_26.wav
19433	4	./AudioMNIST/data/29/4_29_41.wav
19434	8	./AudioMNIST/data/18/8_18_39.wav
19435	0	./AudioMNIST/data/14/0_14_15.wav
19436	7	./AudioMNIST/data/36/7_36_9.wav
19437	5	./AudioMNIST/data/02/5_02_23.wav
19438	9	./AudioMNIST/data/49/9_49_11.wav
19439	0	./AudioMNIST/data/07/0_07_30.wav
19440	8	./AudioMNIST/data/33/8_33_35.wav
19441	8	./AudioMNIST/data/35/8_35_40.wav
19442	0	./AudioMNIST/data/04/0_04_10.wav
19443	5	./AudioMNIST/data/19/5_19_32.wav
19444	5	./AudioMNIST/data/47/5_47_42.wav
19445	5	./AudioMNIST/data/38/5_38_43.wav
19446	0	./AudioMNIST/data/12/0_12_12.wav
19447	8	./AudioMNIST/data/19/8_19_29.wav
19448	6	./AudioMNIST/data/12/6_12_37.wav
19449	6	./AudioMNIST/data/17/6_17_38.wav
19450	9	./AudioMNIST/data/07/9_07_26.wav
19451	3	./AudioMNIST/data/39/3_39_42.wav
19452	0	./AudioMNIST/data/21/0_21_8.wav
19453	7	./AudioMNIST/data/30/7_30_18.wav
19454	0	./AudioMNIST/data/29/0_29_24.wav
19455	1	./AudioMNIST/data/51/1_51_25.wav
19456	3	./AudioMNIST/data/47/3_47_8.wav
19457	0	./AudioMNIST/data/25/0_25_7.wav
19458	1	./AudioMNIST/data/10/1_10_37.wav
19459	1	./AudioMNIST/data/25/1_25_21.wav
19460	5	./AudioMNIST/data/59/5_59_29.wav
19461	5	./AudioMNIST/data/20/5_20_9.wav
19462	3	./AudioMNIST/data/58/3_58_41.wav
19463	7	./AudioMNIST/data/48/7_48_48.wav
19464	3	./AudioMNIST/data/34/3_34_27.wav
19465	1	./AudioMNIST/data/51/1_51_9.wav
19466	7	./AudioMNIST/data/22/7_22_46.wav
19467	4	./AudioMNIST/data/34/4_34_25.wav
19468	0	./AudioMNIST/data/38/0_38_9.wav
19469	9	./AudioMNIST/data/50/9_50_7.wav
19470	5	./AudioMNIST/data/01/5_01_25.wav
19471	7	./AudioMNIST/data/09/7_09_5.wav
19472	3	./AudioMNIST/data/23/3_23_2.wav
19473	9	./AudioMNIST/data/20/9_20_45.wav
19474	4	./AudioMNIST/data/50/4_50_5.wav
19475	1	./AudioMNIST/data/40/1_40_6.wav
19476	9	./AudioMNIST/data/36/9_36_40.wav
19477	2	./AudioMNIST/data/13/2_13_29.wav
19478	7	./AudioMNIST/data/56/7_56_39.wav
19479	8	./AudioMNIST/data/48/8_48_6.wav
19480	8	./AudioMNIST/data/18/8_18_43.wav
19481	5	./AudioMNIST/data/03/5_03_0.wav
19482	3	./AudioMNIST/data/02/3_02_42.wav
19483	5	./AudioMNIST/data/19/5_19_35.wav
19484	9	./AudioMNIST/data/07/9_07_25.wav
19485	3	./AudioMNIST/data/50/3_50_47.wav
19486	6	./AudioMNIST/data/02/6_02_32.wav
19487	6	./AudioMNIST/data/49/6_49_39.wav
19488	3	./AudioMNIST/data/46/3_46_26.wav
19489	1	./AudioMNIST/data/47/1_47_36.wav
19490	2	./AudioMNIST/data/24/2_24_41.wav
19491	8	./AudioMNIST/data/25/8_25_31.wav
19492	8	./AudioMNIST/data/13/8_13_48.wav
19493	3	./AudioMNIST/data/60/3_60_35.wav
19494	0	./AudioMNIST/data/17/0_17_31.wav
19495	0	./AudioMNIST/data/05/0_05_31.wav
19496	1	./AudioMNIST/data/44/1_44_47.wav
19497	7	./AudioMNIST/data/32/7_32_38.wav
19498	7	./AudioMNIST/data/24/7_24_42.wav
19499	3	./AudioMNIST/data/09/3_09_13.wav
19500	8	./AudioMNIST/data/27/8_27_22.wav
19501	6	./AudioMNIST/data/38/6_38_43.wav
19502	3	./AudioMNIST/data/15/3_15_13.wav
19503	5	./AudioMNIST/data/12/5_12_9.wav
19504	6	./AudioMNIST/data/58/6_58_1.wav
19505	4	./AudioMNIST/data/35/4_35_28.wav
19506	4	./AudioMNIST/data/51/4_51_10.wav
19507	1	./AudioMNIST/data/51/1_51_11.wav
19508	6	./AudioMNIST/data/13/6_13_36.wav
19509	5	./AudioMNIST/data/04/5_04_44.wav
19510	9	./AudioMNIST/data/53/9_53_16.wav
19511	9	./AudioMNIST/data/43/9_43_42.wav
19512	9	./AudioMNIST/data/56/9_56_15.wav
19513	5	./AudioMNIST/data/47/5_47_41.wav
19514	4	./AudioMNIST/data/56/4_56_7.wav
19515	0	./AudioMNIST/data/04/0_04_4.wav
19516	1	./AudioMNIST/data/38/1_38_9.wav
19517	1	./AudioMNIST/data/41/1_41_9.wav
19518	3	./AudioMNIST/data/47/3_47_29.wav
19519	8	./AudioMNIST/data/24/8_24_22.wav
19520	8	./AudioMNIST/data/30/8_30_43.wav
19521	5	./AudioMNIST/data/36/5_36_31.wav
19522	6	./AudioMNIST/data/59/6_59_31.wav
19523	6	./AudioMNIST/data/12/6_12_48.wav
19524	3	./AudioMNIST/data/12/3_12_36.wav
19525	9	./AudioMNIST/data/04/9_04_12.wav
19526	2	./AudioMNIST/data/41/2_41_15.wav
19527	2	./AudioMNIST/data/18/2_18_15.wav
19528	7	./AudioMNIST/data/50/7_50_48.wav
19529	6	./AudioMNIST/data/38/6_38_8.wav
19530	1	./AudioMNIST/data/06/1_06_9.wav
19531	1	./AudioMNIST/data/09/1_09_48.wav
19532	0	./AudioMNIST/data/28/0_28_34.wav
19533	4	./AudioMNIST/data/05/4_05_13.wav
19534	9	./AudioMNIST/data/05/9_05_38.wav
19535	3	./AudioMNIST/data/47/3_47_43.wav
19536	2	./AudioMNIST/data/03/2_03_13.wav
19537	3	./AudioMNIST/data/35/3_35_6.wav
19538	9	./AudioMNIST/data/50/9_50_0.wav
19539	8	./AudioMNIST/data/10/8_10_15.wav
19540	4	./AudioMNIST/data/38/4_38_30.wav
19541	6	./AudioMNIST/data/27/6_27_4.wav
19542	6	./AudioMNIST/data/04/6_04_2.wav
19543	0	./AudioMNIST/data/39/0_39_1.wav
19544	4	./AudioMNIST/data/12/4_12_42.wav
19545	1	./AudioMNIST/data/03/1_03_45.wav
19546	1	./AudioMNIST/data/21/1_21_1.wav
19547	0	./AudioMNIST/data/34/0_34_4.wav
19548	6	./AudioMNIST/data/16/6_16_39.wav
19549	2	./AudioMNIST/data/30/2_30_1.wav
19550	0	./AudioMNIST/data/34/0_34_13.wav
19551	3	./AudioMNIST/data/56/3_56_11.wav
19552	2	./AudioMNIST/data/40/2_40_36.wav
19553	5	./AudioMNIST/data/59/5_59_1.wav
19554	8	./AudioMNIST/data/16/8_16_47.wav
19555	8	./AudioMNIST/data/39/8_39_7.wav
19556	9	./AudioMNIST/data/28/9_28_14.wav
19557	8	./AudioMNIST/data/15/8_15_25.wav
19558	4	./AudioMNIST/data/13/4_13_44.wav
19559	5	./AudioMNIST/data/04/5_04_27.wav
19560	0	./AudioMNIST/data/44/0_44_30.wav
19561	4	./AudioMNIST/data/22/4_22_22.wav
19562	3	./AudioMNIST/data/52/3_52_6.wav
19563	8	./AudioMNIST/data/39/8_39_39.wav
19564	8	./AudioMNIST/data/21/8_21_14.wav
19565	1	./AudioMNIST/data/23/1_23_3.wav
19566	5	./AudioMNIST/data/25/5_25_43.wav
19567	3	./AudioMNIST/data/28/3_28_6.wav
19568	8	./AudioMNIST/data/16/8_16_24.wav
19569	0	./AudioMNIST/data/04/0_04_7.wav
19570	4	./AudioMNIST/data/39/4_39_7.wav
19571	1	./AudioMNIST/data/58/1_58_41.wav
19572	7	./AudioMNIST/data/18/7_18_24.wav
19573	3	./AudioMNIST/data/35/3_35_13.wav
19574	9	./AudioMNIST/data/21/9_21_15.wav
19575	3	./AudioMNIST/data/15/3_15_37.wav
19576	5	./AudioMNIST/data/07/5_07_0.wav
19577	6	./AudioMNIST/data/17/6_17_27.wav
19578	8	./AudioMNIST/data/38/8_38_6.wav
19579	9	./AudioMNIST/data/07/9_07_7.wav
19580	4	./AudioMNIST/data/12/4_12_10.wav
19581	9	./AudioMNIST/data/59/9_59_18.wav
19582	2	./AudioMNIST/data/57/2_57_43.wav
19583	3	./AudioMNIST/data/24/3_24_20.wav
19584	7	./AudioMNIST/data/04/7_04_17.wav
19585	9	./AudioMNIST/data/14/9_14_35.wav
19586	9	./AudioMNIST/data/46/9_46_33.wav
19587	5	./AudioMNIST/data/35/5_35_9.wav
19588	2	./AudioMNIST/data/47/2_47_12.wav
19589	0	./AudioMNIST/data/08/0_08_25.wav
19590	1	./AudioMNIST/data/32/1_32_2.wav
19591	2	./AudioMNIST/data/33/2_33_13.wav
19592	0	./AudioMNIST/data/48/0_48_26.wav
19593	0	./AudioMNIST/data/36/0_36_9.wav
19594	5	./AudioMNIST/data/31/5_31_24.wav
19595	7	./AudioMNIST/data/17/7_17_28.wav
19596	5	./AudioMNIST/data/18/5_18_19.wav
19597	5	./AudioMNIST/data/01/5_01_14.wav
19598	8	./AudioMNIST/data/16/8_16_45.wav
19599	1	./AudioMNIST/data/52/1_52_1.wav
19600	6	./AudioMNIST/data/32/6_32_45.wav
19601	2	./AudioMNIST/data/03/2_03_11.wav
19602	6	./AudioMNIST/data/16/6_16_35.wav
19603	5	./AudioMNIST/data/12/5_12_43.wav
19604	9	./AudioMNIST/data/12/9_12_16.wav
19605	0	./AudioMNIST/data/19/0_19_34.wav
19606	5	./AudioMNIST/data/40/5_40_8.wav
19607	3	./AudioMNIST/data/23/3_23_32.wav
19608	1	./AudioMNIST/data/42/1_42_17.wav
19609	8	./AudioMNIST/data/55/8_55_40.wav
19610	0	./AudioMNIST/data/46/0_46_30.wav
19611	0	./AudioMNIST/data/08/0_08_13.wav
19612	9	./AudioMNIST/data/32/9_32_0.wav
19613	7	./AudioMNIST/data/48/7_48_25.wav
19614	1	./AudioMNIST/data/41/1_41_37.wav
19615	0	./AudioMNIST/data/48/0_48_48.wav
19616	5	./AudioMNIST/data/06/5_06_7.wav
19617	3	./AudioMNIST/data/55/3_55_19.wav
19618	0	./AudioMNIST/data/60/0_60_8.wav
19619	7	./AudioMNIST/data/54/7_54_14.wav
19620	4	./AudioMNIST/data/44/4_44_0.wav
19621	5	./AudioMNIST/data/18/5_18_25.wav
19622	5	./AudioMNIST/data/30/5_30_40.wav
19623	5	./AudioMNIST/data/46/5_46_24.wav
19624	9	./AudioMNIST/data/08/9_08_30.wav
19625	1	./AudioMNIST/data/46/1_46_16.wav
19626	6	./AudioMNIST/data/43/6_43_8.wav
19627	5	./AudioMNIST/data/47/5_47_39.wav
19628	3	./AudioMNIST/data/18/3_18_33.wav
19629	8	./AudioMNIST/data/31/8_31_11.wav
19630	1	./AudioMNIST/data/15/1_15_31.wav
19631	2	./AudioMNIST/data/16/2_16_41.wav
19632	7	./AudioMNIST/data/37/7_37_4.wav
19633	2	./AudioMNIST/data/44/2_44_2.wav
19634	9	./AudioMNIST/data/23/9_23_9.wav
19635	1	./AudioMNIST/data/59/1_59_41.wav
19636	3	./AudioMNIST/data/48/3_48_41.wav
19637	4	./AudioMNIST/data/21/4_21_6.wav
19638	0	./AudioMNIST/data/26/0_26_7.wav
19639	4	./AudioMNIST/data/40/4_40_42.wav
19640	7	./AudioMNIST/data/05/7_05_3.wav
19641	9	./AudioMNIST/data/30/9_30_38.wav
19642	9	./AudioMNIST/data/59/9_59_35.wav
19643	4	./AudioMNIST/data/16/4_16_6.wav
19644	3	./AudioMNIST/data/55/3_55_15.wav
19645	8	./AudioMNIST/data/52/8_52_35.wav
19646	7	./AudioMNIST/data/26/7_26_23.wav
19647	4	./AudioMNIST/data/60/4_60_28.wav
19648	8	./AudioMNIST/data/47/8_47_36.wav
19649	1	./AudioMNIST/data/34/1_34_28.wav
19650	5	./AudioMNIST/data/33/5_33_28.wav
19651	2	./AudioMNIST/data/49/2_49_47.wav
19652	3	./AudioMNIST/data/38/3_38_15.wav
19653	0	./AudioMNIST/data/04/0_04_6.wav
19654	2	./AudioMNIST/data/26/2_26_49.wav
19655	1	./AudioMNIST/data/30/1_30_43.wav
19656	8	./AudioMNIST/data/28/8_28_29.wav
19657	3	./AudioMNIST/data/51/3_51_49.wav
19658	1	./AudioMNIST/data/25/1_25_48.wav
19659	4	./AudioMNIST/data/34/4_34_47.wav
19660	1	./AudioMNIST/data/04/1_04_18.wav
19661	2	./AudioMNIST/data/45/2_45_30.wav
19662	7	./AudioMNIST/data/52/7_52_7.wav
19663	6	./AudioMNIST/data/59/6_59_15.wav
19664	6	./AudioMNIST/data/37/6_37_33.wav
19665	0	./AudioMNIST/data/52/0_52_34.wav
19666	2	./AudioMNIST/data/05/2_05_37.wav
19667	7	./AudioMNIST/data/19/7_19_26.wav
19668	0	./AudioMNIST/data/25/0_25_17.wav
19669	5	./AudioMNIST/data/50/5_50_41.wav
19670	7	./AudioMNIST/data/01/7_01_28.wav
19671	0	./AudioMNIST/data/39/0_39_20.wav
19672	7	./AudioMNIST/data/12/7_12_9.wav
19673	8	./AudioMNIST/data/08/8_08_8.wav
19674	1	./AudioMNIST/data/41/1_41_2.wav
19675	2	./AudioMNIST/data/10/2_10_37.wav
19676	0	./AudioMNIST/data/25/0_25_3.wav
19677	0	./AudioMNIST/data/15/0_15_44.wav
19678	2	./AudioMNIST/data/22/2_22_39.wav
19679	7	./AudioMNIST/data/23/7_23_24.wav
19680	9	./AudioMNIST/data/37/9_37_30.wav
19681	4	./AudioMNIST/data/40/4_40_46.wav
19682	5	./AudioMNIST/data/34/5_34_7.wav
19683	4	./AudioMNIST/data/44/4_44_17.wav
19684	8	./AudioMNIST/data/40/8_40_15.wav
19685	5	./AudioMNIST/data/09/5_09_17.wav
19686	2	./AudioMNIST/data/48/2_48_33.wav
19687	0	./AudioMNIST/data/59/0_59_5.wav
19688	6	./AudioMNIST/data/04/6_04_12.wav
19689	5	./AudioMNIST/data/57/5_57_38.wav
19690	9	./AudioMNIST/data/34/9_34_12.wav
19691	6	./AudioMNIST/data/09/6_09_33.wav
19692	7	./AudioMNIST/data/20/7_20_46.wav
19693	5	./AudioMNIST/data/28/5_28_42.wav
19694	2	./AudioMNIST/data/31/2_31_41.wav
19695	6	./AudioMNIST/data/21/6_21_20.wav
19696	6	./AudioMNIST/data/18/6_18_42.wav
19697	4	./AudioMNIST/data/40/4_40_37.wav
19698	6	./AudioMNIST/data/06/6_06_48.wav
19699	1	./AudioMNIST/data/42/1_42_31.wav
19700	4	./AudioMNIST/data/42/4_42_39.wav
19701	1	./AudioMNIST/data/23/1_23_31.wav
19702	6	./AudioMNIST/data/48/6_48_16.wav
19703	3	./AudioMNIST/data/53/3_53_29.wav
19704	6	./AudioMNIST/data/29/6_29_32.wav
19705	4	./AudioMNIST/data/25/4_25_37.wav
19706	7	./AudioMNIST/data/59/7_59_16.wav
19707	8	./AudioMNIST/data/27/8_27_44.wav
19708	8	./AudioMNIST/data/25/8_25_7.wav
19709	8	./AudioMNIST/data/53/8_53_19.wav
19710	3	./AudioMNIST/data/40/3_40_9.wav
19711	9	./AudioMNIST/data/12/9_12_3.wav
19712	2	./AudioMNIST/data/09/2_09_12.wav
19713	0	./AudioMNIST/data/53/0_53_18.wav
19714	0	./AudioMNIST/data/13/0_13_40.wav
19715	7	./AudioMNIST/data/50/7_50_36.wav
19716	9	./AudioMNIST/data/30/9_30_29.wav
19717	0	./AudioMNIST/data/16/0_16_33.wav
19718	9	./AudioMNIST/data/46/9_46_44.wav
19719	2	./AudioMNIST/data/17/2_17_11.wav
19720	4	./AudioMNIST/data/50/4_50_27.wav
19721	2	./AudioMNIST/data/58/2_58_18.wav
19722	4	./AudioMNIST/data/50/4_50_14.wav
19723	4	./AudioMNIST/data/60/4_60_39.wav
19724	6	./AudioMNIST/data/40/6_40_30.wav
19725	9	./AudioMNIST/data/28/9_28_46.wav
19726	5	./AudioMNIST/data/12/5_12_18.wav
19727	6	./AudioMNIST/data/01/6_01_20.wav
19728	0	./AudioMNIST/data/37/0_37_38.wav
19729	1	./AudioMNIST/data/33/1_33_14.wav
19730	2	./AudioMNIST/data/51/2_51_4.wav
19731	1	./AudioMNIST/data/39/1_39_37.wav
19732	4	./AudioMNIST/data/09/4_09_19.wav
19733	1	./AudioMNIST/data/23/1_23_0.wav
19734	2	./AudioMNIST/data/04/2_04_0.wav
19735	2	./AudioMNIST/data/42/2_42_12.wav
19736	7	./AudioMNIST/data/04/7_04_46.wav
19737	1	./AudioMNIST/data/39/1_39_8.wav
19738	9	./AudioMNIST/data/18/9_18_41.wav
19739	2	./AudioMNIST/data/23/2_23_19.wav
19740	3	./AudioMNIST/data/10/3_10_7.wav
19741	8	./AudioMNIST/data/22/8_22_48.wav
19742	6	./AudioMNIST/data/12/6_12_39.wav
19743	2	./AudioMNIST/data/15/2_15_27.wav
19744	5	./AudioMNIST/data/17/5_17_23.wav
19745	2	./AudioMNIST/data/08/2_08_33.wav
19746	6	./AudioMNIST/data/47/6_47_47.wav
19747	4	./AudioMNIST/data/51/4_51_42.wav
19748	2	./AudioMNIST/data/55/2_55_28.wav
19749	9	./AudioMNIST/data/05/9_05_34.wav
19750	4	./AudioMNIST/data/31/4_31_25.wav
19751	2	./AudioMNIST/data/22/2_22_25.wav
19752	7	./AudioMNIST/data/22/7_22_34.wav
19753	2	./AudioMNIST/data/55/2_55_1.wav
19754	4	./AudioMNIST/data/19/4_19_20.wav
19755	1	./AudioMNIST/data/17/1_17_16.wav
19756	4	./AudioMNIST/data/33/4_33_24.wav
19757	2	./AudioMNIST/data/50/2_50_20.wav
19758	7	./AudioMNIST/data/31/7_31_25.wav
19759	7	./AudioMNIST/data/13/7_13_23.wav
19760	6	./AudioMNIST/data/40/6_40_3.wav
19761	0	./AudioMNIST/data/07/0_07_3.wav
19762	6	./AudioMNIST/data/17/6_17_17.wav
19763	9	./AudioMNIST/data/10/9_10_20.wav
19764	1	./AudioMNIST/data/23/1_23_25.wav
19765	9	./AudioMNIST/data/55/9_55_25.wav
19766	9	./AudioMNIST/data/48/9_48_23.wav
19767	7	./AudioMNIST/data/31/7_31_9.wav
19768	1	./AudioMNIST/data/42/1_42_13.wav
19769	4	./AudioMNIST/data/51/4_51_26.wav
19770	1	./AudioMNIST/data/46/1_46_27.wav
19771	4	./AudioMNIST/data/39/4_39_38.wav
19772	6	./AudioMNIST/data/52/6_52_29.wav
19773	9	./AudioMNIST/data/59/9_59_33.wav
19774	1	./AudioMNIST/data/43/1_43_49.wav
19775	2	./AudioMNIST/data/35/2_35_28.wav
19776	8	./AudioMNIST/data/44/8_44_41.wav
19777	8	./AudioMNIST/data/28/8_28_49.wav
19778	9	./AudioMNIST/data/03/9_03_48.wav
19779	6	./AudioMNIST/data/29/6_29_6.wav
19780	9	./AudioMNIST/data/28/9_28_25.wav
19781	3	./AudioMNIST/data/48/3_48_7.wav
19782	5	./AudioMNIST/data/38/5_38_36.wav
19783	2	./AudioMNIST/data/27/2_27_30.wav
19784	2	./AudioMNIST/data/19/2_19_43.wav
19785	8	./AudioMNIST/data/27/8_27_42.wav
19786	9	./AudioMNIST/data/22/9_22_14.wav
19787	2	./AudioMNIST/data/22/2_22_28.wav
19788	7	./AudioMNIST/data/18/7_18_1.wav
19789	3	./AudioMNIST/data/03/3_03_20.wav
19790	9	./AudioMNIST/data/13/9_13_27.wav
19791	8	./AudioMNIST/data/29/8_29_38.wav
19792	4	./AudioMNIST/data/05/4_05_0.wav
19793	7	./AudioMNIST/data/24/7_24_31.wav
19794	6	./AudioMNIST/data/54/6_54_42.wav
19795	9	./AudioMNIST/data/31/9_31_28.wav
19796	0	./AudioMNIST/data/14/0_14_7.wav
19797	6	./AudioMNIST/data/58/6_58_11.wav
19798	0	./AudioMNIST/data/49/0_49_19.wav
19799	0	./AudioMNIST/data/28/0_28_27.wav
19800	9	./AudioMNIST/data/46/9_46_8.wav
19801	1	./AudioMNIST/data/06/1_06_8.wav
19802	3	./AudioMNIST/data/14/3_14_15.wav
19803	3	./AudioMNIST/data/05/3_05_31.wav
19804	6	./AudioMNIST/data/42/6_42_47.wav
19805	6	./AudioMNIST/data/30/6_30_30.wav
19806	3	./AudioMNIST/data/46/3_46_4.wav
19807	3	./AudioMNIST/data/43/3_43_18.wav
19808	8	./AudioMNIST/data/36/8_36_38.wav
19809	3	./AudioMNIST/data/26/3_26_34.wav
19810	8	./AudioMNIST/data/28/8_28_7.wav
19811	2	./AudioMNIST/data/15/2_15_40.wav
19812	5	./AudioMNIST/data/35/5_35_40.wav
19813	8	./AudioMNIST/data/56/8_56_36.wav
19814	7	./AudioMNIST/data/44/7_44_15.wav
19815	8	./AudioMNIST/data/12/8_12_21.wav
19816	2	./AudioMNIST/data/27/2_27_3.wav
19817	1	./AudioMNIST/data/17/1_17_32.wav
19818	4	./AudioMNIST/data/46/4_46_19.wav
19819	9	./AudioMNIST/data/47/9_47_24.wav
19820	2	./AudioMNIST/data/10/2_10_3.wav
19821	5	./AudioMNIST/data/18/5_18_23.wav
19822	9	./AudioMNIST/data/15/9_15_17.wav
19823	0	./AudioMNIST/data/24/0_24_16.wav
19824	6	./AudioMNIST/data/09/6_09_47.wav
19825	1	./AudioMNIST/data/36/1_36_15.wav
19826	3	./AudioMNIST/data/37/3_37_18.wav
19827	0	./AudioMNIST/data/38/0_38_10.wav
19828	0	./AudioMNIST/data/59/0_59_2.wav
19829	3	./AudioMNIST/data/55/3_55_37.wav
19830	7	./AudioMNIST/data/18/7_18_12.wav
19831	2	./AudioMNIST/data/38/2_38_35.wav
19832	3	./AudioMNIST/data/36/3_36_33.wav
19833	4	./AudioMNIST/data/09/4_09_2.wav
19834	8	./AudioMNIST/data/28/8_28_24.wav
19835	6	./AudioMNIST/data/08/6_08_34.wav
19836	7	./AudioMNIST/data/56/7_56_27.wav
19837	4	./AudioMNIST/data/56/4_56_15.wav
19838	7	./AudioMNIST/data/20/7_20_17.wav
19839	8	./AudioMNIST/data/36/8_36_30.wav
19840	4	./AudioMNIST/data/04/4_04_33.wav
19841	4	./AudioMNIST/data/46/4_46_24.wav
19842	9	./AudioMNIST/data/16/9_16_32.wav
19843	7	./AudioMNIST/data/16/7_16_45.wav
19844	6	./AudioMNIST/data/05/6_05_5.wav
19845	2	./AudioMNIST/data/02/2_02_14.wav
19846	2	./AudioMNIST/data/10/2_10_0.wav
19847	6	./AudioMNIST/data/54/6_54_24.wav
19848	6	./AudioMNIST/data/18/6_18_15.wav
19849	3	./AudioMNIST/data/44/3_44_30.wav
19850	0	./AudioMNIST/data/32/0_32_43.wav
19851	8	./AudioMNIST/data/45/8_45_42.wav
19852	9	./AudioMNIST/data/40/9_40_47.wav
19853	8	./AudioMNIST/data/58/8_58_21.wav
19854	0	./AudioMNIST/data/20/0_20_38.wav
19855	6	./AudioMNIST/data/39/6_39_9.wav
19856	3	./AudioMNIST/data/15/3_15_8.wav
19857	3	./AudioMNIST/data/12/3_12_17.wav
19858	3	./AudioMNIST/data/59/3_59_38.wav
19859	6	./AudioMNIST/data/30/6_30_38.wav
19860	4	./AudioMNIST/data/08/4_08_2.wav
19861	0	./AudioMNIST/data/09/0_09_18.wav
19862	8	./AudioMNIST/data/44/8_44_2.wav
19863	5	./AudioMNIST/data/16/5_16_13.wav
19864	3	./AudioMNIST/data/04/3_04_24.wav
19865	1	./AudioMNIST/data/35/1_35_2.wav
19866	3	./AudioMNIST/data/03/3_03_27.wav
19867	2	./AudioMNIST/data/30/2_30_27.wav
19868	9	./AudioMNIST/data/27/9_27_20.wav
19869	1	./AudioMNIST/data/56/1_56_49.wav
19870	7	./AudioMNIST/data/03/7_03_31.wav
19871	0	./AudioMNIST/data/42/0_42_26.wav
19872	6	./AudioMNIST/data/16/6_16_33.wav
19873	7	./AudioMNIST/data/10/7_10_4.wav
19874	1	./AudioMNIST/data/16/1_16_48.wav
19875	2	./AudioMNIST/data/47/2_47_18.wav
19876	1	./AudioMNIST/data/46/1_46_7.wav
19877	0	./AudioMNIST/data/39/0_39_8.wav
19878	1	./AudioMNIST/data/12/1_12_45.wav
19879	9	./AudioMNIST/data/48/9_48_39.wav
19880	8	./AudioMNIST/data/55/8_55_31.wav
19881	6	./AudioMNIST/data/51/6_51_25.wav
19882	1	./AudioMNIST/data/40/1_40_40.wav
19883	8	./AudioMNIST/data/26/8_26_7.wav
19884	3	./AudioMNIST/data/31/3_31_45.wav
19885	6	./AudioMNIST/data/24/6_24_5.wav
19886	7	./AudioMNIST/data/21/7_21_39.wav
19887	5	./AudioMNIST/data/60/5_60_30.wav
19888	3	./AudioMNIST/data/07/3_07_14.wav
19889	8	./AudioMNIST/data/41/8_41_44.wav
19890	2	./AudioMNIST/data/45/2_45_15.wav
19891	4	./AudioMNIST/data/05/4_05_29.wav
19892	8	./AudioMNIST/data/01/8_01_12.wav
19893	6	./AudioMNIST/data/14/6_14_36.wav
19894	3	./AudioMNIST/data/19/3_19_32.wav
19895	3	./AudioMNIST/data/47/3_47_4.wav
19896	5	./AudioMNIST/data/13/5_13_14.wav
19897	9	./AudioMNIST/data/17/9_17_48.wav
19898	9	./AudioMNIST/data/23/9_23_6.wav
19899	7	./AudioMNIST/data/35/7_35_16.wav
19900	0	./AudioMNIST/data/32/0_32_42.wav
19901	0	./AudioMNIST/data/15/0_15_30.wav
19902	5	./AudioMNIST/data/52/5_52_35.wav
19903	1	./AudioMNIST/data/56/1_56_46.wav
19904	7	./AudioMNIST/data/59/7_59_10.wav
19905	5	./AudioMNIST/data/09/5_09_11.wav
19906	8	./AudioMNIST/data/56/8_56_15.wav
19907	9	./AudioMNIST/data/10/9_10_35.wav
19908	6	./AudioMNIST/data/42/6_42_23.wav
19909	6	./AudioMNIST/data/28/6_28_1.wav
19910	7	./AudioMNIST/data/39/7_39_16.wav
19911	4	./AudioMNIST/data/09/4_09_28.wav
19912	3	./AudioMNIST/data/20/3_20_10.wav
19913	5	./AudioMNIST/data/60/5_60_48.wav
19914	4	./AudioMNIST/data/36/4_36_28.wav
19915	4	./AudioMNIST/data/03/4_03_18.wav
19916	3	./AudioMNIST/data/56/3_56_13.wav
19917	9	./AudioMNIST/data/47/9_47_48.wav
19918	9	./AudioMNIST/data/11/9_11_41.wav
19919	8	./AudioMNIST/data/58/8_58_33.wav
19920	0	./AudioMNIST/data/24/0_24_3.wav
19921	9	./AudioMNIST/data/10/9_10_18.wav
19922	4	./AudioMNIST/data/37/4_37_36.wav
19923	1	./AudioMNIST/data/25/1_25_9.wav
19924	1	./AudioMNIST/data/06/1_06_16.wav
19925	4	./AudioMNIST/data/23/4_23_4.wav
19926	7	./AudioMNIST/data/59/7_59_22.wav
19927	1	./AudioMNIST/data/04/1_04_23.wav
19928	9	./AudioMNIST/data/11/9_11_22.wav
19929	7	./AudioMNIST/data/57/7_57_27.wav
19930	9	./AudioMNIST/data/24/9_24_10.wav
19931	9	./AudioMNIST/data/55/9_55_49.wav
19932	3	./AudioMNIST/data/56/3_56_45.wav
19933	1	./AudioMNIST/data/50/1_50_47.wav
19934	9	./AudioMNIST/data/29/9_29_43.wav
19935	9	./AudioMNIST/data/28/9_28_23.wav
19936	8	./AudioMNIST/data/22/8_22_15.wav
19937	0	./AudioMNIST/data/29/0_29_20.wav
19938	7	./AudioMNIST/data/03/7_03_19.wav
19939	2	./AudioMNIST/data/03/2_03_10.wav
19940	4	./AudioMNIST/data/28/4_28_46.wav
19941	1	./AudioMNIST/data/30/1_30_46.wav
19942	5	./AudioMNIST/data/15/5_15_17.wav
19943	2	./AudioMNIST/data/45/2_45_39.wav
19944	6	./AudioMNIST/data/31/6_31_34.wav
19945	3	./AudioMNIST/data/58/3_58_21.wav
19946	8	./AudioMNIST/data/07/8_07_6.wav
19947	8	./AudioMNIST/data/39/8_39_29.wav
19948	7	./AudioMNIST/data/50/7_50_8.wav
19949	5	./AudioMNIST/data/24/5_24_39.wav
19950	2	./AudioMNIST/data/26/2_26_37.wav
19951	9	./AudioMNIST/data/38/9_38_43.wav
19952	8	./AudioMNIST/data/58/8_58_39.wav
19953	1	./AudioMNIST/data/06/1_06_32.wav
19954	9	./AudioMNIST/data/37/9_37_3.wav
19955	1	./AudioMNIST/data/05/1_05_34.wav
19956	8	./AudioMNIST/data/17/8_17_5.wav
19957	0	./AudioMNIST/data/21/0_21_34.wav
19958	8	./AudioMNIST/data/36/8_36_20.wav
19959	6	./AudioMNIST/data/44/6_44_20.wav
19960	1	./AudioMNIST/data/05/1_05_41.wav
19961	0	./AudioMNIST/data/35/0_35_24.wav
19962	5	./AudioMNIST/data/31/5_31_20.wav
19963	7	./AudioMNIST/data/43/7_43_25.wav
19964	1	./AudioMNIST/data/25/1_25_37.wav
19965	2	./AudioMNIST/data/32/2_32_15.wav
19966	0	./AudioMNIST/data/23/0_23_42.wav
19967	4	./AudioMNIST/data/23/4_23_25.wav
19968	8	./AudioMNIST/data/14/8_14_12.wav
19969	8	./AudioMNIST/data/54/8_54_36.wav
19970	7	./AudioMNIST/data/09/7_09_22.wav
19971	3	./AudioMNIST/data/40/3_40_44.wav
19972	3	./AudioMNIST/data/45/3_45_15.wav
19973	1	./AudioMNIST/data/06/1_06_26.wav
19974	6	./AudioMNIST/data/40/6_40_15.wav
19975	2	./AudioMNIST/data/49/2_49_26.wav
19976	4	./AudioMNIST/data/31/4_31_29.wav
19977	3	./AudioMNIST/data/15/3_15_11.wav
19978	3	./AudioMNIST/data/37/3_37_13.wav
19979	4	./AudioMNIST/data/33/4_33_25.wav
19980	9	./AudioMNIST/data/38/9_38_7.wav
19981	7	./AudioMNIST/data/34/7_34_35.wav
19982	5	./AudioMNIST/data/27/5_27_18.wav
19983	3	./AudioMNIST/data/03/3_03_33.wav
19984	6	./AudioMNIST/data/40/6_40_10.wav
19985	4	./AudioMNIST/data/40/4_40_12.wav
19986	3	./AudioMNIST/data/03/3_03_3.wav
19987	3	./AudioMNIST/data/25/3_25_5.wav
19988	1	./AudioMNIST/data/55/1_55_32.wav
19989	4	./AudioMNIST/data/14/4_14_38.wav
19990	9	./AudioMNIST/data/23/9_23_30.wav
19991	9	./AudioMNIST/data/56/9_56_35.wav
19992	0	./AudioMNIST/data/01/0_01_9.wav
19993	3	./AudioMNIST/data/32/3_32_16.wav
19994	4	./AudioMNIST/data/48/4_48_41.wav
19995	8	./AudioMNIST/data/21/8_21_0.wav
19996	7	./AudioMNIST/data/30/7_30_8.wav
19997	3	./AudioMNIST/data/46/3_46_19.wav
19998	6	./AudioMNIST/data/11/6_11_35.wav
19999	6	./AudioMNIST/data/03/6_03_38.wav
20000	7	./AudioMNIST/data/16/7_16_19.wav
20001	7	./AudioMNIST/data/59/7_59_48.wav
20002	3	./AudioMNIST/data/09/3_09_34.wav
20003	0	./AudioMNIST/data/28/0_28_14.wav
20004	8	./AudioMNIST/data/45/8_45_17.wav
20005	5	./AudioMNIST/data/29/5_29_20.wav
20006	1	./AudioMNIST/data/34/1_34_14.wav
20007	3	./AudioMNIST/data/52/3_52_32.wav
20008	5	./AudioMNIST/data/07/5_07_25.wav
20009	0	./AudioMNIST/data/48/0_48_39.wav
20010	9	./AudioMNIST/data/17/9_17_18.wav
20011	2	./AudioMNIST/data/31/2_31_5.wav
20012	0	./AudioMNIST/data/48/0_48_44.wav
20013	3	./AudioMNIST/data/13/3_13_37.wav
20014	2	./AudioMNIST/data/59/2_59_29.wav
20015	4	./AudioMNIST/data/15/4_15_7.wav
20016	7	./AudioMNIST/data/16/7_16_36.wav
20017	7	./AudioMNIST/data/40/7_40_7.wav
20018	2	./AudioMNIST/data/54/2_54_5.wav
20019	7	./AudioMNIST/data/48/7_48_7.wav
20020	1	./AudioMNIST/data/19/1_19_9.wav
20021	1	./AudioMNIST/data/06/1_06_41.wav
20022	3	./AudioMNIST/data/35/3_35_39.wav
20023	0	./AudioMNIST/data/59/0_59_37.wav
20024	6	./AudioMNIST/data/33/6_33_36.wav
20025	5	./AudioMNIST/data/37/5_37_3.wav
20026	1	./AudioMNIST/data/23/1_23_13.wav
20027	5	./AudioMNIST/data/08/5_08_26.wav
20028	1	./AudioMNIST/data/15/1_15_30.wav
20029	3	./AudioMNIST/data/15/3_15_44.wav
20030	9	./AudioMNIST/data/43/9_43_4.wav
20031	8	./AudioMNIST/data/55/8_55_23.wav
20032	7	./AudioMNIST/data/15/7_15_1.wav
20033	8	./AudioMNIST/data/50/8_50_31.wav
20034	4	./AudioMNIST/data/34/4_34_10.wav
20035	3	./AudioMNIST/data/39/3_39_7.wav
20036	5	./AudioMNIST/data/33/5_33_27.wav
20037	8	./AudioMNIST/data/07/8_07_36.wav
20038	7	./AudioMNIST/data/17/7_17_22.wav
20039	3	./AudioMNIST/data/58/3_58_37.wav
20040	1	./AudioMNIST/data/48/1_48_31.wav
20041	1	./AudioMNIST/data/39/1_39_21.wav
20042	3	./AudioMNIST/data/50/3_50_48.wav
20043	2	./AudioMNIST/data/01/2_01_3.wav
20044	2	./AudioMNIST/data/18/2_18_17.wav
20045	8	./AudioMNIST/data/22/8_22_26.wav
20046	7	./AudioMNIST/data/15/7_15_13.wav
20047	9	./AudioMNIST/data/58/9_58_14.wav
20048	3	./AudioMNIST/data/06/3_06_26.wav
20049	5	./AudioMNIST/data/19/5_19_8.wav
20050	3	./AudioMNIST/data/42/3_42_34.wav
20051	4	./AudioMNIST/data/31/4_31_22.wav
20052	6	./AudioMNIST/data/14/6_14_39.wav
20053	1	./AudioMNIST/data/05/1_05_15.wav
20054	7	./AudioMNIST/data/09/7_09_27.wav
20055	2	./AudioMNIST/data/49/2_49_2.wav
20056	3	./AudioMNIST/data/17/3_17_6.wav
20057	8	./AudioMNIST/data/12/8_12_9.wav
20058	1	./AudioMNIST/data/33/1_33_24.wav
20059	7	./AudioMNIST/data/54/7_54_4.wav
20060	0	./AudioMNIST/data/41/0_41_38.wav
20061	0	./AudioMNIST/data/13/0_13_23.wav
20062	4	./AudioMNIST/data/07/4_07_26.wav
20063	2	./AudioMNIST/data/60/2_60_12.wav
20064	1	./AudioMNIST/data/56/1_56_40.wav
20065	2	./AudioMNIST/data/28/2_28_20.wav
20066	2	./AudioMNIST/data/09/2_09_21.wav
20067	9	./AudioMNIST/data/06/9_06_32.wav
20068	4	./AudioMNIST/data/58/4_58_43.wav
20069	0	./AudioMNIST/data/38/0_38_0.wav
20070	6	./AudioMNIST/data/55/6_55_8.wav
20071	6	./AudioMNIST/data/12/6_12_24.wav
20072	6	./AudioMNIST/data/52/6_52_26.wav
20073	1	./AudioMNIST/data/14/1_14_19.wav
20074	6	./AudioMNIST/data/24/6_24_37.wav
20075	0	./AudioMNIST/data/02/0_02_6.wav
20076	4	./AudioMNIST/data/50/4_50_0.wav
20077	6	./AudioMNIST/data/53/6_53_19.wav
20078	2	./AudioMNIST/data/59/2_59_22.wav
20079	3	./AudioMNIST/data/49/3_49_39.wav
20080	9	./AudioMNIST/data/60/9_60_37.wav
20081	9	./AudioMNIST/data/44/9_44_8.wav
20082	0	./AudioMNIST/data/06/0_06_20.wav
20083	2	./AudioMNIST/data/46/2_46_42.wav
20084	1	./AudioMNIST/data/58/1_58_9.wav
20085	4	./AudioMNIST/data/44/4_44_34.wav
20086	6	./AudioMNIST/data/32/6_32_24.wav
20087	2	./AudioMNIST/data/24/2_24_7.wav
20088	8	./AudioMNIST/data/26/8_26_45.wav
20089	4	./AudioMNIST/data/27/4_27_3.wav
20090	0	./AudioMNIST/data/37/0_37_2.wav
20091	3	./AudioMNIST/data/18/3_18_46.wav
20092	7	./AudioMNIST/data/31/7_31_16.wav
20093	3	./AudioMNIST/data/04/3_04_36.wav
20094	9	./AudioMNIST/data/54/9_54_48.wav
20095	1	./AudioMNIST/data/35/1_35_48.wav
20096	6	./AudioMNIST/data/53/6_53_32.wav
20097	9	./AudioMNIST/data/01/9_01_44.wav
20098	5	./AudioMNIST/data/03/5_03_4.wav
20099	4	./AudioMNIST/data/20/4_20_4.wav
20100	5	./AudioMNIST/data/32/5_32_27.wav
20101	4	./AudioMNIST/data/50/4_50_40.wav
20102	5	./AudioMNIST/data/40/5_40_2.wav
20103	5	./AudioMNIST/data/01/5_01_9.wav
20104	2	./AudioMNIST/data/37/2_37_4.wav
20105	4	./AudioMNIST/data/49/4_49_4.wav
20106	8	./AudioMNIST/data/01/8_01_32.wav
20107	2	./AudioMNIST/data/18/2_18_1.wav
20108	5	./AudioMNIST/data/54/5_54_6.wav
20109	5	./AudioMNIST/data/54/5_54_21.wav
20110	9	./AudioMNIST/data/28/9_28_44.wav
20111	8	./AudioMNIST/data/57/8_57_42.wav
20112	1	./AudioMNIST/data/38/1_38_30.wav
20113	6	./AudioMNIST/data/07/6_07_48.wav
20114	3	./AudioMNIST/data/08/3_08_34.wav
20115	4	./AudioMNIST/data/04/4_04_27.wav
20116	3	./AudioMNIST/data/53/3_53_19.wav
20117	9	./AudioMNIST/data/29/9_29_19.wav
20118	0	./AudioMNIST/data/30/0_30_31.wav
20119	1	./AudioMNIST/data/60/1_60_30.wav
20120	3	./AudioMNIST/data/19/3_19_40.wav
20121	8	./AudioMNIST/data/30/8_30_37.wav
20122	1	./AudioMNIST/data/47/1_47_25.wav
20123	6	./AudioMNIST/data/04/6_04_9.wav
20124	3	./AudioMNIST/data/52/3_52_29.wav
20125	3	./AudioMNIST/data/12/3_12_8.wav
20126	3	./AudioMNIST/data/02/3_02_20.wav
20127	7	./AudioMNIST/data/34/7_34_24.wav
20128	4	./AudioMNIST/data/19/4_19_48.wav
20129	8	./AudioMNIST/data/01/8_01_5.wav
20130	2	./AudioMNIST/data/24/2_24_15.wav
20131	9	./AudioMNIST/data/15/9_15_39.wav
20132	4	./AudioMNIST/data/10/4_10_9.wav
20133	0	./AudioMNIST/data/49/0_49_34.wav
20134	0	./AudioMNIST/data/25/0_25_30.wav
20135	0	./AudioMNIST/data/24/0_24_39.wav
20136	2	./AudioMNIST/data/58/2_58_9.wav
20137	5	./AudioMNIST/data/36/5_36_30.wav
20138	9	./AudioMNIST/data/09/9_09_45.wav
20139	5	./AudioMNIST/data/14/5_14_4.wav
20140	4	./AudioMNIST/data/55/4_55_35.wav
20141	0	./AudioMNIST/data/24/0_24_1.wav
20142	9	./AudioMNIST/data/29/9_29_25.wav
20143	0	./AudioMNIST/data/37/0_37_12.wav
20144	5	./AudioMNIST/data/28/5_28_10.wav
20145	8	./AudioMNIST/data/12/8_12_24.wav
20146	0	./AudioMNIST/data/12/0_12_43.wav
20147	6	./AudioMNIST/data/11/6_11_31.wav
20148	0	./AudioMNIST/data/17/0_17_39.wav
20149	4	./AudioMNIST/data/11/4_11_41.wav
20150	6	./AudioMNIST/data/47/6_47_2.wav
20151	6	./AudioMNIST/data/52/6_52_15.wav
20152	0	./AudioMNIST/data/60/0_60_21.wav
20153	8	./AudioMNIST/data/29/8_29_39.wav
20154	4	./AudioMNIST/data/23/4_23_23.wav
20155	4	./AudioMNIST/data/54/4_54_36.wav
20156	3	./AudioMNIST/data/09/3_09_31.wav
20157	1	./AudioMNIST/data/32/1_32_3.wav
20158	1	./AudioMNIST/data/02/1_02_23.wav
20159	3	./AudioMNIST/data/34/3_34_9.wav
20160	9	./AudioMNIST/data/35/9_35_17.wav
20161	2	./AudioMNIST/data/45/2_45_31.wav
20162	6	./AudioMNIST/data/36/6_36_38.wav
20163	2	./AudioMNIST/data/60/2_60_33.wav
20164	7	./AudioMNIST/data/05/7_05_35.wav
20165	1	./AudioMNIST/data/25/1_25_22.wav
20166	0	./AudioMNIST/data/34/0_34_9.wav
20167	1	./AudioMNIST/data/39/1_39_36.wav
20168	4	./AudioMNIST/data/43/4_43_43.wav
20169	5	./AudioMNIST/data/18/5_18_22.wav
20170	3	./AudioMNIST/data/43/3_43_41.wav
20171	5	./AudioMNIST/data/26/5_26_44.wav
20172	6	./AudioMNIST/data/48/6_48_40.wav
20173	0	./AudioMNIST/data/41/0_41_0.wav
20174	8	./AudioMNIST/data/12/8_12_5.wav
20175	1	./AudioMNIST/data/36/1_36_21.wav
20176	4	./AudioMNIST/data/59/4_59_12.wav
20177	9	./AudioMNIST/data/45/9_45_48.wav
20178	8	./AudioMNIST/data/15/8_15_43.wav
20179	7	./AudioMNIST/data/47/7_47_8.wav
20180	6	./AudioMNIST/data/59/6_59_48.wav
20181	0	./AudioMNIST/data/05/0_05_19.wav
20182	4	./AudioMNIST/data/19/4_19_32.wav
20183	7	./AudioMNIST/data/27/7_27_38.wav
20184	9	./AudioMNIST/data/26/9_26_8.wav
20185	2	./AudioMNIST/data/13/2_13_36.wav
20186	4	./AudioMNIST/data/10/4_10_43.wav
20187	2	./AudioMNIST/data/32/2_32_43.wav
20188	7	./AudioMNIST/data/26/7_26_22.wav
20189	5	./AudioMNIST/data/42/5_42_45.wav
20190	3	./AudioMNIST/data/52/3_52_21.wav
20191	2	./AudioMNIST/data/13/2_13_15.wav
20192	7	./AudioMNIST/data/42/7_42_39.wav
20193	5	./AudioMNIST/data/29/5_29_8.wav
20194	1	./AudioMNIST/data/34/1_34_9.wav
20195	8	./AudioMNIST/data/32/8_32_8.wav
20196	8	./AudioMNIST/data/13/8_13_34.wav
20197	9	./AudioMNIST/data/06/9_06_5.wav
20198	1	./AudioMNIST/data/45/1_45_18.wav
20199	8	./AudioMNIST/data/10/8_10_39.wav
20200	2	./AudioMNIST/data/52/2_52_9.wav
20201	8	./AudioMNIST/data/21/8_21_9.wav
20202	2	./AudioMNIST/data/46/2_46_12.wav
20203	9	./AudioMNIST/data/26/9_26_22.wav
20204	5	./AudioMNIST/data/40/5_40_5.wav
20205	2	./AudioMNIST/data/04/2_04_11.wav
20206	6	./AudioMNIST/data/11/6_11_16.wav
20207	2	./AudioMNIST/data/32/2_32_11.wav
20208	4	./AudioMNIST/data/20/4_20_11.wav
20209	1	./AudioMNIST/data/05/1_05_17.wav
20210	8	./AudioMNIST/data/26/8_26_2.wav
20211	0	./AudioMNIST/data/30/0_30_12.wav
20212	1	./AudioMNIST/data/12/1_12_41.wav
20213	0	./AudioMNIST/data/45/0_45_29.wav
20214	5	./AudioMNIST/data/37/5_37_0.wav
20215	5	./AudioMNIST/data/35/5_35_22.wav
20216	7	./AudioMNIST/data/02/7_02_48.wav
20217	1	./AudioMNIST/data/37/1_37_34.wav
20218	0	./AudioMNIST/data/18/0_18_3.wav
20219	9	./AudioMNIST/data/49/9_49_2.wav
20220	8	./AudioMNIST/data/37/8_37_32.wav
20221	2	./AudioMNIST/data/15/2_15_23.wav
20222	5	./AudioMNIST/data/52/5_52_18.wav
20223	5	./AudioMNIST/data/17/5_17_19.wav
20224	2	./AudioMNIST/data/39/2_39_39.wav
20225	0	./AudioMNIST/data/15/0_15_38.wav
20226	8	./AudioMNIST/data/19/8_19_39.wav
20227	4	./AudioMNIST/data/25/4_25_17.wav
20228	3	./AudioMNIST/data/19/3_19_41.wav
20229	9	./AudioMNIST/data/30/9_30_42.wav
20230	3	./AudioMNIST/data/38/3_38_13.wav
20231	3	./AudioMNIST/data/48/3_48_31.wav
20232	8	./AudioMNIST/data/54/8_54_34.wav
20233	8	./AudioMNIST/data/57/8_57_39.wav
20234	2	./AudioMNIST/data/35/2_35_30.wav
20235	4	./AudioMNIST/data/01/4_01_23.wav
20236	8	./AudioMNIST/data/14/8_14_17.wav
20237	8	./AudioMNIST/data/52/8_52_17.wav
20238	4	./AudioMNIST/data/18/4_18_3.wav
20239	5	./AudioMNIST/data/47/5_47_48.wav
20240	9	./AudioMNIST/data/33/9_33_26.wav
20241	9	./AudioMNIST/data/59/9_59_6.wav
20242	7	./AudioMNIST/data/49/7_49_25.wav
20243	9	./AudioMNIST/data/51/9_51_48.wav
20244	3	./AudioMNIST/data/50/3_50_24.wav
20245	0	./AudioMNIST/data/03/0_03_13.wav
20246	1	./AudioMNIST/data/44/1_44_22.wav
20247	6	./AudioMNIST/data/60/6_60_29.wav
20248	3	./AudioMNIST/data/35/3_35_15.wav
20249	7	./AudioMNIST/data/50/7_50_13.wav
20250	5	./AudioMNIST/data/12/5_12_46.wav
20251	4	./AudioMNIST/data/60/4_60_47.wav
20252	4	./AudioMNIST/data/46/4_46_12.wav
20253	5	./AudioMNIST/data/49/5_49_4.wav
20254	4	./AudioMNIST/data/39/4_39_23.wav
20255	4	./AudioMNIST/data/41/4_41_4.wav
20256	5	./AudioMNIST/data/37/5_37_22.wav
20257	1	./AudioMNIST/data/35/1_35_42.wav
20258	0	./AudioMNIST/data/03/0_03_20.wav
20259	5	./AudioMNIST/data/27/5_27_4.wav
20260	7	./AudioMNIST/data/22/7_22_29.wav
20261	0	./AudioMNIST/data/56/0_56_45.wav
20262	1	./AudioMNIST/data/34/1_34_41.wav
20263	5	./AudioMNIST/data/30/5_30_47.wav
20264	3	./AudioMNIST/data/19/3_19_30.wav
20265	6	./AudioMNIST/data/17/6_17_35.wav
20266	2	./AudioMNIST/data/48/2_48_31.wav
20267	9	./AudioMNIST/data/37/9_37_31.wav
20268	8	./AudioMNIST/data/48/8_48_12.wav
20269	4	./AudioMNIST/data/10/4_10_10.wav
20270	6	./AudioMNIST/data/36/6_36_42.wav
20271	0	./AudioMNIST/data/37/0_37_32.wav
20272	9	./AudioMNIST/data/50/9_50_21.wav
20273	8	./AudioMNIST/data/39/8_39_0.wav
20274	0	./AudioMNIST/data/23/0_23_47.wav
20275	1	./AudioMNIST/data/58/1_58_42.wav
20276	2	./AudioMNIST/data/54/2_54_27.wav
20277	1	./AudioMNIST/data/50/1_50_42.wav
20278	8	./AudioMNIST/data/19/8_19_0.wav
20279	2	./AudioMNIST/data/41/2_41_21.wav
20280	3	./AudioMNIST/data/29/3_29_21.wav
20281	6	./AudioMNIST/data/43/6_43_20.wav
20282	9	./AudioMNIST/data/33/9_33_19.wav
20283	5	./AudioMNIST/data/08/5_08_37.wav
20284	5	./AudioMNIST/data/23/5_23_4.wav
20285	5	./AudioMNIST/data/23/5_23_24.wav
20286	4	./AudioMNIST/data/46/4_46_18.wav
20287	6	./AudioMNIST/data/09/6_09_23.wav
20288	9	./AudioMNIST/data/59/9_59_12.wav
20289	0	./AudioMNIST/data/06/0_06_7.wav
20290	2	./AudioMNIST/data/30/2_30_40.wav
20291	1	./AudioMNIST/data/55/1_55_39.wav
20292	0	./AudioMNIST/data/04/0_04_33.wav
20293	0	./AudioMNIST/data/16/0_16_18.wav
20294	7	./AudioMNIST/data/52/7_52_42.wav
20295	4	./AudioMNIST/data/31/4_31_8.wav
20296	0	./AudioMNIST/data/11/0_11_35.wav
20297	8	./AudioMNIST/data/60/8_60_27.wav
20298	4	./AudioMNIST/data/14/4_14_8.wav
20299	0	./AudioMNIST/data/60/0_60_7.wav
20300	0	./AudioMNIST/data/02/0_02_0.wav
20301	4	./AudioMNIST/data/54/4_54_3.wav
20302	3	./AudioMNIST/data/21/3_21_28.wav
20303	2	./AudioMNIST/data/36/2_36_27.wav
20304	0	./AudioMNIST/data/11/0_11_48.wav
20305	4	./AudioMNIST/data/11/4_11_26.wav
20306	4	./AudioMNIST/data/13/4_13_31.wav
20307	4	./AudioMNIST/data/43/4_43_4.wav
20308	1	./AudioMNIST/data/27/1_27_5.wav
20309	4	./AudioMNIST/data/50/4_50_38.wav
20310	7	./AudioMNIST/data/41/7_41_5.wav
20311	0	./AudioMNIST/data/28/0_28_1.wav
20312	2	./AudioMNIST/data/14/2_14_39.wav
20313	6	./AudioMNIST/data/04/6_04_42.wav
20314	5	./AudioMNIST/data/01/5_01_17.wav
20315	7	./AudioMNIST/data/09/7_09_25.wav
20316	8	./AudioMNIST/data/18/8_18_41.wav
20317	6	./AudioMNIST/data/42/6_42_31.wav
20318	4	./AudioMNIST/data/31/4_31_26.wav
20319	5	./AudioMNIST/data/24/5_24_4.wav
20320	7	./AudioMNIST/data/45/7_45_37.wav
20321	3	./AudioMNIST/data/15/3_15_39.wav
20322	6	./AudioMNIST/data/35/6_35_12.wav
20323	7	./AudioMNIST/data/31/7_31_31.wav
20324	1	./AudioMNIST/data/20/1_20_35.wav
20325	3	./AudioMNIST/data/31/3_31_40.wav
20326	4	./AudioMNIST/data/31/4_31_20.wav
20327	5	./AudioMNIST/data/58/5_58_22.wav
20328	4	./AudioMNIST/data/59/4_59_35.wav
20329	5	./AudioMNIST/data/50/5_50_27.wav
20330	7	./AudioMNIST/data/60/7_60_39.wav
20331	8	./AudioMNIST/data/46/8_46_33.wav
20332	2	./AudioMNIST/data/45/2_45_33.wav
20333	8	./AudioMNIST/data/45/8_45_38.wav
20334	1	./AudioMNIST/data/24/1_24_33.wav
20335	2	./AudioMNIST/data/33/2_33_37.wav
20336	7	./AudioMNIST/data/44/7_44_16.wav
20337	4	./AudioMNIST/data/25/4_25_48.wav
20338	9	./AudioMNIST/data/44/9_44_41.wav
20339	6	./AudioMNIST/data/06/6_06_11.wav
20340	6	./AudioMNIST/data/13/6_13_45.wav
20341	7	./AudioMNIST/data/56/7_56_12.wav
20342	7	./AudioMNIST/data/59/7_59_13.wav
20343	8	./AudioMNIST/data/12/8_12_11.wav
20344	0	./AudioMNIST/data/60/0_60_31.wav
20345	5	./AudioMNIST/data/36/5_36_1.wav
20346	2	./AudioMNIST/data/07/2_07_22.wav
20347	5	./AudioMNIST/data/57/5_57_18.wav
20348	4	./AudioMNIST/data/25/4_25_10.wav
20349	4	./AudioMNIST/data/56/4_56_34.wav
20350	0	./AudioMNIST/data/32/0_32_5.wav
20351	9	./AudioMNIST/data/59/9_59_15.wav
20352	7	./AudioMNIST/data/38/7_38_24.wav
20353	4	./AudioMNIST/data/23/4_23_43.wav
20354	5	./AudioMNIST/data/10/5_10_26.wav
20355	6	./AudioMNIST/data/36/6_36_4.wav
20356	0	./AudioMNIST/data/18/0_18_42.wav
20357	5	./AudioMNIST/data/44/5_44_17.wav
20358	2	./AudioMNIST/data/02/2_02_9.wav
20359	0	./AudioMNIST/data/08/0_08_35.wav
20360	1	./AudioMNIST/data/44/1_44_37.wav
20361	5	./AudioMNIST/data/58/5_58_14.wav
20362	0	./AudioMNIST/data/13/0_13_38.wav
20363	8	./AudioMNIST/data/56/8_56_17.wav
20364	5	./AudioMNIST/data/53/5_53_12.wav
20365	7	./AudioMNIST/data/46/7_46_17.wav
20366	2	./AudioMNIST/data/28/2_28_21.wav
20367	1	./AudioMNIST/data/08/1_08_0.wav
20368	0	./AudioMNIST/data/45/0_45_44.wav
20369	2	./AudioMNIST/data/09/2_09_36.wav
20370	1	./AudioMNIST/data/32/1_32_9.wav
20371	3	./AudioMNIST/data/10/3_10_33.wav
20372	7	./AudioMNIST/data/04/7_04_40.wav
20373	9	./AudioMNIST/data/51/9_51_4.wav
20374	5	./AudioMNIST/data/05/5_05_47.wav
20375	9	./AudioMNIST/data/50/9_50_39.wav
20376	5	./AudioMNIST/data/08/5_08_32.wav
20377	6	./AudioMNIST/data/14/6_14_19.wav
20378	6	./AudioMNIST/data/50/6_50_26.wav
20379	0	./AudioMNIST/data/52/0_52_9.wav
20380	4	./AudioMNIST/data/40/4_40_15.wav
20381	5	./AudioMNIST/data/12/5_12_36.wav
20382	4	./AudioMNIST/data/22/4_22_47.wav
20383	5	./AudioMNIST/data/04/5_04_22.wav
20384	7	./AudioMNIST/data/53/7_53_40.wav
20385	7	./AudioMNIST/data/53/7_53_11.wav
20386	6	./AudioMNIST/data/36/6_36_40.wav
20387	7	./AudioMNIST/data/54/7_54_10.wav
20388	6	./AudioMNIST/data/30/6_30_18.wav
20389	8	./AudioMNIST/data/03/8_03_34.wav
20390	2	./AudioMNIST/data/34/2_34_33.wav
20391	6	./AudioMNIST/data/55/6_55_31.wav
20392	7	./AudioMNIST/data/11/7_11_8.wav
20393	6	./AudioMNIST/data/08/6_08_31.wav
20394	5	./AudioMNIST/data/12/5_12_28.wav
20395	3	./AudioMNIST/data/42/3_42_10.wav
20396	0	./AudioMNIST/data/27/0_27_34.wav
20397	3	./AudioMNIST/data/01/3_01_21.wav
20398	9	./AudioMNIST/data/52/9_52_5.wav
20399	0	./AudioMNIST/data/58/0_58_29.wav
20400	4	./AudioMNIST/data/48/4_48_44.wav
20401	3	./AudioMNIST/data/02/3_02_44.wav
20402	5	./AudioMNIST/data/26/5_26_16.wav
20403	2	./AudioMNIST/data/15/2_15_18.wav
20404	7	./AudioMNIST/data/31/7_31_40.wav
20405	1	./AudioMNIST/data/09/1_09_24.wav
20406	3	./AudioMNIST/data/10/3_10_44.wav
20407	1	./AudioMNIST/data/23/1_23_29.wav
20408	7	./AudioMNIST/data/25/7_25_36.wav
20409	8	./AudioMNIST/data/30/8_30_6.wav
20410	4	./AudioMNIST/data/50/4_50_36.wav
20411	8	./AudioMNIST/data/03/8_03_19.wav
20412	5	./AudioMNIST/data/59/5_59_11.wav
20413	5	./AudioMNIST/data/31/5_31_21.wav
20414	2	./AudioMNIST/data/12/2_12_33.wav
20415	0	./AudioMNIST/data/21/0_21_47.wav
20416	0	./AudioMNIST/data/49/0_49_13.wav
20417	2	./AudioMNIST/data/45/2_45_24.wav
20418	6	./AudioMNIST/data/06/6_06_2.wav
20419	4	./AudioMNIST/data/57/4_57_44.wav
20420	4	./AudioMNIST/data/18/4_18_7.wav
20421	9	./AudioMNIST/data/26/9_26_48.wav
20422	8	./AudioMNIST/data/16/8_16_6.wav
20423	9	./AudioMNIST/data/41/9_41_2.wav
20424	5	./AudioMNIST/data/03/5_03_3.wav
20425	5	./AudioMNIST/data/20/5_20_45.wav
20426	2	./AudioMNIST/data/45/2_45_9.wav
20427	2	./AudioMNIST/data/09/2_09_33.wav
20428	8	./AudioMNIST/data/21/8_21_33.wav
20429	0	./AudioMNIST/data/02/0_02_35.wav
20430	3	./AudioMNIST/data/36/3_36_7.wav
20431	7	./AudioMNIST/data/23/7_23_40.wav
20432	3	./AudioMNIST/data/29/3_29_33.wav
20433	6	./AudioMNIST/data/31/6_31_42.wav
20434	1	./AudioMNIST/data/12/1_12_12.wav
20435	4	./AudioMNIST/data/53/4_53_24.wav
20436	6	./AudioMNIST/data/20/6_20_17.wav
20437	4	./AudioMNIST/data/01/4_01_14.wav
20438	8	./AudioMNIST/data/13/8_13_21.wav
20439	3	./AudioMNIST/data/58/3_58_44.wav
20440	5	./AudioMNIST/data/51/5_51_25.wav
20441	3	./AudioMNIST/data/51/3_51_6.wav
20442	0	./AudioMNIST/data/44/0_44_44.wav
20443	0	./AudioMNIST/data/01/0_01_45.wav
20444	0	./AudioMNIST/data/27/0_27_13.wav
20445	3	./AudioMNIST/data/48/3_48_39.wav
20446	1	./AudioMNIST/data/48/1_48_30.wav
20447	9	./AudioMNIST/data/10/9_10_11.wav
20448	0	./AudioMNIST/data/12/0_12_8.wav
20449	2	./AudioMNIST/data/13/2_13_30.wav
20450	0	./AudioMNIST/data/02/0_02_44.wav
20451	0	./AudioMNIST/data/17/0_17_13.wav
20452	5	./AudioMNIST/data/40/5_40_40.wav
20453	6	./AudioMNIST/data/11/6_11_25.wav
20454	3	./AudioMNIST/data/47/3_47_37.wav
20455	8	./AudioMNIST/data/47/8_47_45.wav
20456	0	./AudioMNIST/data/39/0_39_44.wav
20457	6	./AudioMNIST/data/43/6_43_21.wav
20458	7	./AudioMNIST/data/34/7_34_34.wav
20459	6	./AudioMNIST/data/07/6_07_18.wav
20460	4	./AudioMNIST/data/49/4_49_21.wav
20461	2	./AudioMNIST/data/29/2_29_43.wav
20462	8	./AudioMNIST/data/45/8_45_35.wav
20463	9	./AudioMNIST/data/37/9_37_48.wav
20464	7	./AudioMNIST/data/16/7_16_14.wav
20465	7	./AudioMNIST/data/34/7_34_43.wav
20466	9	./AudioMNIST/data/25/9_25_37.wav
20467	2	./AudioMNIST/data/38/2_38_34.wav
20468	7	./AudioMNIST/data/19/7_19_21.wav
20469	8	./AudioMNIST/data/03/8_03_40.wav
20470	2	./AudioMNIST/data/03/2_03_27.wav
20471	3	./AudioMNIST/data/11/3_11_36.wav
20472	7	./AudioMNIST/data/32/7_32_4.wav
20473	1	./AudioMNIST/data/24/1_24_40.wav
20474	5	./AudioMNIST/data/43/5_43_27.wav
20475	4	./AudioMNIST/data/21/4_21_18.wav
20476	1	./AudioMNIST/data/33/1_33_2.wav
20477	7	./AudioMNIST/data/48/7_48_14.wav
20478	7	./AudioMNIST/data/40/7_40_23.wav
20479	8	./AudioMNIST/data/30/8_30_29.wav
20480	6	./AudioMNIST/data/18/6_18_19.wav
20481	3	./AudioMNIST/data/46/3_46_10.wav
20482	6	./AudioMNIST/data/49/6_49_34.wav
20483	7	./AudioMNIST/data/28/7_28_30.wav
20484	6	./AudioMNIST/data/36/6_36_27.wav
20485	1	./AudioMNIST/data/27/1_27_23.wav
20486	9	./AudioMNIST/data/02/9_02_9.wav
20487	7	./AudioMNIST/data/04/7_04_48.wav
20488	8	./AudioMNIST/data/22/8_22_13.wav
20489	3	./AudioMNIST/data/14/3_14_4.wav
20490	4	./AudioMNIST/data/12/4_12_19.wav
20491	0	./AudioMNIST/data/48/0_48_37.wav
20492	7	./AudioMNIST/data/51/7_51_49.wav
20493	8	./AudioMNIST/data/53/8_53_43.wav
20494	6	./AudioMNIST/data/08/6_08_33.wav
20495	0	./AudioMNIST/data/32/0_32_21.wav
20496	8	./AudioMNIST/data/39/8_39_33.wav
20497	1	./AudioMNIST/data/26/1_26_30.wav
20498	1	./AudioMNIST/data/34/1_34_4.wav
20499	5	./AudioMNIST/data/04/5_04_42.wav
20500	0	./AudioMNIST/data/44/0_44_4.wav
20501	2	./AudioMNIST/data/35/2_35_45.wav
20502	8	./AudioMNIST/data/16/8_16_43.wav
20503	6	./AudioMNIST/data/55/6_55_40.wav
20504	9	./AudioMNIST/data/26/9_26_28.wav
20505	7	./AudioMNIST/data/30/7_30_10.wav
20506	4	./AudioMNIST/data/31/4_31_18.wav
20507	0	./AudioMNIST/data/24/0_24_32.wav
20508	6	./AudioMNIST/data/28/6_28_28.wav
20509	2	./AudioMNIST/data/45/2_45_21.wav
20510	3	./AudioMNIST/data/51/3_51_15.wav
20511	8	./AudioMNIST/data/27/8_27_13.wav
20512	9	./AudioMNIST/data/28/9_28_10.wav
20513	3	./AudioMNIST/data/26/3_26_39.wav
20514	9	./AudioMNIST/data/40/9_40_19.wav
20515	3	./AudioMNIST/data/30/3_30_4.wav
20516	4	./AudioMNIST/data/60/4_60_22.wav
20517	0	./AudioMNIST/data/09/0_09_7.wav
20518	7	./AudioMNIST/data/39/7_39_23.wav
20519	2	./AudioMNIST/data/21/2_21_8.wav
20520	6	./AudioMNIST/data/06/6_06_30.wav
20521	9	./AudioMNIST/data/20/9_20_28.wav
20522	4	./AudioMNIST/data/28/4_28_49.wav
20523	1	./AudioMNIST/data/23/1_23_19.wav
20524	7	./AudioMNIST/data/09/7_09_7.wav
20525	2	./AudioMNIST/data/03/2_03_48.wav
20526	5	./AudioMNIST/data/39/5_39_24.wav
20527	4	./AudioMNIST/data/09/4_09_43.wav
20528	1	./AudioMNIST/data/12/1_12_43.wav
20529	8	./AudioMNIST/data/04/8_04_34.wav
20530	6	./AudioMNIST/data/58/6_58_14.wav
20531	0	./AudioMNIST/data/59/0_59_44.wav
20532	0	./AudioMNIST/data/22/0_22_1.wav
20533	0	./AudioMNIST/data/23/0_23_27.wav
20534	0	./AudioMNIST/data/23/0_23_21.wav
20535	4	./AudioMNIST/data/56/4_56_14.wav
20536	6	./AudioMNIST/data/04/6_04_21.wav
20537	5	./AudioMNIST/data/38/5_38_40.wav
20538	1	./AudioMNIST/data/47/1_47_34.wav
20539	3	./AudioMNIST/data/09/3_09_17.wav
20540	3	./AudioMNIST/data/58/3_58_31.wav
20541	3	./AudioMNIST/data/11/3_11_1.wav
20542	3	./AudioMNIST/data/22/3_22_9.wav
20543	1	./AudioMNIST/data/11/1_11_4.wav
20544	3	./AudioMNIST/data/53/3_53_17.wav
20545	5	./AudioMNIST/data/25/5_25_35.wav
20546	1	./AudioMNIST/data/04/1_04_47.wav
20547	1	./AudioMNIST/data/57/1_57_35.wav
20548	1	./AudioMNIST/data/39/1_39_2.wav
20549	9	./AudioMNIST/data/51/9_51_46.wav
20550	5	./AudioMNIST/data/19/5_19_41.wav
20551	8	./AudioMNIST/data/24/8_24_19.wav
20552	9	./AudioMNIST/data/10/9_10_22.wav
20553	9	./AudioMNIST/data/31/9_31_3.wav
20554	2	./AudioMNIST/data/56/2_56_2.wav
20555	8	./AudioMNIST/data/59/8_59_44.wav
20556	8	./AudioMNIST/data/36/8_36_13.wav
20557	6	./AudioMNIST/data/28/6_28_30.wav
20558	8	./AudioMNIST/data/46/8_46_40.wav
20559	3	./AudioMNIST/data/44/3_44_25.wav
20560	3	./AudioMNIST/data/08/3_08_10.wav
20561	4	./AudioMNIST/data/56/4_56_44.wav
20562	9	./AudioMNIST/data/23/9_23_17.wav
20563	0	./AudioMNIST/data/11/0_11_9.wav
20564	2	./AudioMNIST/data/30/2_30_2.wav
20565	5	./AudioMNIST/data/52/5_52_2.wav
20566	4	./AudioMNIST/data/29/4_29_42.wav
20567	5	./AudioMNIST/data/14/5_14_15.wav
20568	1	./AudioMNIST/data/02/1_02_4.wav
20569	2	./AudioMNIST/data/18/2_18_45.wav
20570	9	./AudioMNIST/data/33/9_33_24.wav
20571	5	./AudioMNIST/data/19/5_19_2.wav
20572	8	./AudioMNIST/data/24/8_24_37.wav
20573	3	./AudioMNIST/data/31/3_31_33.wav
20574	5	./AudioMNIST/data/59/5_59_6.wav
20575	3	./AudioMNIST/data/46/3_46_7.wav
20576	9	./AudioMNIST/data/27/9_27_0.wav
20577	5	./AudioMNIST/data/44/5_44_41.wav
20578	9	./AudioMNIST/data/19/9_19_13.wav
20579	5	./AudioMNIST/data/39/5_39_47.wav
20580	3	./AudioMNIST/data/58/3_58_40.wav
20581	4	./AudioMNIST/data/01/4_01_21.wav
20582	3	./AudioMNIST/data/27/3_27_34.wav
20583	6	./AudioMNIST/data/03/6_03_16.wav
20584	3	./AudioMNIST/data/41/3_41_9.wav
20585	2	./AudioMNIST/data/34/2_34_0.wav
20586	5	./AudioMNIST/data/40/5_40_9.wav
20587	5	./AudioMNIST/data/52/5_52_45.wav
20588	8	./AudioMNIST/data/27/8_27_36.wav
20589	9	./AudioMNIST/data/24/9_24_18.wav
20590	0	./AudioMNIST/data/03/0_03_32.wav
20591	9	./AudioMNIST/data/02/9_02_2.wav
20592	4	./AudioMNIST/data/22/4_22_20.wav
20593	6	./AudioMNIST/data/39/6_39_10.wav
20594	9	./AudioMNIST/data/52/9_52_16.wav
20595	7	./AudioMNIST/data/18/7_18_4.wav
20596	0	./AudioMNIST/data/31/0_31_36.wav
20597	3	./AudioMNIST/data/10/3_10_48.wav
20598	0	./AudioMNIST/data/13/0_13_41.wav
20599	8	./AudioMNIST/data/04/8_04_12.wav
20600	7	./AudioMNIST/data/06/7_06_6.wav
20601	0	./AudioMNIST/data/07/0_07_11.wav
20602	3	./AudioMNIST/data/38/3_38_42.wav
20603	6	./AudioMNIST/data/45/6_45_31.wav
20604	9	./AudioMNIST/data/16/9_16_40.wav
20605	0	./AudioMNIST/data/03/0_03_8.wav
20606	2	./AudioMNIST/data/44/2_44_43.wav
20607	3	./AudioMNIST/data/27/3_27_4.wav
20608	3	./AudioMNIST/data/14/3_14_48.wav
20609	8	./AudioMNIST/data/41/8_41_41.wav
20610	8	./AudioMNIST/data/32/8_32_9.wav
20611	8	./AudioMNIST/data/12/8_12_28.wav
20612	1	./AudioMNIST/data/55/1_55_45.wav
20613	9	./AudioMNIST/data/12/9_12_44.wav
20614	2	./AudioMNIST/data/40/2_40_11.wav
20615	4	./AudioMNIST/data/36/4_36_13.wav
20616	1	./AudioMNIST/data/35/1_35_38.wav
20617	9	./AudioMNIST/data/06/9_06_24.wav
20618	1	./AudioMNIST/data/32/1_32_34.wav
20619	2	./AudioMNIST/data/54/2_54_12.wav
20620	6	./AudioMNIST/data/27/6_27_23.wav
20621	7	./AudioMNIST/data/13/7_13_21.wav
20622	5	./AudioMNIST/data/50/5_50_15.wav
20623	9	./AudioMNIST/data/09/9_09_39.wav
20624	9	./AudioMNIST/data/57/9_57_9.wav
20625	0	./AudioMNIST/data/54/0_54_9.wav
20626	8	./AudioMNIST/data/45/8_45_1.wav
20627	9	./AudioMNIST/data/10/9_10_3.wav
20628	3	./AudioMNIST/data/16/3_16_1.wav
20629	1	./AudioMNIST/data/10/1_10_18.wav
20630	5	./AudioMNIST/data/31/5_31_4.wav
20631	6	./AudioMNIST/data/16/6_16_9.wav
20632	5	./AudioMNIST/data/19/5_19_42.wav
20633	1	./AudioMNIST/data/33/1_33_8.wav
20634	2	./AudioMNIST/data/35/2_35_4.wav
20635	6	./AudioMNIST/data/20/6_20_28.wav
20636	1	./AudioMNIST/data/58/1_58_8.wav
20637	8	./AudioMNIST/data/47/8_47_15.wav
20638	6	./AudioMNIST/data/56/6_56_4.wav
20639	3	./AudioMNIST/data/53/3_53_44.wav
20640	3	./AudioMNIST/data/56/3_56_26.wav
20641	7	./AudioMNIST/data/15/7_15_0.wav
20642	3	./AudioMNIST/data/07/3_07_1.wav
20643	8	./AudioMNIST/data/15/8_15_27.wav
20644	0	./AudioMNIST/data/41/0_41_13.wav
20645	0	./AudioMNIST/data/10/0_10_48.wav
20646	7	./AudioMNIST/data/31/7_31_32.wav
20647	4	./AudioMNIST/data/13/4_13_47.wav
20648	5	./AudioMNIST/data/08/5_08_6.wav
20649	8	./AudioMNIST/data/15/8_15_19.wav
20650	7	./AudioMNIST/data/32/7_32_12.wav
20651	7	./AudioMNIST/data/45/7_45_42.wav
20652	4	./AudioMNIST/data/39/4_39_8.wav
20653	5	./AudioMNIST/data/20/5_20_5.wav
20654	0	./AudioMNIST/data/49/0_49_26.wav
20655	0	./AudioMNIST/data/53/0_53_25.wav
20656	3	./AudioMNIST/data/32/3_32_19.wav
20657	7	./AudioMNIST/data/31/7_31_39.wav
20658	6	./AudioMNIST/data/32/6_32_32.wav
20659	4	./AudioMNIST/data/14/4_14_46.wav
20660	0	./AudioMNIST/data/37/0_37_48.wav
20661	6	./AudioMNIST/data/51/6_51_30.wav
20662	5	./AudioMNIST/data/33/5_33_37.wav
20663	3	./AudioMNIST/data/49/3_49_26.wav
20664	2	./AudioMNIST/data/26/2_26_32.wav
20665	8	./AudioMNIST/data/23/8_23_4.wav
20666	6	./AudioMNIST/data/02/6_02_31.wav
20667	1	./AudioMNIST/data/34/1_34_23.wav
20668	5	./AudioMNIST/data/45/5_45_16.wav
20669	1	./AudioMNIST/data/21/1_21_41.wav
20670	7	./AudioMNIST/data/31/7_31_24.wav
20671	3	./AudioMNIST/data/57/3_57_13.wav
20672	6	./AudioMNIST/data/19/6_19_17.wav
20673	6	./AudioMNIST/data/34/6_34_14.wav
20674	0	./AudioMNIST/data/33/0_33_3.wav
20675	7	./AudioMNIST/data/01/7_01_17.wav
20676	8	./AudioMNIST/data/35/8_35_5.wav
20677	4	./AudioMNIST/data/41/4_41_24.wav
20678	5	./AudioMNIST/data/33/5_33_6.wav
20679	2	./AudioMNIST/data/33/2_33_48.wav
20680	1	./AudioMNIST/data/51/1_51_21.wav
20681	1	./AudioMNIST/data/01/1_01_15.wav
20682	2	./AudioMNIST/data/52/2_52_4.wav
20683	2	./AudioMNIST/data/38/2_38_8.wav
20684	6	./AudioMNIST/data/06/6_06_14.wav
20685	0	./AudioMNIST/data/17/0_17_21.wav
20686	2	./AudioMNIST/data/34/2_34_8.wav
20687	9	./AudioMNIST/data/36/9_36_46.wav
20688	7	./AudioMNIST/data/26/7_26_48.wav
20689	5	./AudioMNIST/data/48/5_48_15.wav
20690	4	./AudioMNIST/data/36/4_36_3.wav
20691	2	./AudioMNIST/data/25/2_25_48.wav
20692	2	./AudioMNIST/data/29/2_29_39.wav
20693	7	./AudioMNIST/data/56/7_56_22.wav
20694	9	./AudioMNIST/data/09/9_09_46.wav
20695	9	./AudioMNIST/data/22/9_22_6.wav
20696	0	./AudioMNIST/data/11/0_11_42.wav
20697	4	./AudioMNIST/data/28/4_28_29.wav
20698	4	./AudioMNIST/data/58/4_58_39.wav
20699	3	./AudioMNIST/data/06/3_06_10.wav
20700	0	./AudioMNIST/data/43/0_43_5.wav
20701	6	./AudioMNIST/data/22/6_22_38.wav
20702	7	./AudioMNIST/data/07/7_07_37.wav
20703	2	./AudioMNIST/data/57/2_57_38.wav
20704	9	./AudioMNIST/data/48/9_48_24.wav
20705	1	./AudioMNIST/data/36/1_36_42.wav
20706	0	./AudioMNIST/data/36/0_36_37.wav
20707	4	./AudioMNIST/data/21/4_21_24.wav
20708	6	./AudioMNIST/data/48/6_48_26.wav
20709	3	./AudioMNIST/data/11/3_11_6.wav
20710	9	./AudioMNIST/data/31/9_31_42.wav
20711	3	./AudioMNIST/data/24/3_24_13.wav
20712	6	./AudioMNIST/data/39/6_39_42.wav
20713	9	./AudioMNIST/data/27/9_27_12.wav
20714	0	./AudioMNIST/data/36/0_36_36.wav
20715	4	./AudioMNIST/data/13/4_13_36.wav
20716	2	./AudioMNIST/data/30/2_30_13.wav
20717	2	./AudioMNIST/data/52/2_52_49.wav
20718	2	./AudioMNIST/data/34/2_34_45.wav
20719	0	./AudioMNIST/data/40/0_40_35.wav
20720	7	./AudioMNIST/data/35/7_35_3.wav
20721	3	./AudioMNIST/data/22/3_22_28.wav
20722	6	./AudioMNIST/data/39/6_39_34.wav
20723	9	./AudioMNIST/data/46/9_46_47.wav
20724	1	./AudioMNIST/data/29/1_29_30.wav
20725	4	./AudioMNIST/data/52/4_52_19.wav
20726	9	./AudioMNIST/data/32/9_32_11.wav
20727	5	./AudioMNIST/data/29/5_29_7.wav
20728	0	./AudioMNIST/data/02/0_02_27.wav
20729	4	./AudioMNIST/data/52/4_52_16.wav
20730	0	./AudioMNIST/data/43/0_43_43.wav
20731	5	./AudioMNIST/data/46/5_46_40.wav
20732	6	./AudioMNIST/data/53/6_53_18.wav
20733	9	./AudioMNIST/data/51/9_51_2.wav
20734	4	./AudioMNIST/data/51/4_51_34.wav
20735	9	./AudioMNIST/data/01/9_01_2.wav
20736	5	./AudioMNIST/data/45/5_45_22.wav
20737	6	./AudioMNIST/data/48/6_48_8.wav
20738	9	./AudioMNIST/data/58/9_58_1.wav
20739	0	./AudioMNIST/data/44/0_44_10.wav
20740	4	./AudioMNIST/data/42/4_42_0.wav
20741	2	./AudioMNIST/data/48/2_48_34.wav
20742	0	./AudioMNIST/data/53/0_53_5.wav
20743	2	./AudioMNIST/data/25/2_25_18.wav
20744	4	./AudioMNIST/data/04/4_04_10.wav
20745	0	./AudioMNIST/data/09/0_09_47.wav
20746	0	./AudioMNIST/data/60/0_60_37.wav
20747	5	./AudioMNIST/data/53/5_53_5.wav
20748	0	./AudioMNIST/data/17/0_17_12.wav
20749	9	./AudioMNIST/data/47/9_47_41.wav
20750	7	./AudioMNIST/data/53/7_53_21.wav
20751	8	./AudioMNIST/data/56/8_56_46.wav
20752	9	./AudioMNIST/data/10/9_10_45.wav
20753	6	./AudioMNIST/data/04/6_04_17.wav
20754	4	./AudioMNIST/data/58/4_58_0.wav
20755	8	./AudioMNIST/data/57/8_57_23.wav
20756	9	./AudioMNIST/data/27/9_27_27.wav
20757	2	./AudioMNIST/data/28/2_28_7.wav
20758	7	./AudioMNIST/data/25/7_25_27.wav
20759	4	./AudioMNIST/data/51/4_51_27.wav
20760	8	./AudioMNIST/data/50/8_50_32.wav
20761	2	./AudioMNIST/data/20/2_20_18.wav
20762	6	./AudioMNIST/data/26/6_26_6.wav
20763	6	./AudioMNIST/data/53/6_53_30.wav
20764	0	./AudioMNIST/data/13/0_13_45.wav
20765	0	./AudioMNIST/data/14/0_14_34.wav
20766	9	./AudioMNIST/data/51/9_51_31.wav
20767	6	./AudioMNIST/data/22/6_22_10.wav
20768	0	./AudioMNIST/data/39/0_39_19.wav
20769	7	./AudioMNIST/data/53/7_53_13.wav
20770	1	./AudioMNIST/data/43/1_43_3.wav
20771	2	./AudioMNIST/data/42/2_42_14.wav
20772	7	./AudioMNIST/data/10/7_10_40.wav
20773	1	./AudioMNIST/data/31/1_31_42.wav
20774	0	./AudioMNIST/data/30/0_30_40.wav
20775	2	./AudioMNIST/data/60/2_60_19.wav
20776	2	./AudioMNIST/data/56/2_56_11.wav
20777	8	./AudioMNIST/data/24/8_24_43.wav
20778	7	./AudioMNIST/data/22/7_22_31.wav
20779	9	./AudioMNIST/data/12/9_12_4.wav
20780	0	./AudioMNIST/data/12/0_12_48.wav
20781	9	./AudioMNIST/data/33/9_33_21.wav
20782	0	./AudioMNIST/data/49/0_49_12.wav
20783	1	./AudioMNIST/data/57/1_57_23.wav
20784	5	./AudioMNIST/data/39/5_39_40.wav
20785	9	./AudioMNIST/data/19/9_19_3.wav
20786	3	./AudioMNIST/data/13/3_13_34.wav
20787	8	./AudioMNIST/data/28/8_28_9.wav
20788	9	./AudioMNIST/data/37/9_37_18.wav
20789	2	./AudioMNIST/data/38/2_38_2.wav
20790	6	./AudioMNIST/data/47/6_47_29.wav
20791	9	./AudioMNIST/data/40/9_40_41.wav
20792	8	./AudioMNIST/data/48/8_48_4.wav
20793	8	./AudioMNIST/data/14/8_14_31.wav
20794	8	./AudioMNIST/data/25/8_25_36.wav
20795	2	./AudioMNIST/data/57/2_57_15.wav
20796	3	./AudioMNIST/data/49/3_49_36.wav
20797	6	./AudioMNIST/data/08/6_08_47.wav
20798	0	./AudioMNIST/data/23/0_23_49.wav
20799	9	./AudioMNIST/data/10/9_10_12.wav
20800	4	./AudioMNIST/data/07/4_07_17.wav
20801	4	./AudioMNIST/data/57/4_57_40.wav
20802	1	./AudioMNIST/data/59/1_59_46.wav
20803	1	./AudioMNIST/data/35/1_35_27.wav
20804	3	./AudioMNIST/data/25/3_25_32.wav
20805	7	./AudioMNIST/data/19/7_19_44.wav
20806	6	./AudioMNIST/data/10/6_10_2.wav
20807	1	./AudioMNIST/data/47/1_47_31.wav
20808	2	./AudioMNIST/data/57/2_57_2.wav
20809	9	./AudioMNIST/data/24/9_24_36.wav
20810	0	./AudioMNIST/data/11/0_11_32.wav
20811	7	./AudioMNIST/data/46/7_46_46.wav
20812	2	./AudioMNIST/data/24/2_24_12.wav
20813	5	./AudioMNIST/data/32/5_32_25.wav
20814	5	./AudioMNIST/data/05/5_05_22.wav
20815	7	./AudioMNIST/data/54/7_54_25.wav
20816	5	./AudioMNIST/data/46/5_46_23.wav
20817	9	./AudioMNIST/data/27/9_27_36.wav
20818	5	./AudioMNIST/data/52/5_52_9.wav
20819	8	./AudioMNIST/data/09/8_09_12.wav
20820	8	./AudioMNIST/data/56/8_56_44.wav
20821	5	./AudioMNIST/data/56/5_56_5.wav
20822	6	./AudioMNIST/data/33/6_33_27.wav
20823	8	./AudioMNIST/data/48/8_48_22.wav
20824	8	./AudioMNIST/data/32/8_32_22.wav
20825	0	./AudioMNIST/data/07/0_07_38.wav
20826	9	./AudioMNIST/data/03/9_03_26.wav
20827	2	./AudioMNIST/data/14/2_14_46.wav
20828	6	./AudioMNIST/data/46/6_46_14.wav
20829	8	./AudioMNIST/data/31/8_31_1.wav
20830	6	./AudioMNIST/data/46/6_46_30.wav
20831	3	./AudioMNIST/data/27/3_27_20.wav
20832	3	./AudioMNIST/data/44/3_44_14.wav
20833	1	./AudioMNIST/data/18/1_18_23.wav
20834	0	./AudioMNIST/data/28/0_28_7.wav
20835	0	./AudioMNIST/data/41/0_41_18.wav
20836	9	./AudioMNIST/data/11/9_11_30.wav
20837	2	./AudioMNIST/data/10/2_10_1.wav
20838	6	./AudioMNIST/data/39/6_39_41.wav
20839	2	./AudioMNIST/data/20/2_20_1.wav
20840	6	./AudioMNIST/data/57/6_57_11.wav
20841	5	./AudioMNIST/data/35/5_35_36.wav
20842	9	./AudioMNIST/data/31/9_31_35.wav
20843	5	./AudioMNIST/data/29/5_29_23.wav
20844	1	./AudioMNIST/data/55/1_55_5.wav
20845	5	./AudioMNIST/data/29/5_29_5.wav
20846	0	./AudioMNIST/data/09/0_09_10.wav
20847	4	./AudioMNIST/data/42/4_42_14.wav
20848	7	./AudioMNIST/data/22/7_22_15.wav
20849	5	./AudioMNIST/data/36/5_36_6.wav
20850	8	./AudioMNIST/data/05/8_05_21.wav
20851	1	./AudioMNIST/data/20/1_20_29.wav
20852	8	./AudioMNIST/data/35/8_35_17.wav
20853	3	./AudioMNIST/data/34/3_34_26.wav
20854	0	./AudioMNIST/data/44/0_44_5.wav
20855	5	./AudioMNIST/data/24/5_24_12.wav
20856	2	./AudioMNIST/data/35/2_35_16.wav
20857	3	./AudioMNIST/data/35/3_35_46.wav
20858	7	./AudioMNIST/data/02/7_02_45.wav
20859	8	./AudioMNIST/data/02/8_02_39.wav
20860	6	./AudioMNIST/data/11/6_11_32.wav
20861	3	./AudioMNIST/data/55/3_55_1.wav
20862	1	./AudioMNIST/data/54/1_54_39.wav
20863	6	./AudioMNIST/data/46/6_46_15.wav
20864	3	./AudioMNIST/data/43/3_43_39.wav
20865	8	./AudioMNIST/data/46/8_46_22.wav
20866	9	./AudioMNIST/data/27/9_27_31.wav
20867	0	./AudioMNIST/data/05/0_05_12.wav
20868	9	./AudioMNIST/data/14/9_14_21.wav
20869	2	./AudioMNIST/data/21/2_21_4.wav
20870	0	./AudioMNIST/data/20/0_20_43.wav
20871	0	./AudioMNIST/data/20/0_20_41.wav
20872	1	./AudioMNIST/data/32/1_32_40.wav
20873	8	./AudioMNIST/data/51/8_51_44.wav
20874	2	./AudioMNIST/data/16/2_16_36.wav
20875	2	./AudioMNIST/data/46/2_46_25.wav
20876	1	./AudioMNIST/data/35/1_35_12.wav
20877	7	./AudioMNIST/data/45/7_45_2.wav
20878	8	./AudioMNIST/data/51/8_51_18.wav
20879	0	./AudioMNIST/data/35/0_35_32.wav
20880	4	./AudioMNIST/data/20/4_20_42.wav
20881	9	./AudioMNIST/data/01/9_01_21.wav
20882	4	./AudioMNIST/data/37/4_37_7.wav
20883	1	./AudioMNIST/data/20/1_20_36.wav
20884	5	./AudioMNIST/data/57/5_57_28.wav
20885	7	./AudioMNIST/data/45/7_45_15.wav
20886	9	./AudioMNIST/data/35/9_35_44.wav
20887	8	./AudioMNIST/data/52/8_52_2.wav
20888	4	./AudioMNIST/data/51/4_51_33.wav
20889	4	./AudioMNIST/data/55/4_55_5.wav
20890	9	./AudioMNIST/data/01/9_01_25.wav
20891	4	./AudioMNIST/data/25/4_25_0.wav
20892	4	./AudioMNIST/data/24/4_24_2.wav
20893	5	./AudioMNIST/data/59/5_59_40.wav
20894	9	./AudioMNIST/data/11/9_11_43.wav
20895	5	./AudioMNIST/data/20/5_20_20.wav
20896	4	./AudioMNIST/data/11/4_11_47.wav
20897	9	./AudioMNIST/data/11/9_11_9.wav
20898	5	./AudioMNIST/data/33/5_33_10.wav
20899	3	./AudioMNIST/data/40/3_40_16.wav
20900	1	./AudioMNIST/data/42/1_42_33.wav
20901	7	./AudioMNIST/data/48/7_48_18.wav
20902	1	./AudioMNIST/data/17/1_17_25.wav
20903	3	./AudioMNIST/data/37/3_37_39.wav
20904	7	./AudioMNIST/data/12/7_12_48.wav
20905	9	./AudioMNIST/data/28/9_28_48.wav
20906	7	./AudioMNIST/data/08/7_08_25.wav
20907	3	./AudioMNIST/data/30/3_30_3.wav
20908	8	./AudioMNIST/data/29/8_29_24.wav
20909	4	./AudioMNIST/data/38/4_38_4.wav
20910	2	./AudioMNIST/data/37/2_37_28.wav
20911	5	./AudioMNIST/data/18/5_18_17.wav
20912	6	./AudioMNIST/data/02/6_02_44.wav
20913	9	./AudioMNIST/data/29/9_29_28.wav
20914	6	./AudioMNIST/data/37/6_37_6.wav
20915	1	./AudioMNIST/data/47/1_47_21.wav
20916	8	./AudioMNIST/data/33/8_33_18.wav
20917	9	./AudioMNIST/data/04/9_04_17.wav
20918	1	./AudioMNIST/data/52/1_52_14.wav
20919	4	./AudioMNIST/data/37/4_37_37.wav
20920	7	./AudioMNIST/data/50/7_50_14.wav
20921	5	./AudioMNIST/data/34/5_34_1.wav
20922	6	./AudioMNIST/data/32/6_32_0.wav
20923	6	./AudioMNIST/data/34/6_34_22.wav
20924	1	./AudioMNIST/data/16/1_16_17.wav
20925	1	./AudioMNIST/data/32/1_32_37.wav
20926	6	./AudioMNIST/data/28/6_28_26.wav
20927	6	./AudioMNIST/data/59/6_59_22.wav
20928	7	./AudioMNIST/data/32/7_32_34.wav
20929	4	./AudioMNIST/data/10/4_10_2.wav
20930	7	./AudioMNIST/data/18/7_18_47.wav
20931	2	./AudioMNIST/data/53/2_53_42.wav
20932	7	./AudioMNIST/data/18/7_18_13.wav
20933	6	./AudioMNIST/data/10/6_10_19.wav
20934	2	./AudioMNIST/data/53/2_53_43.wav
20935	7	./AudioMNIST/data/14/7_14_34.wav
20936	7	./AudioMNIST/data/56/7_56_20.wav
20937	7	./AudioMNIST/data/40/7_40_35.wav
20938	0	./AudioMNIST/data/35/0_35_9.wav
20939	3	./AudioMNIST/data/43/3_43_6.wav
20940	5	./AudioMNIST/data/11/5_11_23.wav
20941	8	./AudioMNIST/data/46/8_46_45.wav
20942	9	./AudioMNIST/data/18/9_18_36.wav
20943	4	./AudioMNIST/data/10/4_10_32.wav
20944	6	./AudioMNIST/data/23/6_23_1.wav
20945	9	./AudioMNIST/data/46/9_46_36.wav
20946	6	./AudioMNIST/data/60/6_60_19.wav
20947	0	./AudioMNIST/data/37/0_37_31.wav
20948	0	./AudioMNIST/data/32/0_32_9.wav
20949	3	./AudioMNIST/data/06/3_06_29.wav
20950	0	./AudioMNIST/data/39/0_39_0.wav
20951	2	./AudioMNIST/data/29/2_29_36.wav
20952	2	./AudioMNIST/data/50/2_50_48.wav
20953	2	./AudioMNIST/data/23/2_23_34.wav
20954	0	./AudioMNIST/data/59/0_59_43.wav
20955	3	./AudioMNIST/data/19/3_19_28.wav
20956	8	./AudioMNIST/data/11/8_11_28.wav
20957	5	./AudioMNIST/data/33/5_33_46.wav
20958	2	./AudioMNIST/data/57/2_57_25.wav
20959	0	./AudioMNIST/data/26/0_26_20.wav
20960	1	./AudioMNIST/data/10/1_10_12.wav
20961	0	./AudioMNIST/data/12/0_12_18.wav
20962	3	./AudioMNIST/data/22/3_22_49.wav
20963	7	./AudioMNIST/data/49/7_49_47.wav
20964	5	./AudioMNIST/data/14/5_14_13.wav
20965	3	./AudioMNIST/data/19/3_19_14.wav
20966	8	./AudioMNIST/data/07/8_07_10.wav
20967	1	./AudioMNIST/data/52/1_52_5.wav
20968	6	./AudioMNIST/data/30/6_30_44.wav
20969	0	./AudioMNIST/data/35/0_35_11.wav
20970	6	./AudioMNIST/data/21/6_21_22.wav
20971	6	./AudioMNIST/data/14/6_14_11.wav
20972	0	./AudioMNIST/data/42/0_42_14.wav
20973	8	./AudioMNIST/data/59/8_59_3.wav
20974	0	./AudioMNIST/data/09/0_09_2.wav
20975	2	./AudioMNIST/data/10/2_10_4.wav
20976	2	./AudioMNIST/data/08/2_08_23.wav
20977	2	./AudioMNIST/data/09/2_09_29.wav
20978	3	./AudioMNIST/data/22/3_22_3.wav
20979	3	./AudioMNIST/data/01/3_01_44.wav
20980	2	./AudioMNIST/data/24/2_24_49.wav
20981	7	./AudioMNIST/data/42/7_42_10.wav
20982	0	./AudioMNIST/data/38/0_38_39.wav
20983	6	./AudioMNIST/data/14/6_14_45.wav
20984	8	./AudioMNIST/data/08/8_08_12.wav
20985	0	./AudioMNIST/data/34/0_34_33.wav
20986	7	./AudioMNIST/data/16/7_16_31.wav
20987	6	./AudioMNIST/data/56/6_56_22.wav
20988	3	./AudioMNIST/data/02/3_02_49.wav
20989	8	./AudioMNIST/data/55/8_55_16.wav
20990	5	./AudioMNIST/data/30/5_30_24.wav
20991	9	./AudioMNIST/data/34/9_34_21.wav
20992	7	./AudioMNIST/data/60/7_60_25.wav
20993	0	./AudioMNIST/data/26/0_26_15.wav
20994	7	./AudioMNIST/data/45/7_45_16.wav
20995	4	./AudioMNIST/data/08/4_08_5.wav
20996	9	./AudioMNIST/data/16/9_16_48.wav
20997	6	./AudioMNIST/data/21/6_21_11.wav
20998	8	./AudioMNIST/data/43/8_43_39.wav
20999	4	./AudioMNIST/data/18/4_18_0.wav
21000	6	./AudioMNIST/data/01/6_01_44.wav
21001	0	./AudioMNIST/data/51/0_51_18.wav
21002	7	./AudioMNIST/data/01/7_01_22.wav
21003	4	./AudioMNIST/data/23/4_23_42.wav
21004	1	./AudioMNIST/data/21/1_21_30.wav
21005	3	./AudioMNIST/data/20/3_20_27.wav
21006	1	./AudioMNIST/data/48/1_48_40.wav
21007	2	./AudioMNIST/data/09/2_09_9.wav
21008	7	./AudioMNIST/data/10/7_10_23.wav
21009	6	./AudioMNIST/data/60/6_60_32.wav
21010	9	./AudioMNIST/data/03/9_03_15.wav
21011	1	./AudioMNIST/data/42/1_42_29.wav
21012	7	./AudioMNIST/data/59/7_59_8.wav
21013	3	./AudioMNIST/data/50/3_50_2.wav
21014	9	./AudioMNIST/data/24/9_24_12.wav
21015	7	./AudioMNIST/data/38/7_38_8.wav
21016	4	./AudioMNIST/data/39/4_39_49.wav
21017	4	./AudioMNIST/data/05/4_05_32.wav
21018	8	./AudioMNIST/data/41/8_41_22.wav
21019	5	./AudioMNIST/data/01/5_01_22.wav
21020	1	./AudioMNIST/data/04/1_04_5.wav
21021	0	./AudioMNIST/data/58/0_58_43.wav
21022	8	./AudioMNIST/data/15/8_15_3.wav
21023	5	./AudioMNIST/data/21/5_21_12.wav
21024	1	./AudioMNIST/data/60/1_60_6.wav
21025	9	./AudioMNIST/data/28/9_28_5.wav
21026	0	./AudioMNIST/data/12/0_12_21.wav
21027	4	./AudioMNIST/data/11/4_11_34.wav
21028	4	./AudioMNIST/data/08/4_08_36.wav
21029	0	./AudioMNIST/data/52/0_52_15.wav
21030	0	./AudioMNIST/data/35/0_35_16.wav
21031	4	./AudioMNIST/data/25/4_25_26.wav
21032	7	./AudioMNIST/data/52/7_52_3.wav
21033	9	./AudioMNIST/data/60/9_60_10.wav
21034	2	./AudioMNIST/data/23/2_23_18.wav
21035	6	./AudioMNIST/data/38/6_38_3.wav
21036	7	./AudioMNIST/data/27/7_27_21.wav
21037	8	./AudioMNIST/data/29/8_29_37.wav
21038	1	./AudioMNIST/data/57/1_57_1.wav
21039	4	./AudioMNIST/data/08/4_08_44.wav
21040	5	./AudioMNIST/data/03/5_03_9.wav
21041	5	./AudioMNIST/data/21/5_21_35.wav
21042	8	./AudioMNIST/data/05/8_05_4.wav
21043	9	./AudioMNIST/data/50/9_50_33.wav
21044	1	./AudioMNIST/data/34/1_34_34.wav
21045	6	./AudioMNIST/data/19/6_19_24.wav
21046	3	./AudioMNIST/data/47/3_47_25.wav
21047	0	./AudioMNIST/data/54/0_54_28.wav
21048	4	./AudioMNIST/data/37/4_37_16.wav
21049	8	./AudioMNIST/data/40/8_40_41.wav
21050	0	./AudioMNIST/data/12/0_12_34.wav
21051	8	./AudioMNIST/data/52/8_52_26.wav
21052	8	./AudioMNIST/data/25/8_25_47.wav
21053	1	./AudioMNIST/data/31/1_31_34.wav
21054	3	./AudioMNIST/data/50/3_50_27.wav
21055	0	./AudioMNIST/data/42/0_42_22.wav
21056	6	./AudioMNIST/data/35/6_35_16.wav
21057	2	./AudioMNIST/data/59/2_59_43.wav
21058	3	./AudioMNIST/data/38/3_38_34.wav
21059	8	./AudioMNIST/data/16/8_16_34.wav
21060	5	./AudioMNIST/data/45/5_45_7.wav
21061	9	./AudioMNIST/data/59/9_59_0.wav
21062	8	./AudioMNIST/data/17/8_17_43.wav
21063	2	./AudioMNIST/data/45/2_45_48.wav
21064	6	./AudioMNIST/data/36/6_36_3.wav
21065	8	./AudioMNIST/data/08/8_08_6.wav
21066	4	./AudioMNIST/data/60/4_60_10.wav
21067	8	./AudioMNIST/data/09/8_09_21.wav
21068	6	./AudioMNIST/data/22/6_22_41.wav
21069	8	./AudioMNIST/data/06/8_06_24.wav
21070	5	./AudioMNIST/data/55/5_55_7.wav
21071	1	./AudioMNIST/data/38/1_38_46.wav
21072	5	./AudioMNIST/data/02/5_02_13.wav
21073	9	./AudioMNIST/data/06/9_06_26.wav
21074	5	./AudioMNIST/data/08/5_08_22.wav
21075	4	./AudioMNIST/data/44/4_44_33.wav
21076	9	./AudioMNIST/data/35/9_35_38.wav
21077	2	./AudioMNIST/data/51/2_51_41.wav
21078	5	./AudioMNIST/data/53/5_53_41.wav
21079	4	./AudioMNIST/data/03/4_03_26.wav
21080	9	./AudioMNIST/data/30/9_30_39.wav
21081	4	./AudioMNIST/data/07/4_07_24.wav
21082	0	./AudioMNIST/data/31/0_31_25.wav
21083	9	./AudioMNIST/data/14/9_14_25.wav
21084	4	./AudioMNIST/data/47/4_47_2.wav
21085	5	./AudioMNIST/data/14/5_14_33.wav
21086	0	./AudioMNIST/data/55/0_55_49.wav
21087	1	./AudioMNIST/data/13/1_13_38.wav
21088	1	./AudioMNIST/data/10/1_10_23.wav
21089	5	./AudioMNIST/data/04/5_04_39.wav
21090	9	./AudioMNIST/data/40/9_40_33.wav
21091	4	./AudioMNIST/data/11/4_11_5.wav
21092	2	./AudioMNIST/data/54/2_54_31.wav
21093	1	./AudioMNIST/data/22/1_22_21.wav
21094	0	./AudioMNIST/data/43/0_43_38.wav
21095	4	./AudioMNIST/data/32/4_32_15.wav
21096	1	./AudioMNIST/data/13/1_13_27.wav
21097	3	./AudioMNIST/data/14/3_14_5.wav
21098	2	./AudioMNIST/data/48/2_48_22.wav
21099	2	./AudioMNIST/data/07/2_07_23.wav
21100	6	./AudioMNIST/data/48/6_48_14.wav
21101	0	./AudioMNIST/data/37/0_37_0.wav
21102	6	./AudioMNIST/data/38/6_38_32.wav
21103	3	./AudioMNIST/data/38/3_38_49.wav
21104	1	./AudioMNIST/data/47/1_47_30.wav
21105	7	./AudioMNIST/data/24/7_24_18.wav
21106	0	./AudioMNIST/data/37/0_37_3.wav
21107	8	./AudioMNIST/data/31/8_31_31.wav
21108	4	./AudioMNIST/data/54/4_54_16.wav
21109	8	./AudioMNIST/data/24/8_24_20.wav
21110	4	./AudioMNIST/data/48/4_48_4.wav
21111	0	./AudioMNIST/data/57/0_57_35.wav
21112	8	./AudioMNIST/data/41/8_41_48.wav
21113	0	./AudioMNIST/data/54/0_54_12.wav
21114	4	./AudioMNIST/data/52/4_52_22.wav
21115	6	./AudioMNIST/data/06/6_06_9.wav
21116	5	./AudioMNIST/data/19/5_19_29.wav
21117	2	./AudioMNIST/data/13/2_13_18.wav
21118	5	./AudioMNIST/data/07/5_07_45.wav
21119	0	./AudioMNIST/data/18/0_18_6.wav
21120	9	./AudioMNIST/data/23/9_23_15.wav
21121	6	./AudioMNIST/data/03/6_03_41.wav
21122	1	./AudioMNIST/data/04/1_04_17.wav
21123	2	./AudioMNIST/data/60/2_60_45.wav
21124	1	./AudioMNIST/data/52/1_52_8.wav
21125	9	./AudioMNIST/data/35/9_35_4.wav
21126	8	./AudioMNIST/data/36/8_36_26.wav
21127	6	./AudioMNIST/data/55/6_55_38.wav
21128	7	./AudioMNIST/data/58/7_58_14.wav
21129	2	./AudioMNIST/data/05/2_05_47.wav
21130	5	./AudioMNIST/data/33/5_33_1.wav
21131	0	./AudioMNIST/data/31/0_31_7.wav
21132	0	./AudioMNIST/data/08/0_08_17.wav
21133	2	./AudioMNIST/data/17/2_17_25.wav
21134	1	./AudioMNIST/data/29/1_29_9.wav
21135	7	./AudioMNIST/data/19/7_19_7.wav
21136	9	./AudioMNIST/data/16/9_16_17.wav
21137	4	./AudioMNIST/data/55/4_55_34.wav
21138	3	./AudioMNIST/data/42/3_42_36.wav
21139	5	./AudioMNIST/data/50/5_50_37.wav
21140	9	./AudioMNIST/data/49/9_49_20.wav
21141	7	./AudioMNIST/data/24/7_24_28.wav
21142	6	./AudioMNIST/data/57/6_57_20.wav
21143	2	./AudioMNIST/data/40/2_40_29.wav
21144	9	./AudioMNIST/data/36/9_36_30.wav
21145	4	./AudioMNIST/data/17/4_17_22.wav
21146	7	./AudioMNIST/data/10/7_10_43.wav
21147	7	./AudioMNIST/data/43/7_43_2.wav
21148	1	./AudioMNIST/data/20/1_20_6.wav
21149	5	./AudioMNIST/data/10/5_10_12.wav
21150	0	./AudioMNIST/data/44/0_44_35.wav
21151	8	./AudioMNIST/data/45/8_45_20.wav
21152	9	./AudioMNIST/data/60/9_60_20.wav
21153	2	./AudioMNIST/data/47/2_47_46.wav
21154	2	./AudioMNIST/data/52/2_52_20.wav
21155	5	./AudioMNIST/data/39/5_39_37.wav
21156	5	./AudioMNIST/data/09/5_09_24.wav
21157	1	./AudioMNIST/data/34/1_34_17.wav
21158	3	./AudioMNIST/data/02/3_02_18.wav
21159	8	./AudioMNIST/data/14/8_14_49.wav
21160	9	./AudioMNIST/data/11/9_11_45.wav
21161	8	./AudioMNIST/data/60/8_60_42.wav
21162	5	./AudioMNIST/data/25/5_25_33.wav
21163	0	./AudioMNIST/data/20/0_20_34.wav
21164	1	./AudioMNIST/data/02/1_02_40.wav
21165	9	./AudioMNIST/data/10/9_10_47.wav
21166	9	./AudioMNIST/data/43/9_43_37.wav
21167	8	./AudioMNIST/data/06/8_06_16.wav
21168	5	./AudioMNIST/data/56/5_56_28.wav
21169	5	./AudioMNIST/data/57/5_57_22.wav
21170	4	./AudioMNIST/data/44/4_44_10.wav
21171	7	./AudioMNIST/data/42/7_42_43.wav
21172	8	./AudioMNIST/data/50/8_50_36.wav
21173	2	./AudioMNIST/data/57/2_57_29.wav
21174	9	./AudioMNIST/data/10/9_10_40.wav
21175	3	./AudioMNIST/data/43/3_43_31.wav
21176	8	./AudioMNIST/data/10/8_10_2.wav
21177	7	./AudioMNIST/data/26/7_26_45.wav
21178	8	./AudioMNIST/data/19/8_19_20.wav
21179	2	./AudioMNIST/data/31/2_31_30.wav
21180	3	./AudioMNIST/data/31/3_31_39.wav
21181	1	./AudioMNIST/data/33/1_33_36.wav
21182	8	./AudioMNIST/data/49/8_49_40.wav
21183	0	./AudioMNIST/data/08/0_08_45.wav
21184	5	./AudioMNIST/data/43/5_43_22.wav
21185	6	./AudioMNIST/data/52/6_52_4.wav
21186	4	./AudioMNIST/data/59/4_59_10.wav
21187	7	./AudioMNIST/data/03/7_03_6.wav
21188	0	./AudioMNIST/data/15/0_15_4.wav
21189	7	./AudioMNIST/data/13/7_13_26.wav
21190	1	./AudioMNIST/data/31/1_31_11.wav
21191	9	./AudioMNIST/data/46/9_46_41.wav
21192	1	./AudioMNIST/data/54/1_54_31.wav
21193	7	./AudioMNIST/data/20/7_20_41.wav
21194	6	./AudioMNIST/data/32/6_32_34.wav
21195	0	./AudioMNIST/data/56/0_56_46.wav
21196	7	./AudioMNIST/data/38/7_38_48.wav
21197	5	./AudioMNIST/data/38/5_38_31.wav
21198	6	./AudioMNIST/data/22/6_22_5.wav
21199	5	./AudioMNIST/data/51/5_51_31.wav
21200	7	./AudioMNIST/data/16/7_16_16.wav
21201	0	./AudioMNIST/data/10/0_10_22.wav
21202	5	./AudioMNIST/data/37/5_37_34.wav
21203	5	./AudioMNIST/data/45/5_45_37.wav
21204	6	./AudioMNIST/data/56/6_56_25.wav
21205	1	./AudioMNIST/data/60/1_60_26.wav
21206	3	./AudioMNIST/data/01/3_01_38.wav
21207	8	./AudioMNIST/data/48/8_48_21.wav
21208	1	./AudioMNIST/data/19/1_19_5.wav
21209	8	./AudioMNIST/data/59/8_59_37.wav
21210	0	./AudioMNIST/data/56/0_56_41.wav
21211	7	./AudioMNIST/data/49/7_49_4.wav
21212	3	./AudioMNIST/data/46/3_46_28.wav
21213	0	./AudioMNIST/data/54/0_54_22.wav
21214	5	./AudioMNIST/data/16/5_16_4.wav
21215	0	./AudioMNIST/data/20/0_20_6.wav
21216	5	./AudioMNIST/data/43/5_43_7.wav
21217	7	./AudioMNIST/data/45/7_45_23.wav
21218	4	./AudioMNIST/data/48/4_48_1.wav
21219	5	./AudioMNIST/data/57/5_57_7.wav
21220	1	./AudioMNIST/data/01/1_01_29.wav
21221	3	./AudioMNIST/data/49/3_49_40.wav
21222	6	./AudioMNIST/data/25/6_25_7.wav
21223	6	./AudioMNIST/data/33/6_33_5.wav
21224	3	./AudioMNIST/data/23/3_23_8.wav
21225	9	./AudioMNIST/data/52/9_52_2.wav
21226	7	./AudioMNIST/data/11/7_11_44.wav
21227	3	./AudioMNIST/data/34/3_34_38.wav
21228	9	./AudioMNIST/data/60/9_60_13.wav
21229	0	./AudioMNIST/data/39/0_39_13.wav
21230	1	./AudioMNIST/data/42/1_42_36.wav
21231	1	./AudioMNIST/data/05/1_05_26.wav
21232	0	./AudioMNIST/data/43/0_43_35.wav
21233	9	./AudioMNIST/data/55/9_55_28.wav
21234	7	./AudioMNIST/data/57/7_57_17.wav
21235	2	./AudioMNIST/data/42/2_42_38.wav
21236	4	./AudioMNIST/data/57/4_57_24.wav
21237	1	./AudioMNIST/data/07/1_07_36.wav
21238	0	./AudioMNIST/data/08/0_08_26.wav
21239	8	./AudioMNIST/data/34/8_34_25.wav
21240	5	./AudioMNIST/data/52/5_52_16.wav
21241	3	./AudioMNIST/data/34/3_34_5.wav
21242	1	./AudioMNIST/data/47/1_47_41.wav
21243	7	./AudioMNIST/data/12/7_12_33.wav
21244	5	./AudioMNIST/data/09/5_09_47.wav
21245	0	./AudioMNIST/data/56/0_56_40.wav
21246	0	./AudioMNIST/data/60/0_60_22.wav
21247	0	./AudioMNIST/data/49/0_49_27.wav
21248	2	./AudioMNIST/data/36/2_36_5.wav
21249	5	./AudioMNIST/data/22/5_22_34.wav
21250	6	./AudioMNIST/data/32/6_32_42.wav
21251	5	./AudioMNIST/data/30/5_30_38.wav
21252	7	./AudioMNIST/data/34/7_34_19.wav
21253	9	./AudioMNIST/data/23/9_23_14.wav
21254	6	./AudioMNIST/data/22/6_22_23.wav
21255	2	./AudioMNIST/data/15/2_15_38.wav
21256	8	./AudioMNIST/data/35/8_35_41.wav
21257	6	./AudioMNIST/data/07/6_07_49.wav
21258	4	./AudioMNIST/data/35/4_35_17.wav
21259	7	./AudioMNIST/data/42/7_42_3.wav
21260	8	./AudioMNIST/data/04/8_04_0.wav
21261	2	./AudioMNIST/data/40/2_40_28.wav
21262	4	./AudioMNIST/data/60/4_60_1.wav
21263	7	./AudioMNIST/data/15/7_15_2.wav
21264	0	./AudioMNIST/data/02/0_02_40.wav
21265	3	./AudioMNIST/data/07/3_07_37.wav
21266	8	./AudioMNIST/data/06/8_06_10.wav
21267	7	./AudioMNIST/data/06/7_06_45.wav
21268	6	./AudioMNIST/data/40/6_40_31.wav
21269	6	./AudioMNIST/data/60/6_60_24.wav
21270	5	./AudioMNIST/data/30/5_30_34.wav
21271	9	./AudioMNIST/data/55/9_55_26.wav
21272	4	./AudioMNIST/data/38/4_38_31.wav
21273	4	./AudioMNIST/data/20/4_20_49.wav
21274	2	./AudioMNIST/data/08/2_08_9.wav
21275	7	./AudioMNIST/data/13/7_13_14.wav
21276	2	./AudioMNIST/data/43/2_43_1.wav
21277	2	./AudioMNIST/data/54/2_54_3.wav
21278	2	./AudioMNIST/data/50/2_50_24.wav
21279	2	./AudioMNIST/data/54/2_54_18.wav
21280	1	./AudioMNIST/data/29/1_29_3.wav
21281	5	./AudioMNIST/data/01/5_01_46.wav
21282	0	./AudioMNIST/data/05/0_05_46.wav
21283	4	./AudioMNIST/data/49/4_49_12.wav
21284	0	./AudioMNIST/data/17/0_17_22.wav
21285	6	./AudioMNIST/data/17/6_17_30.wav
21286	5	./AudioMNIST/data/36/5_36_46.wav
21287	6	./AudioMNIST/data/21/6_21_24.wav
21288	9	./AudioMNIST/data/02/9_02_33.wav
21289	6	./AudioMNIST/data/24/6_24_2.wav
21290	1	./AudioMNIST/data/42/1_42_32.wav
21291	4	./AudioMNIST/data/17/4_17_44.wav
21292	8	./AudioMNIST/data/30/8_30_33.wav
21293	1	./AudioMNIST/data/07/1_07_31.wav
21294	5	./AudioMNIST/data/12/5_12_35.wav
21295	4	./AudioMNIST/data/33/4_33_40.wav
21296	1	./AudioMNIST/data/04/1_04_40.wav
21297	0	./AudioMNIST/data/11/0_11_34.wav
21298	0	./AudioMNIST/data/12/0_12_28.wav
21299	8	./AudioMNIST/data/45/8_45_23.wav
21300	5	./AudioMNIST/data/13/5_13_32.wav
21301	6	./AudioMNIST/data/37/6_37_34.wav
21302	2	./AudioMNIST/data/48/2_48_20.wav
21303	7	./AudioMNIST/data/23/7_23_37.wav
21304	9	./AudioMNIST/data/14/9_14_49.wav
21305	8	./AudioMNIST/data/10/8_10_18.wav
21306	2	./AudioMNIST/data/20/2_20_7.wav
21307	7	./AudioMNIST/data/53/7_53_27.wav
21308	8	./AudioMNIST/data/38/8_38_4.wav
21309	2	./AudioMNIST/data/39/2_39_17.wav
21310	9	./AudioMNIST/data/44/9_44_0.wav
21311	9	./AudioMNIST/data/58/9_58_5.wav
21312	7	./AudioMNIST/data/34/7_34_49.wav
21313	0	./AudioMNIST/data/47/0_47_15.wav
21314	0	./AudioMNIST/data/34/0_34_43.wav
21315	9	./AudioMNIST/data/40/9_40_0.wav
21316	1	./AudioMNIST/data/15/1_15_2.wav
21317	0	./AudioMNIST/data/28/0_28_2.wav
21318	0	./AudioMNIST/data/23/0_23_18.wav
21319	0	./AudioMNIST/data/05/0_05_14.wav
21320	1	./AudioMNIST/data/24/1_24_24.wav
21321	2	./AudioMNIST/data/42/2_42_5.wav
21322	4	./AudioMNIST/data/03/4_03_34.wav
21323	2	./AudioMNIST/data/18/2_18_6.wav
21324	9	./AudioMNIST/data/01/9_01_3.wav
21325	8	./AudioMNIST/data/16/8_16_28.wav
21326	2	./AudioMNIST/data/50/2_50_23.wav
21327	8	./AudioMNIST/data/03/8_03_6.wav
21328	5	./AudioMNIST/data/31/5_31_13.wav
21329	9	./AudioMNIST/data/20/9_20_11.wav
21330	0	./AudioMNIST/data/49/0_49_36.wav
21331	4	./AudioMNIST/data/17/4_17_42.wav
21332	7	./AudioMNIST/data/05/7_05_40.wav
21333	5	./AudioMNIST/data/27/5_27_0.wav
21334	3	./AudioMNIST/data/33/3_33_2.wav
21335	6	./AudioMNIST/data/53/6_53_7.wav
21336	1	./AudioMNIST/data/50/1_50_7.wav
21337	7	./AudioMNIST/data/11/7_11_41.wav
21338	0	./AudioMNIST/data/37/0_37_11.wav
21339	5	./AudioMNIST/data/23/5_23_7.wav
21340	7	./AudioMNIST/data/44/7_44_7.wav
21341	2	./AudioMNIST/data/56/2_56_33.wav
21342	8	./AudioMNIST/data/40/8_40_11.wav
21343	0	./AudioMNIST/data/54/0_54_15.wav
21344	4	./AudioMNIST/data/48/4_48_24.wav
21345	4	./AudioMNIST/data/18/4_18_29.wav
21346	7	./AudioMNIST/data/04/7_04_21.wav
21347	0	./AudioMNIST/data/46/0_46_23.wav
21348	3	./AudioMNIST/data/05/3_05_25.wav
21349	7	./AudioMNIST/data/41/7_41_11.wav
21350	2	./AudioMNIST/data/47/2_47_47.wav
21351	1	./AudioMNIST/data/26/1_26_7.wav
21352	7	./AudioMNIST/data/47/7_47_38.wav
21353	9	./AudioMNIST/data/11/9_11_4.wav
21354	2	./AudioMNIST/data/04/2_04_29.wav
21355	7	./AudioMNIST/data/41/7_41_31.wav
21356	8	./AudioMNIST/data/17/8_17_23.wav
21357	2	./AudioMNIST/data/10/2_10_22.wav
21358	5	./AudioMNIST/data/23/5_23_2.wav
21359	0	./AudioMNIST/data/23/0_23_13.wav
21360	3	./AudioMNIST/data/58/3_58_46.wav
21361	4	./AudioMNIST/data/28/4_28_0.wav
21362	6	./AudioMNIST/data/23/6_23_31.wav
21363	0	./AudioMNIST/data/10/0_10_31.wav
21364	7	./AudioMNIST/data/58/7_58_37.wav
21365	0	./AudioMNIST/data/46/0_46_3.wav
21366	7	./AudioMNIST/data/58/7_58_33.wav
21367	8	./AudioMNIST/data/31/8_31_5.wav
21368	3	./AudioMNIST/data/44/3_44_42.wav
21369	4	./AudioMNIST/data/42/4_42_36.wav
21370	9	./AudioMNIST/data/40/9_40_29.wav
21371	5	./AudioMNIST/data/06/5_06_18.wav
21372	6	./AudioMNIST/data/07/6_07_20.wav
21373	5	./AudioMNIST/data/29/5_29_0.wav
21374	4	./AudioMNIST/data/30/4_30_1.wav
21375	6	./AudioMNIST/data/39/6_39_39.wav
21376	4	./AudioMNIST/data/25/4_25_25.wav
21377	0	./AudioMNIST/data/32/0_32_37.wav
21378	3	./AudioMNIST/data/14/3_14_38.wav
21379	8	./AudioMNIST/data/43/8_43_44.wav
21380	2	./AudioMNIST/data/09/2_09_49.wav
21381	2	./AudioMNIST/data/28/2_28_38.wav
21382	8	./AudioMNIST/data/10/8_10_40.wav
21383	0	./AudioMNIST/data/08/0_08_49.wav
21384	6	./AudioMNIST/data/24/6_24_28.wav
21385	5	./AudioMNIST/data/43/5_43_1.wav
21386	8	./AudioMNIST/data/04/8_04_35.wav
21387	4	./AudioMNIST/data/27/4_27_7.wav
21388	6	./AudioMNIST/data/56/6_56_48.wav
21389	7	./AudioMNIST/data/36/7_36_36.wav
21390	3	./AudioMNIST/data/56/3_56_4.wav
21391	7	./AudioMNIST/data/57/7_57_25.wav
21392	3	./AudioMNIST/data/29/3_29_0.wav
21393	7	./AudioMNIST/data/04/7_04_12.wav
21394	8	./AudioMNIST/data/55/8_55_0.wav
21395	7	./AudioMNIST/data/13/7_13_20.wav
21396	5	./AudioMNIST/data/57/5_57_5.wav
21397	8	./AudioMNIST/data/01/8_01_0.wav
21398	2	./AudioMNIST/data/10/2_10_15.wav
21399	9	./AudioMNIST/data/01/9_01_29.wav
21400	8	./AudioMNIST/data/42/8_42_37.wav
21401	6	./AudioMNIST/data/01/6_01_43.wav
21402	6	./AudioMNIST/data/50/6_50_27.wav
21403	6	./AudioMNIST/data/10/6_10_16.wav
21404	4	./AudioMNIST/data/47/4_47_17.wav
21405	5	./AudioMNIST/data/38/5_38_17.wav
21406	8	./AudioMNIST/data/28/8_28_14.wav
21407	3	./AudioMNIST/data/01/3_01_10.wav
21408	1	./AudioMNIST/data/33/1_33_45.wav
21409	7	./AudioMNIST/data/38/7_38_44.wav
21410	1	./AudioMNIST/data/11/1_11_38.wav
21411	4	./AudioMNIST/data/58/4_58_28.wav
21412	5	./AudioMNIST/data/03/5_03_23.wav
21413	6	./AudioMNIST/data/43/6_43_13.wav
21414	9	./AudioMNIST/data/43/9_43_2.wav
21415	5	./AudioMNIST/data/11/5_11_48.wav
21416	3	./AudioMNIST/data/26/3_26_49.wav
21417	3	./AudioMNIST/data/26/3_26_24.wav
21418	3	./AudioMNIST/data/25/3_25_16.wav
21419	3	./AudioMNIST/data/52/3_52_27.wav
21420	3	./AudioMNIST/data/33/3_33_14.wav
21421	4	./AudioMNIST/data/29/4_29_44.wav
21422	9	./AudioMNIST/data/49/9_49_15.wav
21423	0	./AudioMNIST/data/46/0_46_22.wav
21424	7	./AudioMNIST/data/43/7_43_39.wav
21425	0	./AudioMNIST/data/15/0_15_8.wav
21426	2	./AudioMNIST/data/40/2_40_22.wav
21427	7	./AudioMNIST/data/37/7_37_37.wav
21428	3	./AudioMNIST/data/10/3_10_14.wav
21429	0	./AudioMNIST/data/49/0_49_14.wav
21430	0	./AudioMNIST/data/11/0_11_2.wav
21431	5	./AudioMNIST/data/02/5_02_37.wav
21432	5	./AudioMNIST/data/56/5_56_43.wav
21433	8	./AudioMNIST/data/43/8_43_22.wav
21434	3	./AudioMNIST/data/44/3_44_49.wav
21435	6	./AudioMNIST/data/30/6_30_4.wav
21436	3	./AudioMNIST/data/60/3_60_1.wav
21437	3	./AudioMNIST/data/23/3_23_29.wav
21438	6	./AudioMNIST/data/38/6_38_13.wav
21439	2	./AudioMNIST/data/26/2_26_44.wav
21440	7	./AudioMNIST/data/31/7_31_49.wav
21441	1	./AudioMNIST/data/39/1_39_13.wav
21442	4	./AudioMNIST/data/44/4_44_9.wav
21443	1	./AudioMNIST/data/49/1_49_23.wav
21444	1	./AudioMNIST/data/37/1_37_46.wav
21445	3	./AudioMNIST/data/27/3_27_35.wav
21446	4	./AudioMNIST/data/49/4_49_22.wav
21447	2	./AudioMNIST/data/18/2_18_12.wav
21448	3	./AudioMNIST/data/41/3_41_8.wav
21449	0	./AudioMNIST/data/56/0_56_17.wav
21450	3	./AudioMNIST/data/38/3_38_25.wav
21451	4	./AudioMNIST/data/24/4_24_10.wav
21452	2	./AudioMNIST/data/39/2_39_32.wav
21453	5	./AudioMNIST/data/41/5_41_6.wav
21454	4	./AudioMNIST/data/38/4_38_39.wav
21455	9	./AudioMNIST/data/49/9_49_18.wav
21456	8	./AudioMNIST/data/08/8_08_45.wav
21457	5	./AudioMNIST/data/21/5_21_43.wav
21458	4	./AudioMNIST/data/20/4_20_8.wav
21459	1	./AudioMNIST/data/08/1_08_47.wav
21460	9	./AudioMNIST/data/48/9_48_28.wav
21461	7	./AudioMNIST/data/36/7_36_17.wav
21462	7	./AudioMNIST/data/59/7_59_36.wav
21463	2	./AudioMNIST/data/08/2_08_32.wav
21464	9	./AudioMNIST/data/58/9_58_31.wav
21465	1	./AudioMNIST/data/05/1_05_24.wav
21466	4	./AudioMNIST/data/39/4_39_2.wav
21467	9	./AudioMNIST/data/35/9_35_30.wav
21468	5	./AudioMNIST/data/46/5_46_11.wav
21469	0	./AudioMNIST/data/13/0_13_46.wav
21470	7	./AudioMNIST/data/37/7_37_27.wav
21471	5	./AudioMNIST/data/27/5_27_38.wav
21472	3	./AudioMNIST/data/60/3_60_33.wav
21473	9	./AudioMNIST/data/54/9_54_12.wav
21474	4	./AudioMNIST/data/56/4_56_17.wav
21475	4	./AudioMNIST/data/09/4_09_29.wav
21476	3	./AudioMNIST/data/04/3_04_45.wav
21477	5	./AudioMNIST/data/49/5_49_47.wav
21478	8	./AudioMNIST/data/52/8_52_1.wav
21479	4	./AudioMNIST/data/52/4_52_35.wav
21480	7	./AudioMNIST/data/43/7_43_30.wav
21481	0	./AudioMNIST/data/53/0_53_0.wav
21482	4	./AudioMNIST/data/31/4_31_34.wav
21483	2	./AudioMNIST/data/13/2_13_24.wav
21484	7	./AudioMNIST/data/53/7_53_41.wav
21485	5	./AudioMNIST/data/38/5_38_3.wav
21486	4	./AudioMNIST/data/28/4_28_14.wav
21487	7	./AudioMNIST/data/23/7_23_48.wav
21488	9	./AudioMNIST/data/09/9_09_26.wav
21489	3	./AudioMNIST/data/24/3_24_10.wav
21490	7	./AudioMNIST/data/26/7_26_13.wav
21491	5	./AudioMNIST/data/03/5_03_39.wav
21492	7	./AudioMNIST/data/57/7_57_7.wav
21493	8	./AudioMNIST/data/30/8_30_11.wav
21494	6	./AudioMNIST/data/34/6_34_47.wav
21495	4	./AudioMNIST/data/06/4_06_11.wav
21496	4	./AudioMNIST/data/36/4_36_0.wav
21497	1	./AudioMNIST/data/31/1_31_22.wav
21498	8	./AudioMNIST/data/07/8_07_9.wav
21499	0	./AudioMNIST/data/12/0_12_16.wav
21500	6	./AudioMNIST/data/51/6_51_2.wav
21501	8	./AudioMNIST/data/44/8_44_18.wav
21502	8	./AudioMNIST/data/16/8_16_13.wav
21503	6	./AudioMNIST/data/43/6_43_4.wav
21504	3	./AudioMNIST/data/14/3_14_49.wav
21505	0	./AudioMNIST/data/19/0_19_21.wav
21506	4	./AudioMNIST/data/29/4_29_16.wav
21507	9	./AudioMNIST/data/54/9_54_8.wav
21508	5	./AudioMNIST/data/15/5_15_24.wav
21509	3	./AudioMNIST/data/20/3_20_39.wav
21510	3	./AudioMNIST/data/48/3_48_28.wav
21511	2	./AudioMNIST/data/55/2_55_18.wav
21512	7	./AudioMNIST/data/45/7_45_13.wav
21513	6	./AudioMNIST/data/37/6_37_48.wav
21514	2	./AudioMNIST/data/49/2_49_4.wav
21515	5	./AudioMNIST/data/16/5_16_42.wav
21516	6	./AudioMNIST/data/32/6_32_7.wav
21517	2	./AudioMNIST/data/27/2_27_26.wav
21518	4	./AudioMNIST/data/15/4_15_29.wav
21519	8	./AudioMNIST/data/36/8_36_39.wav
21520	8	./AudioMNIST/data/60/8_60_4.wav
21521	3	./AudioMNIST/data/55/3_55_20.wav
21522	7	./AudioMNIST/data/10/7_10_3.wav
21523	6	./AudioMNIST/data/04/6_04_34.wav
21524	1	./AudioMNIST/data/31/1_31_44.wav
21525	4	./AudioMNIST/data/35/4_35_27.wav
21526	9	./AudioMNIST/data/13/9_13_29.wav
21527	5	./AudioMNIST/data/29/5_29_44.wav
21528	3	./AudioMNIST/data/20/3_20_40.wav
21529	2	./AudioMNIST/data/51/2_51_9.wav
21530	3	./AudioMNIST/data/19/3_19_25.wav
21531	7	./AudioMNIST/data/42/7_42_13.wav
21532	5	./AudioMNIST/data/16/5_16_0.wav
21533	4	./AudioMNIST/data/47/4_47_35.wav
21534	3	./AudioMNIST/data/06/3_06_18.wav
21535	4	./AudioMNIST/data/19/4_19_36.wav
21536	9	./AudioMNIST/data/55/9_55_38.wav
21537	5	./AudioMNIST/data/42/5_42_49.wav
21538	4	./AudioMNIST/data/28/4_28_27.wav
21539	0	./AudioMNIST/data/18/0_18_18.wav
21540	8	./AudioMNIST/data/54/8_54_45.wav
21541	3	./AudioMNIST/data/20/3_20_22.wav
21542	7	./AudioMNIST/data/17/7_17_14.wav
21543	2	./AudioMNIST/data/44/2_44_9.wav
21544	2	./AudioMNIST/data/26/2_26_25.wav
21545	3	./AudioMNIST/data/30/3_30_27.wav
21546	2	./AudioMNIST/data/18/2_18_20.wav
21547	2	./AudioMNIST/data/49/2_49_16.wav
21548	1	./AudioMNIST/data/51/1_51_7.wav
21549	5	./AudioMNIST/data/50/5_50_2.wav
21550	8	./AudioMNIST/data/02/8_02_42.wav
21551	7	./AudioMNIST/data/60/7_60_47.wav
21552	3	./AudioMNIST/data/43/3_43_44.wav
21553	3	./AudioMNIST/data/03/3_03_30.wav
21554	2	./AudioMNIST/data/41/2_41_48.wav
21555	3	./AudioMNIST/data/38/3_38_8.wav
21556	3	./AudioMNIST/data/34/3_34_23.wav
21557	1	./AudioMNIST/data/46/1_46_20.wav
21558	2	./AudioMNIST/data/11/2_11_10.wav
21559	9	./AudioMNIST/data/45/9_45_46.wav
21560	0	./AudioMNIST/data/07/0_07_35.wav
21561	1	./AudioMNIST/data/29/1_29_6.wav
21562	5	./AudioMNIST/data/43/5_43_32.wav
21563	8	./AudioMNIST/data/59/8_59_43.wav
21564	7	./AudioMNIST/data/51/7_51_16.wav
21565	7	./AudioMNIST/data/35/7_35_1.wav
21566	3	./AudioMNIST/data/06/3_06_32.wav
21567	9	./AudioMNIST/data/44/9_44_39.wav
21568	8	./AudioMNIST/data/39/8_39_43.wav
21569	9	./AudioMNIST/data/26/9_26_13.wav
21570	3	./AudioMNIST/data/06/3_06_43.wav
21571	6	./AudioMNIST/data/16/6_16_41.wav
21572	0	./AudioMNIST/data/60/0_60_30.wav
21573	9	./AudioMNIST/data/22/9_22_33.wav
21574	8	./AudioMNIST/data/56/8_56_19.wav
21575	8	./AudioMNIST/data/06/8_06_17.wav
21576	2	./AudioMNIST/data/21/2_21_23.wav
21577	9	./AudioMNIST/data/08/9_08_13.wav
21578	5	./AudioMNIST/data/04/5_04_33.wav
21579	9	./AudioMNIST/data/48/9_48_10.wav
21580	5	./AudioMNIST/data/60/5_60_14.wav
21581	9	./AudioMNIST/data/26/9_26_27.wav
21582	6	./AudioMNIST/data/60/6_60_25.wav
21583	4	./AudioMNIST/data/24/4_24_22.wav
21584	3	./AudioMNIST/data/28/3_28_49.wav
21585	7	./AudioMNIST/data/33/7_33_3.wav
21586	9	./AudioMNIST/data/54/9_54_29.wav
21587	4	./AudioMNIST/data/18/4_18_1.wav
21588	5	./AudioMNIST/data/10/5_10_14.wav
21589	8	./AudioMNIST/data/32/8_32_12.wav
21590	1	./AudioMNIST/data/47/1_47_42.wav
21591	6	./AudioMNIST/data/16/6_16_30.wav
21592	0	./AudioMNIST/data/55/0_55_9.wav
21593	8	./AudioMNIST/data/24/8_24_27.wav
21594	0	./AudioMNIST/data/54/0_54_46.wav
21595	2	./AudioMNIST/data/37/2_37_27.wav
21596	1	./AudioMNIST/data/48/1_48_16.wav
21597	9	./AudioMNIST/data/21/9_21_14.wav
21598	9	./AudioMNIST/data/16/9_16_44.wav
21599	5	./AudioMNIST/data/32/5_32_6.wav
21600	2	./AudioMNIST/data/15/2_15_44.wav
21601	3	./AudioMNIST/data/15/3_15_47.wav
21602	8	./AudioMNIST/data/30/8_30_21.wav
21603	4	./AudioMNIST/data/36/4_36_44.wav
21604	8	./AudioMNIST/data/09/8_09_8.wav
21605	1	./AudioMNIST/data/20/1_20_38.wav
21606	3	./AudioMNIST/data/18/3_18_42.wav
21607	0	./AudioMNIST/data/26/0_26_8.wav
21608	7	./AudioMNIST/data/49/7_49_10.wav
21609	1	./AudioMNIST/data/59/1_59_29.wav
21610	9	./AudioMNIST/data/24/9_24_28.wav
21611	2	./AudioMNIST/data/15/2_15_35.wav
21612	0	./AudioMNIST/data/18/0_18_33.wav
21613	2	./AudioMNIST/data/58/2_58_1.wav
21614	9	./AudioMNIST/data/58/9_58_28.wav
21615	1	./AudioMNIST/data/28/1_28_21.wav
21616	3	./AudioMNIST/data/46/3_46_36.wav
21617	1	./AudioMNIST/data/37/1_37_4.wav
21618	8	./AudioMNIST/data/56/8_56_11.wav
21619	7	./AudioMNIST/data/02/7_02_23.wav
21620	5	./AudioMNIST/data/09/5_09_33.wav
21621	3	./AudioMNIST/data/20/3_20_45.wav
21622	7	./AudioMNIST/data/23/7_23_9.wav
21623	1	./AudioMNIST/data/07/1_07_4.wav
21624	3	./AudioMNIST/data/31/3_31_1.wav
21625	6	./AudioMNIST/data/11/6_11_5.wav
21626	8	./AudioMNIST/data/18/8_18_35.wav
21627	5	./AudioMNIST/data/05/5_05_36.wav
21628	8	./AudioMNIST/data/40/8_40_28.wav
21629	9	./AudioMNIST/data/35/9_35_1.wav
21630	2	./AudioMNIST/data/01/2_01_25.wav
21631	6	./AudioMNIST/data/25/6_25_14.wav
21632	1	./AudioMNIST/data/16/1_16_6.wav
21633	6	./AudioMNIST/data/01/6_01_15.wav
21634	5	./AudioMNIST/data/29/5_29_35.wav
21635	8	./AudioMNIST/data/43/8_43_16.wav
21636	3	./AudioMNIST/data/36/3_36_28.wav
21637	1	./AudioMNIST/data/12/1_12_39.wav
21638	2	./AudioMNIST/data/41/2_41_7.wav
21639	9	./AudioMNIST/data/13/9_13_13.wav
21640	7	./AudioMNIST/data/15/7_15_45.wav
21641	0	./AudioMNIST/data/01/0_01_25.wav
21642	7	./AudioMNIST/data/59/7_59_9.wav
21643	4	./AudioMNIST/data/39/4_39_24.wav
21644	8	./AudioMNIST/data/12/8_12_35.wav
21645	1	./AudioMNIST/data/03/1_03_6.wav
21646	6	./AudioMNIST/data/32/6_32_9.wav
21647	4	./AudioMNIST/data/08/4_08_16.wav
21648	0	./AudioMNIST/data/37/0_37_28.wav
21649	7	./AudioMNIST/data/02/7_02_12.wav
21650	6	./AudioMNIST/data/39/6_39_48.wav
21651	7	./AudioMNIST/data/58/7_58_44.wav
21652	4	./AudioMNIST/data/54/4_54_39.wav
21653	0	./AudioMNIST/data/36/0_36_11.wav
21654	4	./AudioMNIST/data/07/4_07_11.wav
21655	6	./AudioMNIST/data/22/6_22_0.wav
21656	6	./AudioMNIST/data/37/6_37_26.wav
21657	5	./AudioMNIST/data/18/5_18_44.wav
21658	7	./AudioMNIST/data/60/7_60_46.wav
21659	4	./AudioMNIST/data/18/4_18_8.wav
21660	2	./AudioMNIST/data/33/2_33_11.wav
21661	7	./AudioMNIST/data/51/7_51_15.wav
21662	0	./AudioMNIST/data/43/0_43_42.wav
21663	7	./AudioMNIST/data/02/7_02_8.wav
21664	8	./AudioMNIST/data/20/8_20_30.wav
21665	4	./AudioMNIST/data/43/4_43_40.wav
21666	6	./AudioMNIST/data/31/6_31_14.wav
21667	6	./AudioMNIST/data/04/6_04_15.wav
21668	0	./AudioMNIST/data/50/0_50_13.wav
21669	7	./AudioMNIST/data/03/7_03_4.wav
21670	7	./AudioMNIST/data/54/7_54_38.wav
21671	2	./AudioMNIST/data/13/2_13_9.wav
21672	9	./AudioMNIST/data/31/9_31_34.wav
21673	7	./AudioMNIST/data/19/7_19_6.wav
21674	6	./AudioMNIST/data/07/6_07_16.wav
21675	5	./AudioMNIST/data/03/5_03_19.wav
21676	9	./AudioMNIST/data/35/9_35_35.wav
21677	9	./AudioMNIST/data/39/9_39_12.wav
21678	6	./AudioMNIST/data/25/6_25_37.wav
21679	5	./AudioMNIST/data/06/5_06_47.wav
21680	7	./AudioMNIST/data/53/7_53_46.wav
21681	4	./AudioMNIST/data/16/4_16_27.wav
21682	7	./AudioMNIST/data/48/7_48_24.wav
21683	0	./AudioMNIST/data/19/0_19_15.wav
21684	4	./AudioMNIST/data/18/4_18_46.wav
21685	6	./AudioMNIST/data/20/6_20_38.wav
21686	9	./AudioMNIST/data/32/9_32_6.wav
21687	4	./AudioMNIST/data/18/4_18_14.wav
21688	3	./AudioMNIST/data/25/3_25_43.wav
21689	8	./AudioMNIST/data/01/8_01_23.wav
21690	3	./AudioMNIST/data/31/3_31_27.wav
21691	0	./AudioMNIST/data/04/0_04_0.wav
21692	6	./AudioMNIST/data/07/6_07_46.wav
21693	0	./AudioMNIST/data/43/0_43_26.wav
21694	6	./AudioMNIST/data/08/6_08_10.wav
21695	4	./AudioMNIST/data/60/4_60_17.wav
21696	7	./AudioMNIST/data/23/7_23_15.wav
21697	5	./AudioMNIST/data/55/5_55_8.wav
21698	1	./AudioMNIST/data/11/1_11_5.wav
21699	8	./AudioMNIST/data/01/8_01_15.wav
21700	1	./AudioMNIST/data/48/1_48_19.wav
21701	7	./AudioMNIST/data/16/7_16_6.wav
21702	3	./AudioMNIST/data/28/3_28_4.wav
21703	0	./AudioMNIST/data/38/0_38_13.wav
21704	8	./AudioMNIST/data/38/8_38_47.wav
21705	1	./AudioMNIST/data/46/1_46_43.wav
21706	4	./AudioMNIST/data/10/4_10_0.wav
21707	7	./AudioMNIST/data/43/7_43_12.wav
21708	1	./AudioMNIST/data/49/1_49_43.wav
21709	3	./AudioMNIST/data/56/3_56_9.wav
21710	3	./AudioMNIST/data/36/3_36_40.wav
21711	4	./AudioMNIST/data/16/4_16_43.wav
21712	2	./AudioMNIST/data/18/2_18_49.wav
21713	4	./AudioMNIST/data/47/4_47_1.wav
21714	1	./AudioMNIST/data/43/1_43_26.wav
21715	5	./AudioMNIST/data/15/5_15_1.wav
21716	2	./AudioMNIST/data/01/2_01_32.wav
21717	0	./AudioMNIST/data/38/0_38_3.wav
21718	1	./AudioMNIST/data/35/1_35_45.wav
21719	8	./AudioMNIST/data/39/8_39_38.wav
21720	8	./AudioMNIST/data/45/8_45_12.wav
21721	3	./AudioMNIST/data/21/3_21_7.wav
21722	5	./AudioMNIST/data/15/5_15_14.wav
21723	3	./AudioMNIST/data/40/3_40_45.wav
21724	5	./AudioMNIST/data/56/5_56_10.wav
21725	6	./AudioMNIST/data/01/6_01_28.wav
21726	5	./AudioMNIST/data/02/5_02_18.wav
21727	3	./AudioMNIST/data/41/3_41_18.wav
21728	4	./AudioMNIST/data/02/4_02_3.wav
21729	5	./AudioMNIST/data/50/5_50_49.wav
21730	6	./AudioMNIST/data/39/6_39_2.wav
21731	4	./AudioMNIST/data/02/4_02_46.wav
21732	2	./AudioMNIST/data/45/2_45_38.wav
21733	9	./AudioMNIST/data/45/9_45_40.wav
21734	2	./AudioMNIST/data/34/2_34_5.wav
21735	9	./AudioMNIST/data/55/9_55_46.wav
21736	8	./AudioMNIST/data/17/8_17_32.wav
21737	9	./AudioMNIST/data/56/9_56_34.wav
21738	9	./AudioMNIST/data/53/9_53_32.wav
21739	9	./AudioMNIST/data/15/9_15_22.wav
21740	6	./AudioMNIST/data/60/6_60_23.wav
21741	9	./AudioMNIST/data/14/9_14_10.wav
21742	4	./AudioMNIST/data/44/4_44_43.wav
21743	4	./AudioMNIST/data/26/4_26_30.wav
21744	1	./AudioMNIST/data/49/1_49_34.wav
21745	6	./AudioMNIST/data/04/6_04_22.wav
21746	9	./AudioMNIST/data/46/9_46_40.wav
21747	9	./AudioMNIST/data/25/9_25_47.wav
21748	7	./AudioMNIST/data/53/7_53_17.wav
21749	5	./AudioMNIST/data/23/5_23_18.wav
21750	9	./AudioMNIST/data/50/9_50_4.wav
21751	7	./AudioMNIST/data/43/7_43_14.wav
21752	7	./AudioMNIST/data/29/7_29_26.wav
21753	4	./AudioMNIST/data/43/4_43_38.wav
21754	7	./AudioMNIST/data/02/7_02_21.wav
21755	4	./AudioMNIST/data/41/4_41_29.wav
21756	2	./AudioMNIST/data/11/2_11_16.wav
21757	6	./AudioMNIST/data/05/6_05_32.wav
21758	6	./AudioMNIST/data/17/6_17_14.wav
21759	2	./AudioMNIST/data/51/2_51_27.wav
21760	0	./AudioMNIST/data/34/0_34_22.wav
21761	8	./AudioMNIST/data/60/8_60_21.wav
21762	2	./AudioMNIST/data/22/2_22_11.wav
21763	5	./AudioMNIST/data/56/5_56_20.wav
21764	7	./AudioMNIST/data/42/7_42_4.wav
21765	1	./AudioMNIST/data/23/1_23_39.wav
21766	7	./AudioMNIST/data/48/7_48_32.wav
21767	4	./AudioMNIST/data/19/4_19_12.wav
21768	8	./AudioMNIST/data/06/8_06_32.wav
21769	8	./AudioMNIST/data/36/8_36_28.wav
21770	5	./AudioMNIST/data/03/5_03_28.wav
21771	6	./AudioMNIST/data/59/6_59_30.wav
21772	2	./AudioMNIST/data/30/2_30_4.wav
21773	7	./AudioMNIST/data/15/7_15_4.wav
21774	6	./AudioMNIST/data/09/6_09_26.wav
21775	7	./AudioMNIST/data/20/7_20_22.wav
21776	1	./AudioMNIST/data/01/1_01_42.wav
21777	1	./AudioMNIST/data/58/1_58_13.wav
21778	1	./AudioMNIST/data/13/1_13_29.wav
21779	3	./AudioMNIST/data/01/3_01_45.wav
21780	7	./AudioMNIST/data/09/7_09_48.wav
21781	5	./AudioMNIST/data/23/5_23_1.wav
21782	0	./AudioMNIST/data/21/0_21_19.wav
21783	0	./AudioMNIST/data/46/0_46_14.wav
21784	5	./AudioMNIST/data/41/5_41_40.wav
21785	4	./AudioMNIST/data/57/4_57_21.wav
21786	0	./AudioMNIST/data/14/0_14_26.wav
21787	6	./AudioMNIST/data/41/6_41_16.wav
21788	3	./AudioMNIST/data/48/3_48_44.wav
21789	2	./AudioMNIST/data/43/2_43_39.wav
21790	9	./AudioMNIST/data/46/9_46_34.wav
21791	8	./AudioMNIST/data/59/8_59_39.wav
21792	2	./AudioMNIST/data/53/2_53_0.wav
21793	2	./AudioMNIST/data/27/2_27_35.wav
21794	3	./AudioMNIST/data/56/3_56_37.wav
21795	4	./AudioMNIST/data/07/4_07_44.wav
21796	7	./AudioMNIST/data/19/7_19_32.wav
21797	6	./AudioMNIST/data/11/6_11_43.wav
21798	7	./AudioMNIST/data/32/7_32_33.wav
21799	7	./AudioMNIST/data/58/7_58_9.wav
21800	9	./AudioMNIST/data/37/9_37_2.wav
21801	2	./AudioMNIST/data/44/2_44_41.wav
21802	8	./AudioMNIST/data/34/8_34_9.wav
21803	8	./AudioMNIST/data/40/8_40_26.wav
21804	8	./AudioMNIST/data/42/8_42_3.wav
21805	3	./AudioMNIST/data/10/3_10_41.wav
21806	7	./AudioMNIST/data/08/7_08_46.wav
21807	9	./AudioMNIST/data/29/9_29_1.wav
21808	1	./AudioMNIST/data/44/1_44_45.wav
21809	5	./AudioMNIST/data/24/5_24_45.wav
21810	6	./AudioMNIST/data/18/6_18_26.wav
21811	1	./AudioMNIST/data/20/1_20_23.wav
21812	1	./AudioMNIST/data/12/1_12_18.wav
21813	2	./AudioMNIST/data/18/2_18_22.wav
21814	4	./AudioMNIST/data/08/4_08_15.wav
21815	2	./AudioMNIST/data/12/2_12_36.wav
21816	4	./AudioMNIST/data/21/4_21_45.wav
21817	6	./AudioMNIST/data/06/6_06_45.wav
21818	6	./AudioMNIST/data/35/6_35_27.wav
21819	4	./AudioMNIST/data/36/4_36_12.wav
21820	9	./AudioMNIST/data/51/9_51_22.wav
21821	1	./AudioMNIST/data/26/1_26_46.wav
21822	7	./AudioMNIST/data/18/7_18_34.wav
21823	8	./AudioMNIST/data/50/8_50_30.wav
21824	8	./AudioMNIST/data/56/8_56_39.wav
21825	8	./AudioMNIST/data/55/8_55_1.wav
21826	1	./AudioMNIST/data/33/1_33_29.wav
21827	6	./AudioMNIST/data/60/6_60_40.wav
21828	0	./AudioMNIST/data/17/0_17_20.wav
21829	1	./AudioMNIST/data/20/1_20_0.wav
21830	2	./AudioMNIST/data/42/2_42_43.wav
21831	4	./AudioMNIST/data/05/4_05_4.wav
21832	5	./AudioMNIST/data/46/5_46_30.wav
21833	3	./AudioMNIST/data/32/3_32_31.wav
21834	5	./AudioMNIST/data/22/5_22_14.wav
21835	5	./AudioMNIST/data/03/5_03_21.wav
21836	8	./AudioMNIST/data/39/8_39_20.wav
21837	8	./AudioMNIST/data/33/8_33_11.wav
21838	4	./AudioMNIST/data/39/4_39_4.wav
21839	4	./AudioMNIST/data/10/4_10_30.wav
21840	9	./AudioMNIST/data/50/9_50_19.wav
21841	0	./AudioMNIST/data/08/0_08_46.wav
21842	2	./AudioMNIST/data/11/2_11_3.wav
21843	3	./AudioMNIST/data/58/3_58_19.wav
21844	4	./AudioMNIST/data/39/4_39_22.wav
21845	6	./AudioMNIST/data/22/6_22_12.wav
21846	0	./AudioMNIST/data/34/0_34_47.wav
21847	7	./AudioMNIST/data/17/7_17_44.wav
21848	9	./AudioMNIST/data/42/9_42_3.wav
21849	6	./AudioMNIST/data/49/6_49_2.wav
21850	4	./AudioMNIST/data/55/4_55_48.wav
21851	3	./AudioMNIST/data/51/3_51_22.wav
21852	1	./AudioMNIST/data/12/1_12_15.wav
21853	1	./AudioMNIST/data/40/1_40_23.wav
21854	8	./AudioMNIST/data/39/8_39_35.wav
21855	3	./AudioMNIST/data/41/3_41_29.wav
21856	1	./AudioMNIST/data/07/1_07_37.wav
21857	8	./AudioMNIST/data/33/8_33_40.wav
21858	7	./AudioMNIST/data/17/7_17_21.wav
21859	8	./AudioMNIST/data/51/8_51_30.wav
21860	3	./AudioMNIST/data/25/3_25_13.wav
21861	9	./AudioMNIST/data/12/9_12_19.wav
21862	9	./AudioMNIST/data/50/9_50_24.wav
21863	8	./AudioMNIST/data/33/8_33_0.wav
21864	5	./AudioMNIST/data/17/5_17_46.wav
21865	1	./AudioMNIST/data/29/1_29_38.wav
21866	9	./AudioMNIST/data/43/9_43_14.wav
21867	9	./AudioMNIST/data/21/9_21_10.wav
21868	0	./AudioMNIST/data/11/0_11_49.wav
21869	7	./AudioMNIST/data/47/7_47_33.wav
21870	7	./AudioMNIST/data/30/7_30_3.wav
21871	9	./AudioMNIST/data/27/9_27_8.wav
21872	2	./AudioMNIST/data/47/2_47_27.wav
21873	9	./AudioMNIST/data/07/9_07_12.wav
21874	5	./AudioMNIST/data/14/5_14_40.wav
21875	7	./AudioMNIST/data/09/7_09_41.wav
21876	4	./AudioMNIST/data/19/4_19_49.wav
21877	5	./AudioMNIST/data/37/5_37_15.wav
21878	9	./AudioMNIST/data/19/9_19_11.wav
21879	0	./AudioMNIST/data/53/0_53_43.wav
21880	8	./AudioMNIST/data/13/8_13_41.wav
21881	6	./AudioMNIST/data/23/6_23_12.wav
21882	1	./AudioMNIST/data/23/1_23_22.wav
21883	2	./AudioMNIST/data/18/2_18_25.wav
21884	2	./AudioMNIST/data/36/2_36_21.wav
21885	6	./AudioMNIST/data/27/6_27_33.wav
21886	4	./AudioMNIST/data/09/4_09_5.wav
21887	0	./AudioMNIST/data/58/0_58_45.wav
21888	2	./AudioMNIST/data/39/2_39_26.wav
21889	0	./AudioMNIST/data/50/0_50_45.wav
21890	4	./AudioMNIST/data/45/4_45_14.wav
21891	8	./AudioMNIST/data/37/8_37_17.wav
21892	2	./AudioMNIST/data/03/2_03_2.wav
21893	1	./AudioMNIST/data/18/1_18_42.wav
21894	9	./AudioMNIST/data/29/9_29_21.wav
21895	9	./AudioMNIST/data/43/9_43_47.wav
21896	3	./AudioMNIST/data/01/3_01_42.wav
21897	3	./AudioMNIST/data/08/3_08_36.wav
21898	5	./AudioMNIST/data/47/5_47_38.wav
21899	2	./AudioMNIST/data/47/2_47_36.wav
21900	3	./AudioMNIST/data/46/3_46_45.wav
21901	1	./AudioMNIST/data/47/1_47_17.wav
21902	5	./AudioMNIST/data/57/5_57_32.wav
21903	5	./AudioMNIST/data/30/5_30_48.wav
21904	1	./AudioMNIST/data/36/1_36_49.wav
21905	4	./AudioMNIST/data/14/4_14_42.wav
21906	2	./AudioMNIST/data/53/2_53_39.wav
21907	8	./AudioMNIST/data/31/8_31_14.wav
21908	5	./AudioMNIST/data/35/5_35_30.wav
21909	8	./AudioMNIST/data/33/8_33_33.wav
21910	1	./AudioMNIST/data/50/1_50_4.wav
21911	5	./AudioMNIST/data/55/5_55_49.wav
21912	4	./AudioMNIST/data/42/4_42_35.wav
21913	0	./AudioMNIST/data/44/0_44_32.wav
21914	2	./AudioMNIST/data/42/2_42_1.wav
21915	2	./AudioMNIST/data/36/2_36_12.wav
21916	6	./AudioMNIST/data/41/6_41_3.wav
21917	3	./AudioMNIST/data/32/3_32_43.wav
21918	4	./AudioMNIST/data/05/4_05_9.wav
21919	6	./AudioMNIST/data/56/6_56_2.wav
21920	1	./AudioMNIST/data/56/1_56_14.wav
21921	8	./AudioMNIST/data/27/8_27_32.wav
21922	8	./AudioMNIST/data/50/8_50_48.wav
21923	1	./AudioMNIST/data/46/1_46_9.wav
21924	1	./AudioMNIST/data/32/1_32_22.wav
21925	6	./AudioMNIST/data/59/6_59_19.wav
21926	7	./AudioMNIST/data/03/7_03_22.wav
21927	8	./AudioMNIST/data/40/8_40_39.wav
21928	6	./AudioMNIST/data/29/6_29_21.wav
21929	5	./AudioMNIST/data/52/5_52_41.wav
21930	6	./AudioMNIST/data/02/6_02_14.wav
21931	9	./AudioMNIST/data/45/9_45_36.wav
21932	4	./AudioMNIST/data/29/4_29_31.wav
21933	1	./AudioMNIST/data/13/1_13_47.wav
21934	2	./AudioMNIST/data/41/2_41_29.wav
21935	8	./AudioMNIST/data/38/8_38_19.wav
21936	1	./AudioMNIST/data/51/1_51_46.wav
21937	4	./AudioMNIST/data/32/4_32_40.wav
21938	5	./AudioMNIST/data/55/5_55_18.wav
21939	9	./AudioMNIST/data/15/9_15_28.wav
21940	9	./AudioMNIST/data/35/9_35_27.wav
21941	5	./AudioMNIST/data/47/5_47_18.wav
21942	5	./AudioMNIST/data/38/5_38_27.wav
21943	8	./AudioMNIST/data/03/8_03_8.wav
21944	3	./AudioMNIST/data/03/3_03_34.wav
21945	2	./AudioMNIST/data/30/2_30_43.wav
21946	5	./AudioMNIST/data/30/5_30_35.wav
21947	5	./AudioMNIST/data/27/5_27_21.wav
21948	7	./AudioMNIST/data/20/7_20_6.wav
21949	1	./AudioMNIST/data/25/1_25_38.wav
21950	5	./AudioMNIST/data/15/5_15_2.wav
21951	3	./AudioMNIST/data/32/3_32_4.wav
21952	7	./AudioMNIST/data/50/7_50_0.wav
21953	7	./AudioMNIST/data/32/7_32_7.wav
21954	3	./AudioMNIST/data/57/3_57_10.wav
21955	3	./AudioMNIST/data/60/3_60_11.wav
21956	3	./AudioMNIST/data/53/3_53_27.wav
21957	4	./AudioMNIST/data/01/4_01_38.wav
21958	9	./AudioMNIST/data/23/9_23_35.wav
21959	3	./AudioMNIST/data/29/3_29_18.wav
21960	9	./AudioMNIST/data/36/9_36_12.wav
21961	8	./AudioMNIST/data/07/8_07_27.wav
21962	6	./AudioMNIST/data/30/6_30_43.wav
21963	0	./AudioMNIST/data/54/0_54_39.wav
21964	9	./AudioMNIST/data/18/9_18_4.wav
21965	8	./AudioMNIST/data/39/8_39_37.wav
21966	6	./AudioMNIST/data/48/6_48_9.wav
21967	6	./AudioMNIST/data/57/6_57_2.wav
21968	9	./AudioMNIST/data/07/9_07_11.wav
21969	0	./AudioMNIST/data/45/0_45_23.wav
21970	6	./AudioMNIST/data/03/6_03_6.wav
21971	0	./AudioMNIST/data/41/0_41_4.wav
21972	2	./AudioMNIST/data/12/2_12_6.wav
21973	5	./AudioMNIST/data/01/5_01_34.wav
21974	7	./AudioMNIST/data/51/7_51_27.wav
21975	0	./AudioMNIST/data/29/0_29_14.wav
21976	0	./AudioMNIST/data/32/0_32_3.wav
21977	9	./AudioMNIST/data/12/9_12_47.wav
21978	3	./AudioMNIST/data/28/3_28_32.wav
21979	0	./AudioMNIST/data/05/0_05_47.wav
21980	7	./AudioMNIST/data/38/7_38_40.wav
21981	7	./AudioMNIST/data/19/7_19_16.wav
21982	2	./AudioMNIST/data/27/2_27_15.wav
21983	9	./AudioMNIST/data/08/9_08_5.wav
21984	5	./AudioMNIST/data/24/5_24_49.wav
21985	8	./AudioMNIST/data/40/8_40_8.wav
21986	9	./AudioMNIST/data/02/9_02_12.wav
21987	2	./AudioMNIST/data/09/2_09_19.wav
21988	9	./AudioMNIST/data/11/9_11_44.wav
21989	0	./AudioMNIST/data/04/0_04_21.wav
21990	9	./AudioMNIST/data/60/9_60_47.wav
21991	7	./AudioMNIST/data/14/7_14_24.wav
21992	2	./AudioMNIST/data/49/2_49_36.wav
21993	4	./AudioMNIST/data/53/4_53_11.wav
21994	0	./AudioMNIST/data/07/0_07_44.wav
21995	7	./AudioMNIST/data/36/7_36_30.wav
21996	6	./AudioMNIST/data/60/6_60_11.wav
21997	8	./AudioMNIST/data/11/8_11_46.wav
21998	9	./AudioMNIST/data/53/9_53_39.wav
21999	8	./AudioMNIST/data/35/8_35_49.wav
22000	1	./AudioMNIST/data/50/1_50_3.wav
22001	6	./AudioMNIST/data/46/6_46_0.wav
22002	0	./AudioMNIST/data/58/0_58_48.wav
22003	4	./AudioMNIST/data/31/4_31_13.wav
22004	7	./AudioMNIST/data/29/7_29_16.wav
22005	5	./AudioMNIST/data/01/5_01_33.wav
22006	8	./AudioMNIST/data/25/8_25_42.wav
22007	3	./AudioMNIST/data/26/3_26_10.wav
22008	2	./AudioMNIST/data/02/2_02_13.wav
22009	5	./AudioMNIST/data/20/5_20_32.wav
22010	2	./AudioMNIST/data/39/2_39_1.wav
22011	6	./AudioMNIST/data/03/6_03_47.wav
22012	1	./AudioMNIST/data/14/1_14_17.wav
22013	1	./AudioMNIST/data/44/1_44_42.wav
22014	9	./AudioMNIST/data/30/9_30_24.wav
22015	0	./AudioMNIST/data/19/0_19_27.wav
22016	8	./AudioMNIST/data/15/8_15_2.wav
22017	3	./AudioMNIST/data/52/3_52_35.wav
22018	4	./AudioMNIST/data/55/4_55_7.wav
22019	3	./AudioMNIST/data/30/3_30_8.wav
22020	1	./AudioMNIST/data/17/1_17_37.wav
22021	4	./AudioMNIST/data/41/4_41_15.wav
22022	4	./AudioMNIST/data/21/4_21_0.wav
22023	5	./AudioMNIST/data/45/5_45_29.wav
22024	9	./AudioMNIST/data/57/9_57_27.wav
22025	8	./AudioMNIST/data/19/8_19_37.wav
22026	3	./AudioMNIST/data/09/3_09_10.wav
22027	2	./AudioMNIST/data/46/2_46_37.wav
22028	3	./AudioMNIST/data/09/3_09_12.wav
22029	8	./AudioMNIST/data/42/8_42_48.wav
22030	6	./AudioMNIST/data/01/6_01_47.wav
22031	2	./AudioMNIST/data/19/2_19_35.wav
22032	7	./AudioMNIST/data/02/7_02_46.wav
22033	3	./AudioMNIST/data/38/3_38_40.wav
22034	0	./AudioMNIST/data/25/0_25_0.wav
22035	7	./AudioMNIST/data/47/7_47_46.wav
22036	4	./AudioMNIST/data/36/4_36_41.wav
22037	6	./AudioMNIST/data/11/6_11_8.wav
22038	6	./AudioMNIST/data/46/6_46_38.wav
22039	8	./AudioMNIST/data/17/8_17_27.wav
22040	9	./AudioMNIST/data/26/9_26_31.wav
22041	9	./AudioMNIST/data/16/9_16_34.wav
22042	0	./AudioMNIST/data/01/0_01_46.wav
22043	7	./AudioMNIST/data/46/7_46_45.wav
22044	0	./AudioMNIST/data/46/0_46_17.wav
22045	2	./AudioMNIST/data/33/2_33_24.wav
22046	9	./AudioMNIST/data/21/9_21_32.wav
22047	2	./AudioMNIST/data/49/2_49_37.wav
22048	5	./AudioMNIST/data/39/5_39_29.wav
22049	9	./AudioMNIST/data/24/9_24_0.wav
22050	2	./AudioMNIST/data/51/2_51_31.wav
22051	8	./AudioMNIST/data/56/8_56_0.wav
22052	8	./AudioMNIST/data/24/8_24_41.wav
22053	2	./AudioMNIST/data/52/2_52_22.wav
22054	0	./AudioMNIST/data/46/0_46_0.wav
22055	0	./AudioMNIST/data/34/0_34_14.wav
22056	6	./AudioMNIST/data/03/6_03_40.wav
22057	1	./AudioMNIST/data/29/1_29_32.wav
22058	9	./AudioMNIST/data/40/9_40_34.wav
22059	0	./AudioMNIST/data/08/0_08_31.wav
22060	6	./AudioMNIST/data/58/6_58_30.wav
22061	9	./AudioMNIST/data/53/9_53_24.wav
22062	8	./AudioMNIST/data/44/8_44_48.wav
22063	8	./AudioMNIST/data/14/8_14_38.wav
22064	6	./AudioMNIST/data/40/6_40_27.wav
22065	7	./AudioMNIST/data/59/7_59_5.wav
22066	3	./AudioMNIST/data/18/3_18_38.wav
22067	9	./AudioMNIST/data/40/9_40_39.wav
22068	9	./AudioMNIST/data/55/9_55_27.wav
22069	0	./AudioMNIST/data/55/0_55_32.wav
22070	5	./AudioMNIST/data/10/5_10_39.wav
22071	7	./AudioMNIST/data/09/7_09_21.wav
22072	6	./AudioMNIST/data/15/6_15_7.wav
22073	1	./AudioMNIST/data/41/1_41_40.wav
22074	2	./AudioMNIST/data/22/2_22_49.wav
22075	7	./AudioMNIST/data/46/7_46_25.wav
22076	6	./AudioMNIST/data/42/6_42_46.wav
22077	1	./AudioMNIST/data/40/1_40_0.wav
22078	6	./AudioMNIST/data/26/6_26_10.wav
22079	0	./AudioMNIST/data/29/0_29_28.wav
22080	5	./AudioMNIST/data/52/5_52_13.wav
22081	3	./AudioMNIST/data/04/3_04_31.wav
22082	3	./AudioMNIST/data/49/3_49_30.wav
22083	2	./AudioMNIST/data/51/2_51_18.wav
22084	7	./AudioMNIST/data/29/7_29_47.wav
22085	5	./AudioMNIST/data/44/5_44_32.wav
22086	9	./AudioMNIST/data/17/9_17_3.wav
22087	1	./AudioMNIST/data/55/1_55_43.wav
22088	2	./AudioMNIST/data/03/2_03_3.wav
22089	3	./AudioMNIST/data/33/3_33_23.wav
22090	4	./AudioMNIST/data/31/4_31_43.wav
22091	7	./AudioMNIST/data/30/7_30_14.wav
22092	1	./AudioMNIST/data/55/1_55_22.wav
22093	8	./AudioMNIST/data/23/8_23_13.wav
22094	6	./AudioMNIST/data/50/6_50_8.wav
22095	7	./AudioMNIST/data/42/7_42_34.wav
22096	9	./AudioMNIST/data/39/9_39_17.wav
22097	9	./AudioMNIST/data/20/9_20_10.wav
22098	7	./AudioMNIST/data/43/7_43_5.wav
22099	5	./AudioMNIST/data/22/5_22_11.wav
22100	4	./AudioMNIST/data/29/4_29_1.wav
22101	1	./AudioMNIST/data/13/1_13_8.wav
22102	5	./AudioMNIST/data/57/5_57_14.wav
22103	2	./AudioMNIST/data/02/2_02_36.wav
22104	3	./AudioMNIST/data/17/3_17_24.wav
22105	5	./AudioMNIST/data/21/5_21_5.wav
22106	2	./AudioMNIST/data/33/2_33_12.wav
22107	6	./AudioMNIST/data/04/6_04_5.wav
22108	6	./AudioMNIST/data/38/6_38_28.wav
22109	9	./AudioMNIST/data/22/9_22_25.wav
22110	9	./AudioMNIST/data/14/9_14_44.wav
22111	6	./AudioMNIST/data/11/6_11_6.wav
22112	9	./AudioMNIST/data/38/9_38_19.wav
22113	7	./AudioMNIST/data/38/7_38_6.wav
22114	3	./AudioMNIST/data/30/3_30_21.wav
22115	9	./AudioMNIST/data/09/9_09_43.wav
22116	9	./AudioMNIST/data/33/9_33_23.wav
22117	0	./AudioMNIST/data/16/0_16_36.wav
22118	5	./AudioMNIST/data/32/5_32_16.wav
22119	0	./AudioMNIST/data/09/0_09_46.wav
22120	0	./AudioMNIST/data/09/0_09_0.wav
22121	9	./AudioMNIST/data/25/9_25_23.wav
22122	4	./AudioMNIST/data/01/4_01_16.wav
22123	2	./AudioMNIST/data/24/2_24_24.wav
22124	5	./AudioMNIST/data/57/5_57_46.wav
22125	9	./AudioMNIST/data/16/9_16_5.wav
22126	0	./AudioMNIST/data/20/0_20_32.wav
22127	2	./AudioMNIST/data/14/2_14_11.wav
22128	7	./AudioMNIST/data/02/7_02_42.wav
22129	3	./AudioMNIST/data/10/3_10_17.wav
22130	2	./AudioMNIST/data/41/2_41_16.wav
22131	6	./AudioMNIST/data/51/6_51_13.wav
22132	7	./AudioMNIST/data/08/7_08_3.wav
22133	5	./AudioMNIST/data/55/5_55_36.wav
22134	1	./AudioMNIST/data/24/1_24_22.wav
22135	6	./AudioMNIST/data/16/6_16_47.wav
22136	1	./AudioMNIST/data/56/1_56_17.wav
22137	4	./AudioMNIST/data/40/4_40_35.wav
22138	0	./AudioMNIST/data/41/0_41_45.wav
22139	5	./AudioMNIST/data/20/5_20_15.wav
22140	9	./AudioMNIST/data/31/9_31_37.wav
22141	2	./AudioMNIST/data/44/2_44_27.wav
22142	7	./AudioMNIST/data/47/7_47_28.wav
22143	2	./AudioMNIST/data/26/2_26_28.wav
22144	8	./AudioMNIST/data/02/8_02_44.wav
22145	3	./AudioMNIST/data/56/3_56_48.wav
22146	2	./AudioMNIST/data/05/2_05_35.wav
22147	1	./AudioMNIST/data/26/1_26_33.wav
22148	7	./AudioMNIST/data/16/7_16_42.wav
22149	3	./AudioMNIST/data/55/3_55_35.wav
22150	5	./AudioMNIST/data/56/5_56_33.wav
22151	3	./AudioMNIST/data/59/3_59_41.wav
22152	4	./AudioMNIST/data/52/4_52_33.wav
22153	2	./AudioMNIST/data/56/2_56_39.wav
22154	7	./AudioMNIST/data/39/7_39_17.wav
22155	2	./AudioMNIST/data/06/2_06_16.wav
22156	6	./AudioMNIST/data/21/6_21_9.wav
22157	6	./AudioMNIST/data/21/6_21_2.wav
22158	7	./AudioMNIST/data/11/7_11_14.wav
22159	4	./AudioMNIST/data/22/4_22_1.wav
22160	2	./AudioMNIST/data/51/2_51_48.wav
22161	5	./AudioMNIST/data/09/5_09_21.wav
22162	9	./AudioMNIST/data/26/9_26_14.wav
22163	0	./AudioMNIST/data/08/0_08_1.wav
22164	7	./AudioMNIST/data/45/7_45_31.wav
22165	0	./AudioMNIST/data/52/0_52_29.wav
22166	5	./AudioMNIST/data/51/5_51_17.wav
22167	6	./AudioMNIST/data/50/6_50_25.wav
22168	6	./AudioMNIST/data/55/6_55_16.wav
22169	3	./AudioMNIST/data/37/3_37_6.wav
22170	3	./AudioMNIST/data/35/3_35_27.wav
22171	6	./AudioMNIST/data/29/6_29_35.wav
22172	4	./AudioMNIST/data/57/4_57_4.wav
22173	5	./AudioMNIST/data/27/5_27_13.wav
22174	6	./AudioMNIST/data/07/6_07_7.wav
22175	5	./AudioMNIST/data/23/5_23_15.wav
22176	3	./AudioMNIST/data/51/3_51_2.wav
22177	3	./AudioMNIST/data/36/3_36_13.wav
22178	3	./AudioMNIST/data/29/3_29_17.wav
22179	2	./AudioMNIST/data/20/2_20_21.wav
22180	1	./AudioMNIST/data/02/1_02_49.wav
22181	9	./AudioMNIST/data/33/9_33_17.wav
22182	8	./AudioMNIST/data/31/8_31_34.wav
22183	6	./AudioMNIST/data/20/6_20_35.wav
22184	3	./AudioMNIST/data/51/3_51_0.wav
22185	2	./AudioMNIST/data/16/2_16_20.wav
22186	6	./AudioMNIST/data/14/6_14_18.wav
22187	8	./AudioMNIST/data/16/8_16_44.wav
22188	2	./AudioMNIST/data/55/2_55_48.wav
22189	6	./AudioMNIST/data/23/6_23_6.wav
22190	3	./AudioMNIST/data/52/3_52_42.wav
22191	5	./AudioMNIST/data/33/5_33_41.wav
22192	8	./AudioMNIST/data/13/8_13_44.wav
22193	7	./AudioMNIST/data/10/7_10_28.wav
22194	9	./AudioMNIST/data/16/9_16_15.wav
22195	7	./AudioMNIST/data/46/7_46_19.wav
22196	1	./AudioMNIST/data/56/1_56_30.wav
22197	4	./AudioMNIST/data/03/4_03_32.wav
22198	5	./AudioMNIST/data/39/5_39_39.wav
22199	6	./AudioMNIST/data/10/6_10_34.wav
22200	4	./AudioMNIST/data/13/4_13_39.wav
22201	9	./AudioMNIST/data/44/9_44_6.wav
22202	6	./AudioMNIST/data/44/6_44_31.wav
22203	9	./AudioMNIST/data/50/9_50_26.wav
22204	5	./AudioMNIST/data/22/5_22_18.wav
22205	6	./AudioMNIST/data/42/6_42_16.wav
22206	6	./AudioMNIST/data/07/6_07_41.wav
22207	3	./AudioMNIST/data/44/3_44_2.wav
22208	2	./AudioMNIST/data/47/2_47_4.wav
22209	3	./AudioMNIST/data/15/3_15_10.wav
22210	2	./AudioMNIST/data/17/2_17_2.wav
22211	9	./AudioMNIST/data/15/9_15_5.wav
22212	7	./AudioMNIST/data/46/7_46_2.wav
22213	0	./AudioMNIST/data/20/0_20_37.wav
22214	5	./AudioMNIST/data/31/5_31_16.wav
22215	2	./AudioMNIST/data/55/2_55_13.wav
22216	6	./AudioMNIST/data/25/6_25_9.wav
22217	8	./AudioMNIST/data/46/8_46_3.wav
22218	6	./AudioMNIST/data/04/6_04_30.wav
22219	1	./AudioMNIST/data/38/1_38_13.wav
22220	7	./AudioMNIST/data/38/7_38_25.wav
22221	2	./AudioMNIST/data/43/2_43_34.wav
22222	3	./AudioMNIST/data/14/3_14_7.wav
22223	5	./AudioMNIST/data/06/5_06_37.wav
22224	1	./AudioMNIST/data/01/1_01_21.wav
22225	7	./AudioMNIST/data/35/7_35_32.wav
22226	8	./AudioMNIST/data/21/8_21_38.wav
22227	0	./AudioMNIST/data/58/0_58_21.wav
22228	3	./AudioMNIST/data/27/3_27_14.wav
22229	2	./AudioMNIST/data/10/2_10_20.wav
22230	3	./AudioMNIST/data/02/3_02_31.wav
22231	0	./AudioMNIST/data/34/0_34_2.wav
22232	1	./AudioMNIST/data/06/1_06_49.wav
22233	2	./AudioMNIST/data/21/2_21_49.wav
22234	5	./AudioMNIST/data/49/5_49_3.wav
22235	0	./AudioMNIST/data/18/0_18_14.wav
22236	3	./AudioMNIST/data/57/3_57_39.wav
22237	3	./AudioMNIST/data/07/3_07_39.wav
22238	0	./AudioMNIST/data/58/0_58_40.wav
22239	7	./AudioMNIST/data/14/7_14_14.wav
22240	8	./AudioMNIST/data/23/8_23_43.wav
22241	1	./AudioMNIST/data/30/1_30_19.wav
22242	5	./AudioMNIST/data/17/5_17_0.wav
22243	4	./AudioMNIST/data/31/4_31_47.wav
22244	7	./AudioMNIST/data/15/7_15_10.wav
22245	8	./AudioMNIST/data/18/8_18_32.wav
22246	8	./AudioMNIST/data/06/8_06_4.wav
22247	1	./AudioMNIST/data/52/1_52_41.wav
22248	7	./AudioMNIST/data/53/7_53_47.wav
22249	5	./AudioMNIST/data/32/5_32_38.wav
22250	2	./AudioMNIST/data/23/2_23_0.wav
22251	6	./AudioMNIST/data/10/6_10_33.wav
22252	8	./AudioMNIST/data/17/8_17_35.wav
22253	7	./AudioMNIST/data/10/7_10_13.wav
22254	1	./AudioMNIST/data/28/1_28_5.wav
22255	8	./AudioMNIST/data/36/8_36_49.wav
22256	5	./AudioMNIST/data/15/5_15_12.wav
22257	4	./AudioMNIST/data/38/4_38_33.wav
22258	8	./AudioMNIST/data/39/8_39_27.wav
22259	7	./AudioMNIST/data/42/7_42_47.wav
22260	6	./AudioMNIST/data/06/6_06_13.wav
22261	5	./AudioMNIST/data/54/5_54_27.wav
22262	8	./AudioMNIST/data/14/8_14_42.wav
22263	3	./AudioMNIST/data/26/3_26_27.wav
22264	8	./AudioMNIST/data/08/8_08_15.wav
22265	2	./AudioMNIST/data/22/2_22_46.wav
22266	9	./AudioMNIST/data/23/9_23_47.wav
22267	8	./AudioMNIST/data/31/8_31_47.wav
22268	9	./AudioMNIST/data/37/9_37_17.wav
22269	4	./AudioMNIST/data/18/4_18_16.wav
22270	9	./AudioMNIST/data/13/9_13_6.wav
22271	2	./AudioMNIST/data/42/2_42_18.wav
22272	4	./AudioMNIST/data/32/4_32_13.wav
22273	7	./AudioMNIST/data/28/7_28_20.wav
22274	4	./AudioMNIST/data/13/4_13_32.wav
22275	7	./AudioMNIST/data/12/7_12_12.wav
22276	7	./AudioMNIST/data/19/7_19_38.wav
22277	5	./AudioMNIST/data/54/5_54_38.wav
22278	6	./AudioMNIST/data/38/6_38_20.wav
22279	5	./AudioMNIST/data/57/5_57_8.wav
22280	0	./AudioMNIST/data/01/0_01_22.wav
22281	1	./AudioMNIST/data/19/1_19_34.wav
22282	7	./AudioMNIST/data/60/7_60_34.wav
22283	5	./AudioMNIST/data/59/5_59_38.wav
22284	1	./AudioMNIST/data/08/1_08_27.wav
22285	3	./AudioMNIST/data/56/3_56_21.wav
22286	4	./AudioMNIST/data/20/4_20_3.wav
22287	9	./AudioMNIST/data/29/9_29_30.wav
22288	1	./AudioMNIST/data/39/1_39_45.wav
22289	6	./AudioMNIST/data/40/6_40_0.wav
22290	1	./AudioMNIST/data/51/1_51_36.wav
22291	7	./AudioMNIST/data/51/7_51_32.wav
22292	6	./AudioMNIST/data/28/6_28_0.wav
22293	3	./AudioMNIST/data/56/3_56_32.wav
22294	1	./AudioMNIST/data/22/1_22_37.wav
22295	4	./AudioMNIST/data/23/4_23_5.wav
22296	8	./AudioMNIST/data/01/8_01_22.wav
22297	8	./AudioMNIST/data/25/8_25_40.wav
22298	9	./AudioMNIST/data/13/9_13_24.wav
22299	3	./AudioMNIST/data/01/3_01_16.wav
22300	9	./AudioMNIST/data/46/9_46_11.wav
22301	9	./AudioMNIST/data/14/9_14_13.wav
22302	8	./AudioMNIST/data/09/8_09_48.wav
22303	8	./AudioMNIST/data/56/8_56_16.wav
22304	0	./AudioMNIST/data/31/0_31_46.wav
22305	7	./AudioMNIST/data/04/7_04_26.wav
22306	5	./AudioMNIST/data/17/5_17_17.wav
22307	9	./AudioMNIST/data/60/9_60_28.wav
22308	0	./AudioMNIST/data/59/0_59_7.wav
22309	7	./AudioMNIST/data/39/7_39_24.wav
22310	4	./AudioMNIST/data/50/4_50_2.wav
22311	9	./AudioMNIST/data/03/9_03_44.wav
22312	3	./AudioMNIST/data/16/3_16_6.wav
22313	2	./AudioMNIST/data/28/2_28_19.wav
22314	2	./AudioMNIST/data/51/2_51_15.wav
22315	1	./AudioMNIST/data/34/1_34_0.wav
22316	5	./AudioMNIST/data/19/5_19_15.wav
22317	9	./AudioMNIST/data/25/9_25_12.wav
22318	6	./AudioMNIST/data/12/6_12_27.wav
22319	5	./AudioMNIST/data/47/5_47_19.wav
22320	3	./AudioMNIST/data/03/3_03_16.wav
22321	2	./AudioMNIST/data/19/2_19_17.wav
22322	9	./AudioMNIST/data/09/9_09_4.wav
22323	1	./AudioMNIST/data/55/1_55_23.wav
22324	5	./AudioMNIST/data/38/5_38_28.wav
22325	5	./AudioMNIST/data/02/5_02_42.wav
22326	2	./AudioMNIST/data/01/2_01_19.wav
22327	7	./AudioMNIST/data/27/7_27_48.wav
22328	2	./AudioMNIST/data/01/2_01_9.wav
22329	5	./AudioMNIST/data/41/5_41_1.wav
22330	5	./AudioMNIST/data/47/5_47_16.wav
22331	1	./AudioMNIST/data/49/1_49_0.wav
22332	2	./AudioMNIST/data/18/2_18_38.wav
22333	2	./AudioMNIST/data/23/2_23_11.wav
22334	4	./AudioMNIST/data/01/4_01_40.wav
22335	6	./AudioMNIST/data/13/6_13_13.wav
22336	7	./AudioMNIST/data/34/7_34_20.wav
22337	9	./AudioMNIST/data/53/9_53_46.wav
22338	7	./AudioMNIST/data/23/7_23_42.wav
22339	5	./AudioMNIST/data/36/5_36_21.wav
22340	7	./AudioMNIST/data/17/7_17_2.wav
22341	9	./AudioMNIST/data/28/9_28_26.wav
22342	2	./AudioMNIST/data/33/2_33_0.wav
22343	8	./AudioMNIST/data/53/8_53_12.wav
22344	6	./AudioMNIST/data/48/6_48_44.wav
22345	6	./AudioMNIST/data/03/6_03_44.wav
22346	4	./AudioMNIST/data/34/4_34_4.wav
22347	9	./AudioMNIST/data/41/9_41_42.wav
22348	1	./AudioMNIST/data/46/1_46_30.wav
22349	7	./AudioMNIST/data/42/7_42_49.wav
22350	9	./AudioMNIST/data/45/9_45_15.wav
22351	0	./AudioMNIST/data/43/0_43_30.wav
22352	6	./AudioMNIST/data/46/6_46_39.wav
22353	8	./AudioMNIST/data/17/8_17_10.wav
22354	4	./AudioMNIST/data/52/4_52_25.wav
22355	5	./AudioMNIST/data/04/5_04_0.wav
22356	0	./AudioMNIST/data/07/0_07_4.wav
22357	5	./AudioMNIST/data/24/5_24_1.wav
22358	9	./AudioMNIST/data/14/9_14_30.wav
22359	1	./AudioMNIST/data/25/1_25_0.wav
22360	4	./AudioMNIST/data/46/4_46_7.wav
22361	4	./AudioMNIST/data/04/4_04_1.wav
22362	3	./AudioMNIST/data/37/3_37_36.wav
22363	6	./AudioMNIST/data/42/6_42_2.wav
22364	1	./AudioMNIST/data/29/1_29_35.wav
22365	2	./AudioMNIST/data/42/2_42_49.wav
22366	6	./AudioMNIST/data/19/6_19_13.wav
22367	7	./AudioMNIST/data/40/7_40_32.wav
22368	4	./AudioMNIST/data/08/4_08_8.wav
22369	7	./AudioMNIST/data/28/7_28_10.wav
22370	1	./AudioMNIST/data/36/1_36_14.wav
22371	9	./AudioMNIST/data/23/9_23_21.wav
22372	9	./AudioMNIST/data/37/9_37_23.wav
22373	0	./AudioMNIST/data/16/0_16_0.wav
22374	3	./AudioMNIST/data/45/3_45_1.wav
22375	8	./AudioMNIST/data/15/8_15_6.wav
22376	7	./AudioMNIST/data/44/7_44_13.wav
22377	0	./AudioMNIST/data/15/0_15_3.wav
22378	5	./AudioMNIST/data/51/5_51_6.wav
22379	9	./AudioMNIST/data/40/9_40_49.wav
22380	2	./AudioMNIST/data/11/2_11_37.wav
22381	7	./AudioMNIST/data/11/7_11_17.wav
22382	9	./AudioMNIST/data/35/9_35_42.wav
22383	8	./AudioMNIST/data/12/8_12_4.wav
22384	1	./AudioMNIST/data/03/1_03_13.wav
22385	0	./AudioMNIST/data/27/0_27_40.wav
22386	7	./AudioMNIST/data/50/7_50_46.wav
22387	7	./AudioMNIST/data/20/7_20_49.wav
22388	6	./AudioMNIST/data/13/6_13_7.wav
22389	9	./AudioMNIST/data/36/9_36_48.wav
22390	5	./AudioMNIST/data/50/5_50_48.wav
22391	6	./AudioMNIST/data/48/6_48_43.wav
22392	2	./AudioMNIST/data/20/2_20_36.wav
22393	3	./AudioMNIST/data/43/3_43_28.wav
22394	1	./AudioMNIST/data/15/1_15_49.wav
22395	9	./AudioMNIST/data/42/9_42_8.wav
22396	9	./AudioMNIST/data/57/9_57_5.wav
22397	7	./AudioMNIST/data/03/7_03_1.wav
22398	8	./AudioMNIST/data/43/8_43_26.wav
22399	2	./AudioMNIST/data/20/2_20_42.wav
22400	4	./AudioMNIST/data/29/4_29_24.wav
22401	0	./AudioMNIST/data/43/0_43_47.wav
22402	1	./AudioMNIST/data/34/1_34_7.wav
22403	7	./AudioMNIST/data/54/7_54_35.wav
22404	1	./AudioMNIST/data/05/1_05_6.wav
22405	8	./AudioMNIST/data/32/8_32_16.wav
22406	8	./AudioMNIST/data/44/8_44_35.wav
22407	9	./AudioMNIST/data/15/9_15_47.wav
22408	6	./AudioMNIST/data/32/6_32_8.wav
22409	9	./AudioMNIST/data/14/9_14_17.wav
22410	9	./AudioMNIST/data/25/9_25_2.wav
22411	5	./AudioMNIST/data/23/5_23_25.wav
22412	7	./AudioMNIST/data/36/7_36_8.wav
22413	9	./AudioMNIST/data/12/9_12_12.wav
22414	7	./AudioMNIST/data/56/7_56_3.wav
22415	5	./AudioMNIST/data/18/5_18_18.wav
22416	5	./AudioMNIST/data/43/5_43_0.wav
22417	1	./AudioMNIST/data/44/1_44_20.wav
22418	2	./AudioMNIST/data/47/2_47_37.wav
22419	6	./AudioMNIST/data/29/6_29_20.wav
22420	6	./AudioMNIST/data/23/6_23_47.wav
22421	9	./AudioMNIST/data/13/9_13_28.wav
22422	5	./AudioMNIST/data/21/5_21_18.wav
22423	3	./AudioMNIST/data/59/3_59_30.wav
22424	9	./AudioMNIST/data/27/9_27_29.wav
22425	3	./AudioMNIST/data/55/3_55_48.wav
22426	9	./AudioMNIST/data/32/9_32_45.wav
22427	8	./AudioMNIST/data/51/8_51_43.wav
22428	9	./AudioMNIST/data/24/9_24_33.wav
22429	8	./AudioMNIST/data/28/8_28_1.wav
22430	3	./AudioMNIST/data/08/3_08_13.wav
22431	9	./AudioMNIST/data/17/9_17_19.wav
22432	2	./AudioMNIST/data/26/2_26_10.wav
22433	5	./AudioMNIST/data/34/5_34_33.wav
22434	2	./AudioMNIST/data/33/2_33_26.wav
22435	9	./AudioMNIST/data/09/9_09_11.wav
22436	2	./AudioMNIST/data/45/2_45_27.wav
22437	0	./AudioMNIST/data/17/0_17_42.wav
22438	4	./AudioMNIST/data/01/4_01_26.wav
22439	7	./AudioMNIST/data/38/7_38_18.wav
22440	6	./AudioMNIST/data/60/6_60_5.wav
22441	6	./AudioMNIST/data/29/6_29_1.wav
22442	7	./AudioMNIST/data/16/7_16_30.wav
22443	8	./AudioMNIST/data/16/8_16_48.wav
22444	5	./AudioMNIST/data/46/5_46_17.wav
22445	5	./AudioMNIST/data/43/5_43_18.wav
22446	5	./AudioMNIST/data/03/5_03_7.wav
22447	7	./AudioMNIST/data/47/7_47_4.wav
22448	2	./AudioMNIST/data/48/2_48_27.wav
22449	2	./AudioMNIST/data/41/2_41_47.wav
22450	5	./AudioMNIST/data/15/5_15_35.wav
22451	7	./AudioMNIST/data/22/7_22_5.wav
22452	7	./AudioMNIST/data/05/7_05_23.wav
22453	3	./AudioMNIST/data/16/3_16_40.wav
22454	1	./AudioMNIST/data/47/1_47_47.wav
22455	8	./AudioMNIST/data/29/8_29_33.wav
22456	5	./AudioMNIST/data/34/5_34_36.wav
22457	0	./AudioMNIST/data/49/0_49_44.wav
22458	5	./AudioMNIST/data/27/5_27_20.wav
22459	1	./AudioMNIST/data/21/1_21_22.wav
22460	4	./AudioMNIST/data/21/4_21_38.wav
22461	4	./AudioMNIST/data/45/4_45_36.wav
22462	2	./AudioMNIST/data/28/2_28_49.wav
22463	0	./AudioMNIST/data/14/0_14_43.wav
22464	5	./AudioMNIST/data/45/5_45_1.wav
22465	6	./AudioMNIST/data/32/6_32_26.wav
22466	8	./AudioMNIST/data/24/8_24_49.wav
22467	3	./AudioMNIST/data/49/3_49_9.wav
22468	2	./AudioMNIST/data/07/2_07_46.wav
22469	0	./AudioMNIST/data/03/0_03_6.wav
22470	2	./AudioMNIST/data/19/2_19_25.wav
22471	8	./AudioMNIST/data/44/8_44_3.wav
22472	3	./AudioMNIST/data/05/3_05_48.wav
22473	1	./AudioMNIST/data/01/1_01_32.wav
22474	2	./AudioMNIST/data/05/2_05_29.wav
22475	3	./AudioMNIST/data/21/3_21_37.wav
22476	2	./AudioMNIST/data/03/2_03_32.wav
22477	0	./AudioMNIST/data/16/0_16_21.wav
22478	8	./AudioMNIST/data/43/8_43_30.wav
22479	5	./AudioMNIST/data/52/5_52_47.wav
22480	6	./AudioMNIST/data/11/6_11_19.wav
22481	3	./AudioMNIST/data/41/3_41_15.wav
22482	0	./AudioMNIST/data/31/0_31_6.wav
22483	8	./AudioMNIST/data/23/8_23_16.wav
22484	6	./AudioMNIST/data/26/6_26_25.wav
22485	7	./AudioMNIST/data/53/7_53_42.wav
22486	3	./AudioMNIST/data/54/3_54_45.wav
22487	5	./AudioMNIST/data/22/5_22_15.wav
22488	2	./AudioMNIST/data/08/2_08_24.wav
22489	0	./AudioMNIST/data/43/0_43_39.wav
22490	6	./AudioMNIST/data/13/6_13_4.wav
22491	6	./AudioMNIST/data/55/6_55_18.wav
22492	6	./AudioMNIST/data/34/6_34_34.wav
22493	4	./AudioMNIST/data/26/4_26_47.wav
22494	1	./AudioMNIST/data/14/1_14_29.wav
22495	0	./AudioMNIST/data/41/0_41_27.wav
22496	5	./AudioMNIST/data/05/5_05_7.wav
22497	8	./AudioMNIST/data/19/8_19_28.wav
22498	2	./AudioMNIST/data/40/2_40_27.wav
22499	7	./AudioMNIST/data/45/7_45_26.wav
22500	0	./AudioMNIST/data/48/0_48_35.wav
22501	8	./AudioMNIST/data/26/8_26_5.wav
22502	2	./AudioMNIST/data/02/2_02_4.wav
22503	5	./AudioMNIST/data/47/5_47_7.wav
22504	0	./AudioMNIST/data/33/0_33_46.wav
22505	0	./AudioMNIST/data/03/0_03_12.wav
22506	5	./AudioMNIST/data/23/5_23_20.wav
22507	4	./AudioMNIST/data/55/4_55_29.wav
22508	5	./AudioMNIST/data/35/5_35_31.wav
22509	5	./AudioMNIST/data/59/5_59_27.wav
22510	2	./AudioMNIST/data/54/2_54_22.wav
22511	8	./AudioMNIST/data/41/8_41_13.wav
22512	0	./AudioMNIST/data/28/0_28_11.wav
22513	7	./AudioMNIST/data/60/7_60_11.wav
22514	8	./AudioMNIST/data/07/8_07_39.wav
22515	4	./AudioMNIST/data/17/4_17_27.wav
22516	3	./AudioMNIST/data/04/3_04_28.wav
22517	1	./AudioMNIST/data/55/1_55_18.wav
22518	0	./AudioMNIST/data/23/0_23_37.wav
22519	3	./AudioMNIST/data/40/3_40_21.wav
22520	2	./AudioMNIST/data/34/2_34_6.wav
22521	7	./AudioMNIST/data/24/7_24_19.wav
22522	4	./AudioMNIST/data/27/4_27_5.wav
22523	2	./AudioMNIST/data/46/2_46_32.wav
22524	0	./AudioMNIST/data/22/0_22_7.wav
22525	4	./AudioMNIST/data/56/4_56_49.wav
22526	0	./AudioMNIST/data/04/0_04_28.wav
22527	0	./AudioMNIST/data/34/0_34_6.wav
22528	1	./AudioMNIST/data/31/1_31_35.wav
22529	5	./AudioMNIST/data/35/5_35_29.wav
22530	2	./AudioMNIST/data/44/2_44_45.wav
22531	9	./AudioMNIST/data/19/9_19_19.wav
22532	4	./AudioMNIST/data/14/4_14_41.wav
22533	8	./AudioMNIST/data/57/8_57_34.wav
22534	0	./AudioMNIST/data/01/0_01_21.wav
22535	6	./AudioMNIST/data/39/6_39_14.wav
22536	1	./AudioMNIST/data/44/1_44_2.wav
22537	8	./AudioMNIST/data/56/8_56_41.wav
22538	8	./AudioMNIST/data/04/8_04_43.wav
22539	7	./AudioMNIST/data/31/7_31_28.wav
22540	0	./AudioMNIST/data/58/0_58_4.wav
22541	8	./AudioMNIST/data/39/8_39_23.wav
22542	8	./AudioMNIST/data/41/8_41_17.wav
22543	6	./AudioMNIST/data/08/6_08_26.wav
22544	5	./AudioMNIST/data/25/5_25_41.wav
22545	6	./AudioMNIST/data/27/6_27_8.wav
22546	0	./AudioMNIST/data/16/0_16_42.wav
22547	2	./AudioMNIST/data/53/2_53_23.wav
22548	4	./AudioMNIST/data/36/4_36_31.wav
22549	4	./AudioMNIST/data/17/4_17_33.wav
22550	3	./AudioMNIST/data/32/3_32_13.wav
22551	0	./AudioMNIST/data/16/0_16_28.wav
22552	7	./AudioMNIST/data/58/7_58_48.wav
22553	8	./AudioMNIST/data/57/8_57_33.wav
22554	4	./AudioMNIST/data/33/4_33_42.wav
22555	2	./AudioMNIST/data/53/2_53_20.wav
22556	7	./AudioMNIST/data/42/7_42_25.wav
22557	5	./AudioMNIST/data/23/5_23_32.wav
22558	2	./AudioMNIST/data/58/2_58_44.wav
22559	1	./AudioMNIST/data/10/1_10_32.wav
22560	0	./AudioMNIST/data/46/0_46_1.wav
22561	0	./AudioMNIST/data/07/0_07_10.wav
22562	4	./AudioMNIST/data/14/4_14_5.wav
22563	9	./AudioMNIST/data/08/9_08_2.wav
22564	1	./AudioMNIST/data/50/1_50_45.wav
22565	7	./AudioMNIST/data/12/7_12_10.wav
22566	3	./AudioMNIST/data/04/3_04_11.wav
22567	5	./AudioMNIST/data/09/5_09_39.wav
22568	7	./AudioMNIST/data/25/7_25_13.wav
22569	9	./AudioMNIST/data/56/9_56_13.wav
22570	7	./AudioMNIST/data/15/7_15_8.wav
22571	3	./AudioMNIST/data/56/3_56_44.wav
22572	1	./AudioMNIST/data/35/1_35_26.wav
22573	9	./AudioMNIST/data/39/9_39_26.wav
22574	4	./AudioMNIST/data/55/4_55_2.wav
22575	4	./AudioMNIST/data/40/4_40_33.wav
22576	6	./AudioMNIST/data/51/6_51_4.wav
22577	7	./AudioMNIST/data/43/7_43_28.wav
22578	5	./AudioMNIST/data/60/5_60_8.wav
22579	6	./AudioMNIST/data/50/6_50_49.wav
22580	2	./AudioMNIST/data/43/2_43_5.wav
22581	3	./AudioMNIST/data/35/3_35_31.wav
22582	9	./AudioMNIST/data/58/9_58_7.wav
22583	0	./AudioMNIST/data/31/0_31_0.wav
22584	8	./AudioMNIST/data/57/8_57_38.wav
22585	6	./AudioMNIST/data/07/6_07_15.wav
22586	5	./AudioMNIST/data/36/5_36_4.wav
22587	4	./AudioMNIST/data/59/4_59_13.wav
22588	7	./AudioMNIST/data/03/7_03_20.wav
22589	9	./AudioMNIST/data/58/9_58_18.wav
22590	9	./AudioMNIST/data/37/9_37_33.wav
22591	7	./AudioMNIST/data/43/7_43_11.wav
22592	8	./AudioMNIST/data/25/8_25_29.wav
22593	9	./AudioMNIST/data/48/9_48_37.wav
22594	0	./AudioMNIST/data/26/0_26_18.wav
22595	3	./AudioMNIST/data/30/3_30_16.wav
22596	3	./AudioMNIST/data/13/3_13_46.wav
22597	9	./AudioMNIST/data/03/9_03_33.wav
22598	0	./AudioMNIST/data/24/0_24_19.wav
22599	7	./AudioMNIST/data/28/7_28_16.wav
22600	1	./AudioMNIST/data/28/1_28_23.wav
22601	9	./AudioMNIST/data/36/9_36_38.wav
22602	3	./AudioMNIST/data/39/3_39_23.wav
22603	3	./AudioMNIST/data/11/3_11_48.wav
22604	7	./AudioMNIST/data/40/7_40_47.wav
22605	0	./AudioMNIST/data/25/0_25_43.wav
22606	9	./AudioMNIST/data/51/9_51_13.wav
22607	0	./AudioMNIST/data/44/0_44_33.wav
22608	4	./AudioMNIST/data/36/4_36_20.wav
22609	7	./AudioMNIST/data/48/7_48_15.wav
22610	1	./AudioMNIST/data/25/1_25_42.wav
22611	2	./AudioMNIST/data/05/2_05_43.wav
22612	2	./AudioMNIST/data/02/2_02_11.wav
22613	0	./AudioMNIST/data/58/0_58_41.wav
22614	3	./AudioMNIST/data/16/3_16_19.wav
22615	2	./AudioMNIST/data/17/2_17_13.wav
22616	8	./AudioMNIST/data/18/8_18_34.wav
22617	4	./AudioMNIST/data/39/4_39_17.wav
22618	7	./AudioMNIST/data/20/7_20_21.wav
22619	6	./AudioMNIST/data/45/6_45_26.wav
22620	5	./AudioMNIST/data/04/5_04_6.wav
22621	8	./AudioMNIST/data/18/8_18_37.wav
22622	7	./AudioMNIST/data/57/7_57_18.wav
22623	2	./AudioMNIST/data/45/2_45_29.wav
22624	0	./AudioMNIST/data/34/0_34_28.wav
22625	6	./AudioMNIST/data/14/6_14_9.wav
22626	8	./AudioMNIST/data/48/8_48_25.wav
22627	8	./AudioMNIST/data/30/8_30_36.wav
22628	9	./AudioMNIST/data/46/9_46_49.wav
22629	3	./AudioMNIST/data/04/3_04_48.wav
22630	8	./AudioMNIST/data/17/8_17_14.wav
22631	3	./AudioMNIST/data/46/3_46_49.wav
22632	6	./AudioMNIST/data/43/6_43_30.wav
22633	5	./AudioMNIST/data/28/5_28_49.wav
22634	9	./AudioMNIST/data/44/9_44_20.wav
22635	4	./AudioMNIST/data/53/4_53_6.wav
22636	0	./AudioMNIST/data/38/0_38_41.wav
22637	8	./AudioMNIST/data/36/8_36_8.wav
22638	1	./AudioMNIST/data/54/1_54_11.wav
22639	2	./AudioMNIST/data/50/2_50_0.wav
22640	2	./AudioMNIST/data/30/2_30_49.wav
22641	9	./AudioMNIST/data/34/9_34_46.wav
22642	2	./AudioMNIST/data/31/2_31_1.wav
22643	1	./AudioMNIST/data/05/1_05_18.wav
22644	4	./AudioMNIST/data/24/4_24_23.wav
22645	1	./AudioMNIST/data/32/1_32_5.wav
22646	9	./AudioMNIST/data/14/9_14_7.wav
22647	6	./AudioMNIST/data/14/6_14_7.wav
22648	2	./AudioMNIST/data/44/2_44_22.wav
22649	7	./AudioMNIST/data/30/7_30_42.wav
22650	0	./AudioMNIST/data/22/0_22_39.wav
22651	4	./AudioMNIST/data/36/4_36_11.wav
22652	9	./AudioMNIST/data/06/9_06_13.wav
22653	2	./AudioMNIST/data/18/2_18_40.wav
22654	4	./AudioMNIST/data/37/4_37_43.wav
22655	6	./AudioMNIST/data/08/6_08_8.wav
22656	8	./AudioMNIST/data/17/8_17_13.wav
22657	0	./AudioMNIST/data/41/0_41_39.wav
22658	5	./AudioMNIST/data/59/5_59_36.wav
22659	0	./AudioMNIST/data/10/0_10_30.wav
22660	6	./AudioMNIST/data/30/6_30_25.wav
22661	4	./AudioMNIST/data/06/4_06_21.wav
22662	5	./AudioMNIST/data/59/5_59_18.wav
22663	7	./AudioMNIST/data/40/7_40_39.wav
22664	6	./AudioMNIST/data/01/6_01_45.wav
22665	7	./AudioMNIST/data/27/7_27_45.wav
22666	6	./AudioMNIST/data/06/6_06_25.wav
22667	0	./AudioMNIST/data/59/0_59_39.wav
22668	9	./AudioMNIST/data/16/9_16_12.wav
22669	2	./AudioMNIST/data/21/2_21_17.wav
22670	0	./AudioMNIST/data/07/0_07_26.wav
22671	7	./AudioMNIST/data/47/7_47_16.wav
22672	6	./AudioMNIST/data/12/6_12_20.wav
22673	9	./AudioMNIST/data/09/9_09_23.wav
22674	4	./AudioMNIST/data/43/4_43_23.wav
22675	0	./AudioMNIST/data/35/0_35_48.wav
22676	1	./AudioMNIST/data/57/1_57_7.wav
22677	4	./AudioMNIST/data/02/4_02_18.wav
22678	6	./AudioMNIST/data/55/6_55_23.wav
22679	1	./AudioMNIST/data/45/1_45_40.wav
22680	6	./AudioMNIST/data/42/6_42_49.wav
22681	4	./AudioMNIST/data/11/4_11_17.wav
22682	7	./AudioMNIST/data/34/7_34_17.wav
22683	5	./AudioMNIST/data/34/5_34_17.wav
22684	1	./AudioMNIST/data/31/1_31_27.wav
22685	1	./AudioMNIST/data/14/1_14_6.wav
22686	8	./AudioMNIST/data/39/8_39_41.wav
22687	2	./AudioMNIST/data/16/2_16_8.wav
22688	2	./AudioMNIST/data/22/2_22_9.wav
22689	0	./AudioMNIST/data/33/0_33_33.wav
22690	3	./AudioMNIST/data/32/3_32_34.wav
22691	6	./AudioMNIST/data/40/6_40_18.wav
22692	4	./AudioMNIST/data/34/4_34_12.wav
22693	3	./AudioMNIST/data/47/3_47_48.wav
22694	0	./AudioMNIST/data/31/0_31_29.wav
22695	6	./AudioMNIST/data/03/6_03_45.wav
22696	0	./AudioMNIST/data/24/0_24_36.wav
22697	2	./AudioMNIST/data/49/2_49_29.wav
22698	7	./AudioMNIST/data/56/7_56_33.wav
22699	3	./AudioMNIST/data/47/3_47_46.wav
22700	8	./AudioMNIST/data/16/8_16_25.wav
22701	0	./AudioMNIST/data/58/0_58_6.wav
22702	5	./AudioMNIST/data/46/5_46_15.wav
22703	9	./AudioMNIST/data/22/9_22_42.wav
22704	3	./AudioMNIST/data/11/3_11_49.wav
22705	6	./AudioMNIST/data/12/6_12_16.wav
22706	8	./AudioMNIST/data/26/8_26_19.wav
22707	4	./AudioMNIST/data/53/4_53_28.wav
22708	4	./AudioMNIST/data/46/4_46_0.wav
22709	1	./AudioMNIST/data/49/1_49_36.wav
22710	0	./AudioMNIST/data/13/0_13_12.wav
22711	5	./AudioMNIST/data/37/5_37_43.wav
22712	9	./AudioMNIST/data/02/9_02_14.wav
22713	3	./AudioMNIST/data/29/3_29_24.wav
22714	3	./AudioMNIST/data/56/3_56_17.wav
22715	8	./AudioMNIST/data/54/8_54_33.wav
22716	6	./AudioMNIST/data/55/6_55_9.wav
22717	6	./AudioMNIST/data/15/6_15_35.wav
22718	5	./AudioMNIST/data/16/5_16_38.wav
22719	6	./AudioMNIST/data/38/6_38_5.wav
22720	8	./AudioMNIST/data/26/8_26_10.wav
22721	3	./AudioMNIST/data/09/3_09_21.wav
22722	0	./AudioMNIST/data/47/0_47_14.wav
22723	2	./AudioMNIST/data/49/2_49_18.wav
22724	9	./AudioMNIST/data/07/9_07_4.wav
22725	5	./AudioMNIST/data/13/5_13_6.wav
22726	1	./AudioMNIST/data/52/1_52_3.wav
22727	4	./AudioMNIST/data/06/4_06_2.wav
22728	6	./AudioMNIST/data/59/6_59_49.wav
22729	9	./AudioMNIST/data/44/9_44_27.wav
22730	0	./AudioMNIST/data/47/0_47_18.wav
22731	4	./AudioMNIST/data/12/4_12_48.wav
22732	8	./AudioMNIST/data/07/8_07_33.wav
22733	4	./AudioMNIST/data/14/4_14_20.wav
22734	7	./AudioMNIST/data/45/7_45_10.wav
22735	4	./AudioMNIST/data/10/4_10_46.wav
22736	8	./AudioMNIST/data/34/8_34_37.wav
22737	9	./AudioMNIST/data/41/9_41_29.wav
22738	3	./AudioMNIST/data/31/3_31_31.wav
22739	7	./AudioMNIST/data/25/7_25_24.wav
22740	5	./AudioMNIST/data/55/5_55_31.wav
22741	0	./AudioMNIST/data/49/0_49_23.wav
22742	0	./AudioMNIST/data/09/0_09_32.wav
22743	5	./AudioMNIST/data/09/5_09_1.wav
22744	3	./AudioMNIST/data/09/3_09_47.wav
22745	5	./AudioMNIST/data/45/5_45_19.wav
22746	5	./AudioMNIST/data/18/5_18_31.wav
22747	1	./AudioMNIST/data/22/1_22_27.wav
22748	6	./AudioMNIST/data/15/6_15_16.wav
22749	3	./AudioMNIST/data/37/3_37_35.wav
22750	6	./AudioMNIST/data/33/6_33_10.wav
22751	7	./AudioMNIST/data/08/7_08_32.wav
22752	9	./AudioMNIST/data/52/9_52_3.wav
22753	8	./AudioMNIST/data/23/8_23_9.wav
22754	5	./AudioMNIST/data/60/5_60_26.wav
22755	4	./AudioMNIST/data/46/4_46_47.wav
22756	6	./AudioMNIST/data/07/6_07_29.wav
22757	7	./AudioMNIST/data/32/7_32_3.wav
22758	5	./AudioMNIST/data/41/5_41_32.wav
22759	9	./AudioMNIST/data/46/9_46_1.wav
22760	6	./AudioMNIST/data/56/6_56_0.wav
22761	2	./AudioMNIST/data/17/2_17_30.wav
22762	3	./AudioMNIST/data/02/3_02_30.wav
22763	5	./AudioMNIST/data/13/5_13_37.wav
22764	6	./AudioMNIST/data/50/6_50_0.wav
22765	8	./AudioMNIST/data/47/8_47_20.wav
22766	4	./AudioMNIST/data/27/4_27_10.wav
22767	7	./AudioMNIST/data/46/7_46_1.wav
22768	2	./AudioMNIST/data/30/2_30_18.wav
22769	1	./AudioMNIST/data/59/1_59_10.wav
22770	5	./AudioMNIST/data/01/5_01_36.wav
22771	2	./AudioMNIST/data/42/2_42_42.wav
22772	0	./AudioMNIST/data/10/0_10_8.wav
22773	9	./AudioMNIST/data/08/9_08_34.wav
22774	7	./AudioMNIST/data/30/7_30_26.wav
22775	9	./AudioMNIST/data/38/9_38_18.wav
22776	5	./AudioMNIST/data/17/5_17_15.wav
22777	1	./AudioMNIST/data/03/1_03_47.wav
22778	6	./AudioMNIST/data/41/6_41_23.wav
22779	9	./AudioMNIST/data/43/9_43_7.wav
22780	8	./AudioMNIST/data/25/8_25_46.wav
22781	5	./AudioMNIST/data/02/5_02_21.wav
22782	4	./AudioMNIST/data/57/4_57_18.wav
22783	8	./AudioMNIST/data/42/8_42_22.wav
22784	0	./AudioMNIST/data/29/0_29_6.wav
22785	3	./AudioMNIST/data/01/3_01_35.wav
22786	9	./AudioMNIST/data/08/9_08_19.wav
22787	5	./AudioMNIST/data/04/5_04_26.wav
22788	6	./AudioMNIST/data/23/6_23_40.wav
22789	9	./AudioMNIST/data/08/9_08_29.wav
22790	7	./AudioMNIST/data/02/7_02_34.wav
22791	5	./AudioMNIST/data/38/5_38_46.wav
22792	0	./AudioMNIST/data/23/0_23_4.wav
22793	7	./AudioMNIST/data/44/7_44_25.wav
22794	2	./AudioMNIST/data/47/2_47_19.wav
22795	6	./AudioMNIST/data/59/6_59_40.wav
22796	9	./AudioMNIST/data/23/9_23_23.wav
22797	9	./AudioMNIST/data/38/9_38_38.wav
22798	0	./AudioMNIST/data/23/0_23_41.wav
22799	7	./AudioMNIST/data/30/7_30_16.wav
22800	9	./AudioMNIST/data/35/9_35_9.wav
22801	5	./AudioMNIST/data/33/5_33_44.wav
22802	8	./AudioMNIST/data/60/8_60_15.wav
22803	9	./AudioMNIST/data/25/9_25_27.wav
22804	6	./AudioMNIST/data/36/6_36_37.wav
22805	4	./AudioMNIST/data/13/4_13_9.wav
22806	9	./AudioMNIST/data/43/9_43_39.wav
22807	9	./AudioMNIST/data/34/9_34_40.wav
22808	6	./AudioMNIST/data/21/6_21_5.wav
22809	0	./AudioMNIST/data/48/0_48_21.wav
22810	6	./AudioMNIST/data/27/6_27_18.wav
22811	0	./AudioMNIST/data/25/0_25_16.wav
22812	7	./AudioMNIST/data/53/7_53_33.wav
22813	1	./AudioMNIST/data/01/1_01_10.wav
22814	5	./AudioMNIST/data/50/5_50_44.wav
22815	5	./AudioMNIST/data/53/5_53_35.wav
22816	2	./AudioMNIST/data/10/2_10_41.wav
22817	7	./AudioMNIST/data/49/7_49_2.wav
22818	1	./AudioMNIST/data/33/1_33_3.wav
22819	7	./AudioMNIST/data/34/7_34_33.wav
22820	6	./AudioMNIST/data/53/6_53_21.wav
22821	3	./AudioMNIST/data/40/3_40_43.wav
22822	8	./AudioMNIST/data/54/8_54_35.wav
22823	7	./AudioMNIST/data/11/7_11_24.wav
22824	4	./AudioMNIST/data/51/4_51_21.wav
22825	8	./AudioMNIST/data/57/8_57_9.wav
22826	5	./AudioMNIST/data/35/5_35_24.wav
22827	1	./AudioMNIST/data/03/1_03_48.wav
22828	6	./AudioMNIST/data/48/6_48_41.wav
22829	4	./AudioMNIST/data/13/4_13_1.wav
22830	1	./AudioMNIST/data/43/1_43_48.wav
22831	2	./AudioMNIST/data/40/2_40_4.wav
22832	0	./AudioMNIST/data/06/0_06_39.wav
22833	0	./AudioMNIST/data/33/0_33_8.wav
22834	6	./AudioMNIST/data/06/6_06_34.wav
22835	1	./AudioMNIST/data/40/1_40_20.wav
22836	5	./AudioMNIST/data/42/5_42_13.wav
22837	4	./AudioMNIST/data/43/4_43_45.wav
22838	4	./AudioMNIST/data/58/4_58_34.wav
22839	1	./AudioMNIST/data/32/1_32_33.wav
22840	7	./AudioMNIST/data/37/7_37_43.wav
22841	1	./AudioMNIST/data/60/1_60_12.wav
22842	8	./AudioMNIST/data/48/8_48_10.wav
22843	7	./AudioMNIST/data/33/7_33_43.wav
22844	5	./AudioMNIST/data/60/5_60_27.wav
22845	2	./AudioMNIST/data/41/2_41_35.wav
22846	2	./AudioMNIST/data/11/2_11_13.wav
22847	0	./AudioMNIST/data/21/0_21_42.wav
22848	9	./AudioMNIST/data/45/9_45_47.wav
22849	6	./AudioMNIST/data/22/6_22_35.wav
22850	4	./AudioMNIST/data/58/4_58_24.wav
22851	8	./AudioMNIST/data/03/8_03_24.wav
22852	1	./AudioMNIST/data/20/1_20_22.wav
22853	8	./AudioMNIST/data/18/8_18_45.wav
22854	2	./AudioMNIST/data/03/2_03_46.wav
22855	3	./AudioMNIST/data/14/3_14_40.wav
22856	8	./AudioMNIST/data/39/8_39_3.wav
22857	2	./AudioMNIST/data/36/2_36_0.wav
22858	4	./AudioMNIST/data/53/4_53_5.wav
22859	6	./AudioMNIST/data/19/6_19_29.wav
22860	1	./AudioMNIST/data/24/1_24_41.wav
22861	0	./AudioMNIST/data/50/0_50_19.wav
22862	3	./AudioMNIST/data/33/3_33_38.wav
22863	1	./AudioMNIST/data/58/1_58_35.wav
22864	1	./AudioMNIST/data/18/1_18_45.wav
22865	9	./AudioMNIST/data/48/9_48_6.wav
22866	7	./AudioMNIST/data/60/7_60_0.wav
22867	9	./AudioMNIST/data/22/9_22_41.wav
22868	3	./AudioMNIST/data/48/3_48_29.wav
22869	2	./AudioMNIST/data/41/2_41_23.wav
22870	5	./AudioMNIST/data/11/5_11_29.wav
22871	3	./AudioMNIST/data/30/3_30_35.wav
22872	0	./AudioMNIST/data/45/0_45_24.wav
22873	7	./AudioMNIST/data/57/7_57_49.wav
22874	3	./AudioMNIST/data/46/3_46_1.wav
22875	5	./AudioMNIST/data/09/5_09_9.wav
22876	3	./AudioMNIST/data/54/3_54_39.wav
22877	8	./AudioMNIST/data/57/8_57_20.wav
22878	7	./AudioMNIST/data/41/7_41_3.wav
22879	7	./AudioMNIST/data/45/7_45_22.wav
22880	5	./AudioMNIST/data/13/5_13_40.wav
22881	1	./AudioMNIST/data/02/1_02_26.wav
22882	2	./AudioMNIST/data/23/2_23_48.wav
22883	0	./AudioMNIST/data/06/0_06_26.wav
22884	8	./AudioMNIST/data/16/8_16_36.wav
22885	1	./AudioMNIST/data/16/1_16_20.wav
22886	9	./AudioMNIST/data/12/9_12_43.wav
22887	8	./AudioMNIST/data/14/8_14_41.wav
22888	0	./AudioMNIST/data/26/0_26_49.wav
22889	1	./AudioMNIST/data/49/1_49_42.wav
22890	8	./AudioMNIST/data/07/8_07_16.wav
22891	2	./AudioMNIST/data/47/2_47_35.wav
22892	3	./AudioMNIST/data/28/3_28_25.wav
22893	7	./AudioMNIST/data/27/7_27_41.wav
22894	5	./AudioMNIST/data/20/5_20_44.wav
22895	7	./AudioMNIST/data/22/7_22_42.wav
22896	6	./AudioMNIST/data/08/6_08_27.wav
22897	2	./AudioMNIST/data/56/2_56_30.wav
22898	0	./AudioMNIST/data/56/0_56_27.wav
22899	8	./AudioMNIST/data/03/8_03_46.wav
22900	9	./AudioMNIST/data/14/9_14_43.wav
22901	9	./AudioMNIST/data/10/9_10_21.wav
22902	7	./AudioMNIST/data/54/7_54_44.wav
22903	6	./AudioMNIST/data/37/6_37_40.wav
22904	6	./AudioMNIST/data/23/6_23_36.wav
22905	0	./AudioMNIST/data/59/0_59_34.wav
22906	9	./AudioMNIST/data/41/9_41_7.wav
22907	1	./AudioMNIST/data/05/1_05_29.wav
22908	7	./AudioMNIST/data/55/7_55_27.wav
22909	7	./AudioMNIST/data/44/7_44_27.wav
22910	1	./AudioMNIST/data/13/1_13_39.wav
22911	5	./AudioMNIST/data/25/5_25_21.wav
22912	4	./AudioMNIST/data/57/4_57_48.wav
22913	9	./AudioMNIST/data/48/9_48_11.wav
22914	0	./AudioMNIST/data/19/0_19_47.wav
22915	8	./AudioMNIST/data/51/8_51_39.wav
22916	7	./AudioMNIST/data/56/7_56_4.wav
22917	0	./AudioMNIST/data/34/0_34_23.wav
22918	4	./AudioMNIST/data/02/4_02_40.wav
22919	8	./AudioMNIST/data/59/8_59_20.wav
22920	8	./AudioMNIST/data/50/8_50_13.wav
22921	8	./AudioMNIST/data/37/8_37_42.wav
22922	2	./AudioMNIST/data/42/2_42_33.wav
22923	8	./AudioMNIST/data/29/8_29_2.wav
22924	0	./AudioMNIST/data/21/0_21_20.wav
22925	9	./AudioMNIST/data/15/9_15_38.wav
22926	5	./AudioMNIST/data/24/5_24_31.wav
22927	3	./AudioMNIST/data/14/3_14_23.wav
22928	1	./AudioMNIST/data/09/1_09_38.wav
22929	1	./AudioMNIST/data/37/1_37_7.wav
22930	6	./AudioMNIST/data/08/6_08_16.wav
22931	9	./AudioMNIST/data/43/9_43_16.wav
22932	4	./AudioMNIST/data/53/4_53_19.wav
22933	2	./AudioMNIST/data/47/2_47_26.wav
22934	4	./AudioMNIST/data/51/4_51_14.wav
22935	5	./AudioMNIST/data/15/5_15_16.wav
22936	2	./AudioMNIST/data/47/2_47_39.wav
22937	2	./AudioMNIST/data/08/2_08_20.wav
22938	3	./AudioMNIST/data/48/3_48_6.wav
22939	5	./AudioMNIST/data/34/5_34_6.wav
22940	5	./AudioMNIST/data/27/5_27_26.wav
22941	6	./AudioMNIST/data/12/6_12_38.wav
22942	7	./AudioMNIST/data/03/7_03_21.wav
22943	2	./AudioMNIST/data/46/2_46_11.wav
22944	4	./AudioMNIST/data/17/4_17_35.wav
22945	9	./AudioMNIST/data/39/9_39_49.wav
22946	1	./AudioMNIST/data/21/1_21_26.wav
22947	7	./AudioMNIST/data/60/7_60_26.wav
22948	4	./AudioMNIST/data/27/4_27_40.wav
22949	9	./AudioMNIST/data/29/9_29_38.wav
22950	6	./AudioMNIST/data/46/6_46_34.wav
22951	1	./AudioMNIST/data/50/1_50_49.wav
22952	5	./AudioMNIST/data/42/5_42_19.wav
22953	0	./AudioMNIST/data/33/0_33_42.wav
22954	5	./AudioMNIST/data/60/5_60_38.wav
22955	4	./AudioMNIST/data/42/4_42_44.wav
22956	8	./AudioMNIST/data/04/8_04_5.wav
22957	3	./AudioMNIST/data/06/3_06_42.wav
22958	8	./AudioMNIST/data/22/8_22_42.wav
22959	7	./AudioMNIST/data/14/7_14_33.wav
22960	8	./AudioMNIST/data/44/8_44_25.wav
22961	9	./AudioMNIST/data/31/9_31_7.wav
22962	8	./AudioMNIST/data/04/8_04_49.wav
22963	9	./AudioMNIST/data/09/9_09_49.wav
22964	3	./AudioMNIST/data/14/3_14_9.wav
22965	6	./AudioMNIST/data/25/6_25_6.wav
22966	0	./AudioMNIST/data/21/0_21_43.wav
22967	6	./AudioMNIST/data/58/6_58_3.wav
22968	4	./AudioMNIST/data/45/4_45_2.wav
22969	6	./AudioMNIST/data/27/6_27_13.wav
22970	4	./AudioMNIST/data/03/4_03_11.wav
22971	0	./AudioMNIST/data/49/0_49_1.wav
22972	0	./AudioMNIST/data/42/0_42_32.wav
22973	5	./AudioMNIST/data/38/5_38_33.wav
22974	3	./AudioMNIST/data/54/3_54_46.wav
22975	0	./AudioMNIST/data/50/0_50_31.wav
22976	2	./AudioMNIST/data/23/2_23_13.wav
22977	6	./AudioMNIST/data/58/6_58_17.wav
22978	5	./AudioMNIST/data/54/5_54_4.wav
22979	3	./AudioMNIST/data/40/3_40_28.wav
22980	6	./AudioMNIST/data/15/6_15_25.wav
22981	0	./AudioMNIST/data/07/0_07_17.wav
22982	9	./AudioMNIST/data/29/9_29_20.wav
22983	0	./AudioMNIST/data/15/0_15_35.wav
22984	5	./AudioMNIST/data/14/5_14_47.wav
22985	1	./AudioMNIST/data/33/1_33_44.wav
22986	2	./AudioMNIST/data/59/2_59_2.wav
22987	5	./AudioMNIST/data/07/5_07_22.wav
22988	5	./AudioMNIST/data/59/5_59_15.wav
22989	2	./AudioMNIST/data/60/2_60_1.wav
22990	2	./AudioMNIST/data/18/2_18_16.wav
22991	8	./AudioMNIST/data/40/8_40_22.wav
22992	4	./AudioMNIST/data/41/4_41_39.wav
22993	9	./AudioMNIST/data/53/9_53_17.wav
22994	8	./AudioMNIST/data/50/8_50_20.wav
22995	7	./AudioMNIST/data/24/7_24_9.wav
22996	9	./AudioMNIST/data/05/9_05_31.wav
22997	4	./AudioMNIST/data/12/4_12_45.wav
22998	6	./AudioMNIST/data/17/6_17_39.wav
22999	1	./AudioMNIST/data/32/1_32_23.wav
23000	6	./AudioMNIST/data/38/6_38_39.wav
23001	7	./AudioMNIST/data/11/7_11_29.wav
23002	5	./AudioMNIST/data/30/5_30_8.wav
23003	1	./AudioMNIST/data/07/1_07_20.wav
23004	5	./AudioMNIST/data/54/5_54_2.wav
23005	1	./AudioMNIST/data/12/1_12_11.wav
23006	6	./AudioMNIST/data/55/6_55_28.wav
23007	5	./AudioMNIST/data/13/5_13_27.wav
23008	0	./AudioMNIST/data/23/0_23_34.wav
23009	8	./AudioMNIST/data/21/8_21_6.wav
23010	9	./AudioMNIST/data/39/9_39_15.wav
23011	8	./AudioMNIST/data/16/8_16_35.wav
23012	5	./AudioMNIST/data/43/5_43_2.wav
23013	5	./AudioMNIST/data/33/5_33_30.wav
23014	1	./AudioMNIST/data/42/1_42_14.wav
23015	5	./AudioMNIST/data/40/5_40_48.wav
23016	7	./AudioMNIST/data/53/7_53_39.wav
23017	5	./AudioMNIST/data/35/5_35_44.wav
23018	2	./AudioMNIST/data/47/2_47_29.wav
23019	4	./AudioMNIST/data/44/4_44_18.wav
23020	3	./AudioMNIST/data/12/3_12_22.wav
23021	6	./AudioMNIST/data/40/6_40_12.wav
23022	0	./AudioMNIST/data/17/0_17_11.wav
23023	3	./AudioMNIST/data/12/3_12_9.wav
23024	8	./AudioMNIST/data/45/8_45_25.wav
23025	2	./AudioMNIST/data/13/2_13_33.wav
23026	5	./AudioMNIST/data/17/5_17_33.wav
23027	5	./AudioMNIST/data/21/5_21_22.wav
23028	6	./AudioMNIST/data/21/6_21_47.wav
23029	1	./AudioMNIST/data/43/1_43_11.wav
23030	2	./AudioMNIST/data/23/2_23_21.wav
23031	4	./AudioMNIST/data/29/4_29_39.wav
23032	0	./AudioMNIST/data/40/0_40_8.wav
23033	2	./AudioMNIST/data/19/2_19_27.wav
23034	3	./AudioMNIST/data/32/3_32_45.wav
23035	7	./AudioMNIST/data/49/7_49_33.wav
23036	7	./AudioMNIST/data/41/7_41_22.wav
23037	8	./AudioMNIST/data/29/8_29_19.wav
23038	4	./AudioMNIST/data/32/4_32_23.wav
23039	7	./AudioMNIST/data/12/7_12_8.wav
23040	8	./AudioMNIST/data/24/8_24_14.wav
23041	6	./AudioMNIST/data/34/6_34_49.wav
23042	4	./AudioMNIST/data/24/4_24_17.wav
23043	3	./AudioMNIST/data/59/3_59_34.wav
23044	7	./AudioMNIST/data/12/7_12_18.wav
23045	6	./AudioMNIST/data/27/6_27_47.wav
23046	2	./AudioMNIST/data/20/2_20_48.wav
23047	5	./AudioMNIST/data/41/5_41_33.wav
23048	3	./AudioMNIST/data/31/3_31_28.wav
23049	5	./AudioMNIST/data/42/5_42_10.wav
23050	5	./AudioMNIST/data/16/5_16_41.wav
23051	0	./AudioMNIST/data/09/0_09_45.wav
23052	0	./AudioMNIST/data/35/0_35_5.wav
23053	0	./AudioMNIST/data/32/0_32_13.wav
23054	8	./AudioMNIST/data/47/8_47_13.wav
23055	0	./AudioMNIST/data/39/0_39_7.wav
23056	5	./AudioMNIST/data/32/5_32_26.wav
23057	1	./AudioMNIST/data/53/1_53_47.wav
23058	2	./AudioMNIST/data/14/2_14_21.wav
23059	4	./AudioMNIST/data/59/4_59_46.wav
23060	1	./AudioMNIST/data/49/1_49_37.wav
23061	5	./AudioMNIST/data/49/5_49_42.wav
23062	3	./AudioMNIST/data/11/3_11_38.wav
23063	6	./AudioMNIST/data/44/6_44_15.wav
23064	8	./AudioMNIST/data/07/8_07_8.wav
23065	9	./AudioMNIST/data/15/9_15_3.wav
23066	7	./AudioMNIST/data/27/7_27_47.wav
23067	8	./AudioMNIST/data/10/8_10_3.wav
23068	7	./AudioMNIST/data/49/7_49_37.wav
23069	6	./AudioMNIST/data/08/6_08_36.wav
23070	5	./AudioMNIST/data/26/5_26_35.wav
23071	4	./AudioMNIST/data/01/4_01_27.wav
23072	4	./AudioMNIST/data/26/4_26_5.wav
23073	8	./AudioMNIST/data/06/8_06_1.wav
23074	1	./AudioMNIST/data/24/1_24_4.wav
23075	5	./AudioMNIST/data/07/5_07_23.wav
23076	2	./AudioMNIST/data/11/2_11_46.wav
23077	2	./AudioMNIST/data/41/2_41_25.wav
23078	1	./AudioMNIST/data/57/1_57_24.wav
23079	6	./AudioMNIST/data/41/6_41_1.wav
23080	6	./AudioMNIST/data/52/6_52_24.wav
23081	4	./AudioMNIST/data/06/4_06_28.wav
23082	2	./AudioMNIST/data/43/2_43_4.wav
23083	0	./AudioMNIST/data/09/0_09_21.wav
23084	3	./AudioMNIST/data/31/3_31_30.wav
23085	7	./AudioMNIST/data/57/7_57_13.wav
23086	7	./AudioMNIST/data/45/7_45_4.wav
23087	1	./AudioMNIST/data/05/1_05_45.wav
23088	7	./AudioMNIST/data/28/7_28_13.wav
23089	9	./AudioMNIST/data/08/9_08_49.wav
23090	1	./AudioMNIST/data/18/1_18_49.wav
23091	2	./AudioMNIST/data/31/2_31_34.wav
23092	6	./AudioMNIST/data/21/6_21_38.wav
23093	7	./AudioMNIST/data/60/7_60_2.wav
23094	7	./AudioMNIST/data/27/7_27_36.wav
23095	0	./AudioMNIST/data/11/0_11_10.wav
23096	7	./AudioMNIST/data/30/7_30_2.wav
23097	7	./AudioMNIST/data/56/7_56_7.wav
23098	3	./AudioMNIST/data/57/3_57_45.wav
23099	1	./AudioMNIST/data/06/1_06_29.wav
23100	3	./AudioMNIST/data/13/3_13_1.wav
23101	1	./AudioMNIST/data/27/1_27_20.wav
23102	6	./AudioMNIST/data/17/6_17_32.wav
23103	2	./AudioMNIST/data/58/2_58_16.wav
23104	5	./AudioMNIST/data/12/5_12_30.wav
23105	4	./AudioMNIST/data/38/4_38_11.wav
23106	0	./AudioMNIST/data/30/0_30_16.wav
23107	7	./AudioMNIST/data/36/7_36_21.wav
23108	2	./AudioMNIST/data/20/2_20_35.wav
23109	8	./AudioMNIST/data/11/8_11_4.wav
23110	1	./AudioMNIST/data/19/1_19_12.wav
23111	4	./AudioMNIST/data/43/4_43_11.wav
23112	6	./AudioMNIST/data/53/6_53_20.wav
23113	6	./AudioMNIST/data/15/6_15_4.wav
23114	7	./AudioMNIST/data/45/7_45_21.wav
23115	9	./AudioMNIST/data/31/9_31_39.wav
23116	5	./AudioMNIST/data/58/5_58_3.wav
23117	3	./AudioMNIST/data/43/3_43_45.wav
23118	0	./AudioMNIST/data/23/0_23_11.wav
23119	5	./AudioMNIST/data/41/5_41_21.wav
23120	8	./AudioMNIST/data/47/8_47_16.wav
23121	3	./AudioMNIST/data/43/3_43_20.wav
23122	0	./AudioMNIST/data/03/0_03_45.wav
23123	5	./AudioMNIST/data/12/5_12_31.wav
23124	1	./AudioMNIST/data/56/1_56_7.wav
23125	2	./AudioMNIST/data/38/2_38_40.wav
23126	5	./AudioMNIST/data/59/5_59_43.wav
23127	3	./AudioMNIST/data/36/3_36_31.wav
23128	5	./AudioMNIST/data/39/5_39_18.wav
23129	4	./AudioMNIST/data/08/4_08_42.wav
23130	7	./AudioMNIST/data/14/7_14_48.wav
23131	6	./AudioMNIST/data/37/6_37_14.wav
23132	0	./AudioMNIST/data/32/0_32_7.wav
23133	4	./AudioMNIST/data/46/4_46_45.wav
23134	7	./AudioMNIST/data/24/7_24_30.wav
23135	3	./AudioMNIST/data/04/3_04_23.wav
23136	7	./AudioMNIST/data/31/7_31_38.wav
23137	6	./AudioMNIST/data/05/6_05_2.wav
23138	3	./AudioMNIST/data/46/3_46_37.wav
23139	9	./AudioMNIST/data/29/9_29_24.wav
23140	1	./AudioMNIST/data/51/1_51_6.wav
23141	2	./AudioMNIST/data/30/2_30_5.wav
23142	5	./AudioMNIST/data/14/5_14_39.wav
23143	1	./AudioMNIST/data/42/1_42_38.wav
23144	8	./AudioMNIST/data/37/8_37_2.wav
23145	5	./AudioMNIST/data/36/5_36_49.wav
23146	1	./AudioMNIST/data/39/1_39_0.wav
23147	8	./AudioMNIST/data/08/8_08_1.wav
23148	0	./AudioMNIST/data/11/0_11_6.wav
23149	6	./AudioMNIST/data/18/6_18_6.wav
23150	1	./AudioMNIST/data/43/1_43_14.wav
23151	1	./AudioMNIST/data/48/1_48_4.wav
23152	0	./AudioMNIST/data/39/0_39_43.wav
23153	5	./AudioMNIST/data/02/5_02_0.wav
23154	8	./AudioMNIST/data/54/8_54_15.wav
23155	7	./AudioMNIST/data/17/7_17_20.wav
23156	1	./AudioMNIST/data/44/1_44_1.wav
23157	7	./AudioMNIST/data/58/7_58_38.wav
23158	4	./AudioMNIST/data/32/4_32_18.wav
23159	1	./AudioMNIST/data/46/1_46_44.wav
23160	4	./AudioMNIST/data/44/4_44_42.wav
23161	8	./AudioMNIST/data/44/8_44_43.wav
23162	4	./AudioMNIST/data/40/4_40_19.wav
23163	9	./AudioMNIST/data/30/9_30_48.wav
23164	3	./AudioMNIST/data/39/3_39_14.wav
23165	3	./AudioMNIST/data/23/3_23_9.wav
23166	2	./AudioMNIST/data/55/2_55_24.wav
23167	3	./AudioMNIST/data/03/3_03_40.wav
23168	6	./AudioMNIST/data/37/6_37_16.wav
23169	0	./AudioMNIST/data/32/0_32_48.wav
23170	6	./AudioMNIST/data/47/6_47_32.wav
23171	2	./AudioMNIST/data/20/2_20_29.wav
23172	7	./AudioMNIST/data/19/7_19_20.wav
23173	9	./AudioMNIST/data/43/9_43_15.wav
23174	2	./AudioMNIST/data/33/2_33_34.wav
23175	6	./AudioMNIST/data/53/6_53_47.wav
23176	6	./AudioMNIST/data/29/6_29_19.wav
23177	1	./AudioMNIST/data/60/1_60_19.wav
23178	5	./AudioMNIST/data/05/5_05_33.wav
23179	4	./AudioMNIST/data/42/4_42_10.wav
23180	5	./AudioMNIST/data/32/5_32_36.wav
23181	6	./AudioMNIST/data/30/6_30_29.wav
23182	9	./AudioMNIST/data/05/9_05_45.wav
23183	7	./AudioMNIST/data/23/7_23_29.wav
23184	4	./AudioMNIST/data/33/4_33_19.wav
23185	8	./AudioMNIST/data/16/8_16_23.wav
23186	3	./AudioMNIST/data/50/3_50_13.wav
23187	1	./AudioMNIST/data/46/1_46_10.wav
23188	9	./AudioMNIST/data/22/9_22_10.wav
23189	1	./AudioMNIST/data/17/1_17_21.wav
23190	9	./AudioMNIST/data/49/9_49_31.wav
23191	4	./AudioMNIST/data/57/4_57_31.wav
23192	5	./AudioMNIST/data/54/5_54_48.wav
23193	5	./AudioMNIST/data/45/5_45_13.wav
23194	7	./AudioMNIST/data/46/7_46_4.wav
23195	6	./AudioMNIST/data/54/6_54_19.wav
23196	3	./AudioMNIST/data/30/3_30_48.wav
23197	5	./AudioMNIST/data/23/5_23_0.wav
23198	7	./AudioMNIST/data/07/7_07_29.wav
23199	7	./AudioMNIST/data/17/7_17_17.wav
23200	1	./AudioMNIST/data/23/1_23_15.wav
23201	9	./AudioMNIST/data/45/9_45_1.wav
23202	7	./AudioMNIST/data/33/7_33_48.wav
23203	2	./AudioMNIST/data/53/2_53_16.wav
23204	4	./AudioMNIST/data/23/4_23_46.wav
23205	2	./AudioMNIST/data/02/2_02_7.wav
23206	9	./AudioMNIST/data/05/9_05_17.wav
23207	9	./AudioMNIST/data/01/9_01_5.wav
23208	0	./AudioMNIST/data/28/0_28_43.wav
23209	4	./AudioMNIST/data/07/4_07_49.wav
23210	0	./AudioMNIST/data/04/0_04_13.wav
23211	8	./AudioMNIST/data/21/8_21_7.wav
23212	7	./AudioMNIST/data/37/7_37_44.wav
23213	5	./AudioMNIST/data/46/5_46_8.wav
23214	4	./AudioMNIST/data/57/4_57_5.wav
23215	7	./AudioMNIST/data/15/7_15_7.wav
23216	4	./AudioMNIST/data/05/4_05_14.wav
23217	2	./AudioMNIST/data/55/2_55_27.wav
23218	1	./AudioMNIST/data/24/1_24_25.wav
23219	2	./AudioMNIST/data/33/2_33_22.wav
23220	5	./AudioMNIST/data/55/5_55_35.wav
23221	3	./AudioMNIST/data/51/3_51_34.wav
23222	2	./AudioMNIST/data/54/2_54_39.wav
23223	9	./AudioMNIST/data/42/9_42_23.wav
23224	6	./AudioMNIST/data/32/6_32_37.wav
23225	2	./AudioMNIST/data/39/2_39_21.wav
23226	7	./AudioMNIST/data/49/7_49_17.wav
23227	1	./AudioMNIST/data/50/1_50_48.wav
23228	4	./AudioMNIST/data/03/4_03_23.wav
23229	8	./AudioMNIST/data/59/8_59_0.wav
23230	2	./AudioMNIST/data/30/2_30_26.wav
23231	4	./AudioMNIST/data/23/4_23_19.wav
23232	1	./AudioMNIST/data/19/1_19_36.wav
23233	0	./AudioMNIST/data/21/0_21_44.wav
23234	5	./AudioMNIST/data/22/5_22_4.wav
23235	3	./AudioMNIST/data/26/3_26_44.wav
23236	2	./AudioMNIST/data/44/2_44_14.wav
23237	1	./AudioMNIST/data/18/1_18_37.wav
23238	4	./AudioMNIST/data/20/4_20_23.wav
23239	5	./AudioMNIST/data/31/5_31_31.wav
23240	5	./AudioMNIST/data/41/5_41_39.wav
23241	5	./AudioMNIST/data/19/5_19_7.wav
23242	1	./AudioMNIST/data/33/1_33_46.wav
23243	9	./AudioMNIST/data/43/9_43_6.wav
23244	2	./AudioMNIST/data/33/2_33_27.wav
23245	9	./AudioMNIST/data/40/9_40_46.wav
23246	4	./AudioMNIST/data/46/4_46_35.wav
23247	9	./AudioMNIST/data/01/9_01_11.wav
23248	6	./AudioMNIST/data/03/6_03_37.wav
23249	1	./AudioMNIST/data/45/1_45_30.wav
23250	7	./AudioMNIST/data/26/7_26_39.wav
23251	4	./AudioMNIST/data/33/4_33_11.wav
23252	6	./AudioMNIST/data/47/6_47_16.wav
23253	6	./AudioMNIST/data/12/6_12_49.wav
23254	0	./AudioMNIST/data/12/0_12_7.wav
23255	4	./AudioMNIST/data/01/4_01_35.wav
23256	6	./AudioMNIST/data/16/6_16_17.wav
23257	1	./AudioMNIST/data/29/1_29_26.wav
23258	6	./AudioMNIST/data/26/6_26_38.wav
23259	9	./AudioMNIST/data/57/9_57_40.wav
23260	1	./AudioMNIST/data/07/1_07_41.wav
23261	4	./AudioMNIST/data/55/4_55_36.wav
23262	0	./AudioMNIST/data/39/0_39_41.wav
23263	2	./AudioMNIST/data/14/2_14_42.wav
23264	2	./AudioMNIST/data/15/2_15_8.wav
23265	2	./AudioMNIST/data/14/2_14_2.wav
23266	1	./AudioMNIST/data/13/1_13_7.wav
23267	2	./AudioMNIST/data/05/2_05_30.wav
23268	8	./AudioMNIST/data/31/8_31_6.wav
23269	4	./AudioMNIST/data/48/4_48_18.wav
23270	3	./AudioMNIST/data/02/3_02_21.wav
23271	5	./AudioMNIST/data/60/5_60_36.wav
23272	0	./AudioMNIST/data/20/0_20_25.wav
23273	6	./AudioMNIST/data/15/6_15_42.wav
23274	8	./AudioMNIST/data/45/8_45_10.wav
23275	8	./AudioMNIST/data/52/8_52_20.wav
23276	3	./AudioMNIST/data/18/3_18_20.wav
23277	7	./AudioMNIST/data/31/7_31_26.wav
23278	4	./AudioMNIST/data/59/4_59_21.wav
23279	2	./AudioMNIST/data/47/2_47_30.wav
23280	1	./AudioMNIST/data/37/1_37_45.wav
23281	2	./AudioMNIST/data/40/2_40_49.wav
23282	5	./AudioMNIST/data/49/5_49_25.wav
23283	8	./AudioMNIST/data/46/8_46_49.wav
23284	9	./AudioMNIST/data/25/9_25_48.wav
23285	9	./AudioMNIST/data/55/9_55_5.wav
23286	5	./AudioMNIST/data/20/5_20_26.wav
23287	9	./AudioMNIST/data/07/9_07_14.wav
23288	1	./AudioMNIST/data/02/1_02_35.wav
23289	8	./AudioMNIST/data/01/8_01_3.wav
23290	1	./AudioMNIST/data/53/1_53_17.wav
23291	7	./AudioMNIST/data/42/7_42_6.wav
23292	4	./AudioMNIST/data/46/4_46_31.wav
23293	4	./AudioMNIST/data/07/4_07_32.wav
23294	1	./AudioMNIST/data/25/1_25_16.wav
23295	3	./AudioMNIST/data/43/3_43_15.wav
23296	5	./AudioMNIST/data/53/5_53_29.wav
23297	5	./AudioMNIST/data/44/5_44_4.wav
23298	1	./AudioMNIST/data/59/1_59_11.wav
23299	0	./AudioMNIST/data/05/0_05_25.wav
23300	1	./AudioMNIST/data/14/1_14_22.wav
23301	5	./AudioMNIST/data/27/5_27_48.wav
23302	5	./AudioMNIST/data/29/5_29_14.wav
23303	4	./AudioMNIST/data/21/4_21_22.wav
23304	9	./AudioMNIST/data/47/9_47_33.wav
23305	2	./AudioMNIST/data/24/2_24_9.wav
23306	0	./AudioMNIST/data/39/0_39_5.wav
23307	2	./AudioMNIST/data/25/2_25_28.wav
23308	1	./AudioMNIST/data/06/1_06_4.wav
23309	4	./AudioMNIST/data/23/4_23_14.wav
23310	7	./AudioMNIST/data/17/7_17_42.wav
23311	2	./AudioMNIST/data/06/2_06_6.wav
23312	4	./AudioMNIST/data/34/4_34_3.wav
23313	9	./AudioMNIST/data/59/9_59_23.wav
23314	0	./AudioMNIST/data/43/0_43_2.wav
23315	7	./AudioMNIST/data/54/7_54_42.wav
23316	0	./AudioMNIST/data/18/0_18_28.wav
23317	3	./AudioMNIST/data/09/3_09_43.wav
23318	8	./AudioMNIST/data/24/8_24_9.wav
23319	9	./AudioMNIST/data/42/9_42_21.wav
23320	8	./AudioMNIST/data/53/8_53_22.wav
23321	7	./AudioMNIST/data/54/7_54_22.wav
23322	3	./AudioMNIST/data/36/3_36_22.wav
23323	7	./AudioMNIST/data/15/7_15_14.wav
23324	9	./AudioMNIST/data/30/9_30_47.wav
23325	3	./AudioMNIST/data/29/3_29_11.wav
23326	6	./AudioMNIST/data/18/6_18_4.wav
23327	0	./AudioMNIST/data/03/0_03_2.wav
23328	5	./AudioMNIST/data/36/5_36_43.wav
23329	2	./AudioMNIST/data/57/2_57_19.wav
23330	4	./AudioMNIST/data/24/4_24_36.wav
23331	6	./AudioMNIST/data/10/6_10_6.wav
23332	7	./AudioMNIST/data/49/7_49_45.wav
23333	6	./AudioMNIST/data/31/6_31_29.wav
23334	0	./AudioMNIST/data/46/0_46_43.wav
23335	8	./AudioMNIST/data/28/8_28_11.wav
23336	6	./AudioMNIST/data/15/6_15_11.wav
23337	2	./AudioMNIST/data/24/2_24_10.wav
23338	3	./AudioMNIST/data/20/3_20_3.wav
23339	5	./AudioMNIST/data/52/5_52_44.wav
23340	5	./AudioMNIST/data/10/5_10_3.wav
23341	5	./AudioMNIST/data/07/5_07_26.wav
23342	3	./AudioMNIST/data/07/3_07_45.wav
23343	0	./AudioMNIST/data/60/0_60_36.wav
23344	3	./AudioMNIST/data/05/3_05_29.wav
23345	7	./AudioMNIST/data/05/7_05_38.wav
23346	3	./AudioMNIST/data/13/3_13_14.wav
23347	5	./AudioMNIST/data/52/5_52_8.wav
23348	0	./AudioMNIST/data/51/0_51_28.wav
23349	4	./AudioMNIST/data/44/4_44_47.wav
23350	1	./AudioMNIST/data/30/1_30_28.wav
23351	9	./AudioMNIST/data/24/9_24_19.wav
23352	9	./AudioMNIST/data/43/9_43_1.wav
23353	6	./AudioMNIST/data/10/6_10_28.wav
23354	7	./AudioMNIST/data/08/7_08_41.wav
23355	4	./AudioMNIST/data/07/4_07_5.wav
23356	6	./AudioMNIST/data/36/6_36_41.wav
23357	4	./AudioMNIST/data/47/4_47_27.wav
23358	0	./AudioMNIST/data/54/0_54_13.wav
23359	9	./AudioMNIST/data/20/9_20_35.wav
23360	7	./AudioMNIST/data/21/7_21_22.wav
23361	1	./AudioMNIST/data/49/1_49_16.wav
23362	0	./AudioMNIST/data/24/0_24_40.wav
23363	3	./AudioMNIST/data/42/3_42_41.wav
23364	9	./AudioMNIST/data/40/9_40_43.wav
23365	5	./AudioMNIST/data/14/5_14_37.wav
23366	5	./AudioMNIST/data/08/5_08_23.wav
23367	1	./AudioMNIST/data/58/1_58_44.wav
23368	9	./AudioMNIST/data/04/9_04_13.wav
23369	2	./AudioMNIST/data/22/2_22_43.wav
23370	4	./AudioMNIST/data/19/4_19_43.wav
23371	2	./AudioMNIST/data/19/2_19_33.wav
23372	2	./AudioMNIST/data/05/2_05_49.wav
23373	7	./AudioMNIST/data/44/7_44_26.wav
23374	9	./AudioMNIST/data/46/9_46_38.wav
23375	2	./AudioMNIST/data/23/2_23_4.wav
23376	8	./AudioMNIST/data/31/8_31_19.wav
23377	6	./AudioMNIST/data/14/6_14_3.wav
23378	4	./AudioMNIST/data/41/4_41_33.wav
23379	1	./AudioMNIST/data/45/1_45_10.wav
23380	1	./AudioMNIST/data/60/1_60_17.wav
23381	0	./AudioMNIST/data/01/0_01_6.wav
23382	5	./AudioMNIST/data/06/5_06_6.wav
23383	8	./AudioMNIST/data/25/8_25_10.wav
23384	6	./AudioMNIST/data/05/6_05_46.wav
23385	2	./AudioMNIST/data/24/2_24_44.wav
23386	8	./AudioMNIST/data/11/8_11_19.wav
23387	0	./AudioMNIST/data/38/0_38_46.wav
23388	3	./AudioMNIST/data/36/3_36_34.wav
23389	8	./AudioMNIST/data/19/8_19_24.wav
23390	6	./AudioMNIST/data/37/6_37_10.wav
23391	8	./AudioMNIST/data/10/8_10_25.wav
23392	7	./AudioMNIST/data/02/7_02_31.wav
23393	1	./AudioMNIST/data/42/1_42_26.wav
23394	5	./AudioMNIST/data/06/5_06_17.wav
23395	8	./AudioMNIST/data/23/8_23_32.wav
23396	1	./AudioMNIST/data/57/1_57_18.wav
23397	4	./AudioMNIST/data/27/4_27_17.wav
23398	6	./AudioMNIST/data/02/6_02_40.wav
23399	7	./AudioMNIST/data/07/7_07_3.wav
23400	4	./AudioMNIST/data/10/4_10_24.wav
23401	7	./AudioMNIST/data/02/7_02_5.wav
23402	6	./AudioMNIST/data/47/6_47_0.wav
23403	0	./AudioMNIST/data/37/0_37_13.wav
23404	0	./AudioMNIST/data/23/0_23_3.wav
23405	9	./AudioMNIST/data/26/9_26_34.wav
23406	7	./AudioMNIST/data/28/7_28_46.wav
23407	3	./AudioMNIST/data/09/3_09_48.wav
23408	6	./AudioMNIST/data/57/6_57_19.wav
23409	2	./AudioMNIST/data/32/2_32_32.wav
23410	4	./AudioMNIST/data/07/4_07_38.wav
23411	3	./AudioMNIST/data/46/3_46_43.wav
23412	4	./AudioMNIST/data/56/4_56_38.wav
23413	1	./AudioMNIST/data/20/1_20_15.wav
23414	5	./AudioMNIST/data/52/5_52_0.wav
23415	7	./AudioMNIST/data/58/7_58_28.wav
23416	4	./AudioMNIST/data/01/4_01_25.wav
23417	2	./AudioMNIST/data/23/2_23_22.wav
23418	5	./AudioMNIST/data/18/5_18_29.wav
23419	5	./AudioMNIST/data/19/5_19_33.wav
23420	4	./AudioMNIST/data/46/4_46_1.wav
23421	6	./AudioMNIST/data/26/6_26_31.wav
23422	9	./AudioMNIST/data/09/9_09_25.wav
23423	7	./AudioMNIST/data/29/7_29_25.wav
23424	0	./AudioMNIST/data/45/0_45_10.wav
23425	8	./AudioMNIST/data/29/8_29_7.wav
23426	0	./AudioMNIST/data/26/0_26_6.wav
23427	7	./AudioMNIST/data/57/7_57_29.wav
23428	0	./AudioMNIST/data/18/0_18_8.wav
23429	0	./AudioMNIST/data/41/0_41_36.wav
23430	2	./AudioMNIST/data/43/2_43_45.wav
23431	6	./AudioMNIST/data/55/6_55_6.wav
23432	6	./AudioMNIST/data/16/6_16_20.wav
23433	4	./AudioMNIST/data/25/4_25_36.wav
23434	7	./AudioMNIST/data/55/7_55_4.wav
23435	2	./AudioMNIST/data/47/2_47_14.wav
23436	0	./AudioMNIST/data/48/0_48_25.wav
23437	1	./AudioMNIST/data/03/1_03_32.wav
23438	1	./AudioMNIST/data/39/1_39_27.wav
23439	7	./AudioMNIST/data/34/7_34_9.wav
23440	5	./AudioMNIST/data/07/5_07_21.wav
23441	8	./AudioMNIST/data/29/8_29_6.wav
23442	9	./AudioMNIST/data/38/9_38_3.wav
23443	3	./AudioMNIST/data/17/3_17_12.wav
23444	7	./AudioMNIST/data/02/7_02_33.wav
23445	9	./AudioMNIST/data/54/9_54_35.wav
23446	6	./AudioMNIST/data/50/6_50_44.wav
23447	7	./AudioMNIST/data/10/7_10_15.wav
23448	2	./AudioMNIST/data/05/2_05_6.wav
23449	7	./AudioMNIST/data/53/7_53_44.wav
23450	6	./AudioMNIST/data/27/6_27_5.wav
23451	7	./AudioMNIST/data/05/7_05_21.wav
23452	1	./AudioMNIST/data/54/1_54_3.wav
23453	0	./AudioMNIST/data/58/0_58_44.wav
23454	5	./AudioMNIST/data/12/5_12_40.wav
23455	6	./AudioMNIST/data/23/6_23_3.wav
23456	3	./AudioMNIST/data/10/3_10_27.wav
23457	8	./AudioMNIST/data/06/8_06_6.wav
23458	2	./AudioMNIST/data/25/2_25_41.wav
23459	6	./AudioMNIST/data/03/6_03_26.wav
23460	6	./AudioMNIST/data/34/6_34_18.wav
23461	7	./AudioMNIST/data/54/7_54_6.wav
23462	3	./AudioMNIST/data/08/3_08_23.wav
23463	4	./AudioMNIST/data/36/4_36_43.wav
23464	9	./AudioMNIST/data/45/9_45_2.wav
23465	9	./AudioMNIST/data/12/9_12_14.wav
23466	4	./AudioMNIST/data/13/4_13_17.wav
23467	9	./AudioMNIST/data/17/9_17_17.wav
23468	3	./AudioMNIST/data/47/3_47_0.wav
23469	6	./AudioMNIST/data/54/6_54_33.wav
23470	7	./AudioMNIST/data/09/7_09_17.wav
23471	0	./AudioMNIST/data/38/0_38_8.wav
23472	3	./AudioMNIST/data/44/3_44_43.wav
23473	1	./AudioMNIST/data/15/1_15_14.wav
23474	7	./AudioMNIST/data/45/7_45_33.wav
23475	4	./AudioMNIST/data/50/4_50_10.wav
23476	4	./AudioMNIST/data/48/4_48_2.wav
23477	3	./AudioMNIST/data/35/3_35_25.wav
23478	5	./AudioMNIST/data/53/5_53_39.wav
23479	6	./AudioMNIST/data/11/6_11_15.wav
23480	9	./AudioMNIST/data/25/9_25_10.wav
23481	8	./AudioMNIST/data/05/8_05_24.wav
23482	5	./AudioMNIST/data/36/5_36_37.wav
23483	7	./AudioMNIST/data/54/7_54_45.wav
23484	8	./AudioMNIST/data/49/8_49_22.wav
23485	3	./AudioMNIST/data/24/3_24_22.wav
23486	5	./AudioMNIST/data/18/5_18_20.wav
23487	9	./AudioMNIST/data/41/9_41_38.wav
23488	9	./AudioMNIST/data/23/9_23_8.wav
23489	2	./AudioMNIST/data/24/2_24_6.wav
23490	7	./AudioMNIST/data/34/7_34_23.wav
23491	0	./AudioMNIST/data/32/0_32_15.wav
23492	0	./AudioMNIST/data/49/0_49_24.wav
23493	1	./AudioMNIST/data/11/1_11_45.wav
23494	5	./AudioMNIST/data/28/5_28_36.wav
23495	5	./AudioMNIST/data/17/5_17_2.wav
23496	9	./AudioMNIST/data/11/9_11_12.wav
23497	7	./AudioMNIST/data/17/7_17_43.wav
23498	8	./AudioMNIST/data/51/8_51_3.wav
23499	3	./AudioMNIST/data/15/3_15_34.wav
23500	0	./AudioMNIST/data/05/0_05_32.wav
23501	0	./AudioMNIST/data/19/0_19_16.wav
23502	8	./AudioMNIST/data/50/8_50_24.wav
23503	7	./AudioMNIST/data/47/7_47_39.wav
23504	9	./AudioMNIST/data/19/9_19_15.wav
23505	2	./AudioMNIST/data/60/2_60_9.wav
23506	5	./AudioMNIST/data/46/5_46_46.wav
23507	0	./AudioMNIST/data/03/0_03_49.wav
23508	0	./AudioMNIST/data/10/0_10_26.wav
23509	4	./AudioMNIST/data/10/4_10_41.wav
23510	1	./AudioMNIST/data/53/1_53_44.wav
23511	9	./AudioMNIST/data/39/9_39_33.wav
23512	1	./AudioMNIST/data/58/1_58_18.wav
23513	8	./AudioMNIST/data/57/8_57_17.wav
23514	4	./AudioMNIST/data/30/4_30_35.wav
23515	0	./AudioMNIST/data/14/0_14_18.wav
23516	4	./AudioMNIST/data/53/4_53_48.wav
23517	4	./AudioMNIST/data/34/4_34_11.wav
23518	0	./AudioMNIST/data/43/0_43_3.wav
23519	6	./AudioMNIST/data/58/6_58_16.wav
23520	4	./AudioMNIST/data/24/4_24_14.wav
23521	0	./AudioMNIST/data/37/0_37_22.wav
23522	6	./AudioMNIST/data/19/6_19_34.wav
23523	3	./AudioMNIST/data/55/3_55_6.wav
23524	2	./AudioMNIST/data/58/2_58_29.wav
23525	0	./AudioMNIST/data/20/0_20_40.wav
23526	6	./AudioMNIST/data/56/6_56_38.wav
23527	2	./AudioMNIST/data/33/2_33_41.wav
23528	8	./AudioMNIST/data/33/8_33_32.wav
23529	0	./AudioMNIST/data/33/0_33_32.wav
23530	7	./AudioMNIST/data/25/7_25_21.wav
23531	2	./AudioMNIST/data/28/2_28_34.wav
23532	9	./AudioMNIST/data/01/9_01_33.wav
23533	4	./AudioMNIST/data/16/4_16_12.wav
23534	6	./AudioMNIST/data/52/6_52_48.wav
23535	1	./AudioMNIST/data/57/1_57_6.wav
23536	3	./AudioMNIST/data/19/3_19_10.wav
23537	6	./AudioMNIST/data/40/6_40_8.wav
23538	2	./AudioMNIST/data/36/2_36_41.wav
23539	0	./AudioMNIST/data/50/0_50_36.wav
23540	4	./AudioMNIST/data/24/4_24_12.wav
23541	0	./AudioMNIST/data/53/0_53_6.wav
23542	6	./AudioMNIST/data/34/6_34_17.wav
23543	3	./AudioMNIST/data/55/3_55_9.wav
23544	9	./AudioMNIST/data/23/9_23_3.wav
23545	7	./AudioMNIST/data/21/7_21_11.wav
23546	7	./AudioMNIST/data/04/7_04_41.wav
23547	5	./AudioMNIST/data/40/5_40_18.wav
23548	2	./AudioMNIST/data/42/2_42_13.wav
23549	3	./AudioMNIST/data/18/3_18_48.wav
23550	7	./AudioMNIST/data/58/7_58_25.wav
23551	7	./AudioMNIST/data/29/7_29_23.wav
23552	1	./AudioMNIST/data/55/1_55_24.wav
23553	5	./AudioMNIST/data/28/5_28_38.wav
23554	2	./AudioMNIST/data/48/2_48_12.wav
23555	1	./AudioMNIST/data/08/1_08_28.wav
23556	9	./AudioMNIST/data/43/9_43_12.wav
23557	3	./AudioMNIST/data/16/3_16_3.wav
23558	3	./AudioMNIST/data/04/3_04_0.wav
23559	2	./AudioMNIST/data/29/2_29_8.wav
23560	5	./AudioMNIST/data/40/5_40_34.wav
23561	8	./AudioMNIST/data/47/8_47_5.wav
23562	3	./AudioMNIST/data/31/3_31_47.wav
23563	1	./AudioMNIST/data/12/1_12_29.wav
23564	0	./AudioMNIST/data/15/0_15_33.wav
23565	2	./AudioMNIST/data/50/2_50_45.wav
23566	6	./AudioMNIST/data/20/6_20_22.wav
23567	2	./AudioMNIST/data/24/2_24_18.wav
23568	1	./AudioMNIST/data/54/1_54_14.wav
23569	7	./AudioMNIST/data/42/7_42_14.wav
23570	0	./AudioMNIST/data/51/0_51_16.wav
23571	1	./AudioMNIST/data/20/1_20_33.wav
23572	5	./AudioMNIST/data/26/5_26_41.wav
23573	7	./AudioMNIST/data/27/7_27_27.wav
23574	6	./AudioMNIST/data/07/6_07_25.wav
23575	2	./AudioMNIST/data/22/2_22_0.wav
23576	4	./AudioMNIST/data/51/4_51_41.wav
23577	7	./AudioMNIST/data/12/7_12_4.wav
23578	9	./AudioMNIST/data/06/9_06_42.wav
23579	9	./AudioMNIST/data/12/9_12_15.wav
23580	9	./AudioMNIST/data/59/9_59_17.wav
23581	4	./AudioMNIST/data/44/4_44_1.wav
23582	4	./AudioMNIST/data/07/4_07_20.wav
23583	2	./AudioMNIST/data/57/2_57_8.wav
23584	3	./AudioMNIST/data/48/3_48_13.wav
23585	6	./AudioMNIST/data/18/6_18_30.wav
23586	9	./AudioMNIST/data/48/9_48_47.wav
23587	1	./AudioMNIST/data/32/1_32_1.wav
23588	7	./AudioMNIST/data/40/7_40_36.wav
23589	6	./AudioMNIST/data/45/6_45_1.wav
23590	1	./AudioMNIST/data/59/1_59_6.wav
23591	9	./AudioMNIST/data/40/9_40_4.wav
23592	7	./AudioMNIST/data/15/7_15_48.wav
23593	5	./AudioMNIST/data/53/5_53_16.wav
23594	2	./AudioMNIST/data/28/2_28_26.wav
23595	3	./AudioMNIST/data/41/3_41_20.wav
23596	2	./AudioMNIST/data/48/2_48_41.wav
23597	0	./AudioMNIST/data/08/0_08_28.wav
23598	1	./AudioMNIST/data/45/1_45_2.wav
23599	0	./AudioMNIST/data/21/0_21_0.wav
23600	8	./AudioMNIST/data/13/8_13_20.wav
23601	1	./AudioMNIST/data/47/1_47_10.wav
23602	6	./AudioMNIST/data/49/6_49_12.wav
23603	2	./AudioMNIST/data/41/2_41_40.wav
23604	0	./AudioMNIST/data/26/0_26_31.wav
23605	9	./AudioMNIST/data/56/9_56_46.wav
23606	8	./AudioMNIST/data/36/8_36_46.wav
23607	8	./AudioMNIST/data/35/8_35_34.wav
23608	6	./AudioMNIST/data/60/6_60_33.wav
23609	2	./AudioMNIST/data/40/2_40_13.wav
23610	5	./AudioMNIST/data/49/5_49_34.wav
23611	9	./AudioMNIST/data/26/9_26_33.wav
23612	2	./AudioMNIST/data/10/2_10_25.wav
23613	0	./AudioMNIST/data/39/0_39_24.wav
23614	7	./AudioMNIST/data/18/7_18_46.wav
23615	0	./AudioMNIST/data/02/0_02_20.wav
23616	1	./AudioMNIST/data/57/1_57_12.wav
23617	6	./AudioMNIST/data/25/6_25_11.wav
23618	2	./AudioMNIST/data/08/2_08_8.wav
23619	3	./AudioMNIST/data/23/3_23_34.wav
23620	2	./AudioMNIST/data/03/2_03_20.wav
23621	5	./AudioMNIST/data/07/5_07_3.wav
23622	7	./AudioMNIST/data/13/7_13_22.wav
23623	3	./AudioMNIST/data/57/3_57_15.wav
23624	3	./AudioMNIST/data/47/3_47_13.wav
23625	3	./AudioMNIST/data/16/3_16_9.wav
23626	8	./AudioMNIST/data/58/8_58_34.wav
23627	0	./AudioMNIST/data/12/0_12_2.wav
23628	1	./AudioMNIST/data/27/1_27_27.wav
23629	2	./AudioMNIST/data/48/2_48_2.wav
23630	0	./AudioMNIST/data/53/0_53_33.wav
23631	3	./AudioMNIST/data/04/3_04_22.wav
23632	9	./AudioMNIST/data/57/9_57_25.wav
23633	5	./AudioMNIST/data/17/5_17_36.wav
23634	3	./AudioMNIST/data/07/3_07_13.wav
23635	4	./AudioMNIST/data/23/4_23_1.wav
23636	4	./AudioMNIST/data/24/4_24_41.wav
23637	5	./AudioMNIST/data/19/5_19_47.wav
23638	6	./AudioMNIST/data/37/6_37_25.wav
23639	7	./AudioMNIST/data/59/7_59_49.wav
23640	0	./AudioMNIST/data/46/0_46_33.wav
23641	4	./AudioMNIST/data/30/4_30_42.wav
23642	9	./AudioMNIST/data/13/9_13_2.wav
23643	6	./AudioMNIST/data/28/6_28_44.wav
23644	4	./AudioMNIST/data/46/4_46_13.wav
23645	2	./AudioMNIST/data/11/2_11_20.wav
23646	6	./AudioMNIST/data/36/6_36_16.wav
23647	4	./AudioMNIST/data/51/4_51_11.wav
23648	8	./AudioMNIST/data/27/8_27_1.wav
23649	5	./AudioMNIST/data/15/5_15_7.wav
23650	8	./AudioMNIST/data/38/8_38_49.wav
23651	3	./AudioMNIST/data/27/3_27_2.wav
23652	6	./AudioMNIST/data/22/6_22_26.wav
23653	3	./AudioMNIST/data/34/3_34_14.wav
23654	7	./AudioMNIST/data/48/7_48_12.wav
23655	6	./AudioMNIST/data/46/6_46_5.wav
23656	1	./AudioMNIST/data/58/1_58_33.wav
23657	2	./AudioMNIST/data/54/2_54_48.wav
23658	5	./AudioMNIST/data/34/5_34_14.wav
23659	4	./AudioMNIST/data/39/4_39_43.wav
23660	9	./AudioMNIST/data/20/9_20_38.wav
23661	6	./AudioMNIST/data/20/6_20_13.wav
23662	4	./AudioMNIST/data/10/4_10_3.wav
23663	4	./AudioMNIST/data/37/4_37_49.wav
23664	9	./AudioMNIST/data/49/9_49_10.wav
23665	8	./AudioMNIST/data/10/8_10_12.wav
23666	9	./AudioMNIST/data/54/9_54_13.wav
23667	8	./AudioMNIST/data/31/8_31_9.wav
23668	7	./AudioMNIST/data/44/7_44_1.wav
23669	6	./AudioMNIST/data/12/6_12_2.wav
23670	3	./AudioMNIST/data/42/3_42_31.wav
23671	8	./AudioMNIST/data/43/8_43_24.wav
23672	6	./AudioMNIST/data/18/6_18_8.wav
23673	4	./AudioMNIST/data/41/4_41_31.wav
23674	2	./AudioMNIST/data/51/2_51_25.wav
23675	8	./AudioMNIST/data/02/8_02_3.wav
23676	6	./AudioMNIST/data/36/6_36_35.wav
23677	7	./AudioMNIST/data/22/7_22_48.wav
23678	6	./AudioMNIST/data/15/6_15_0.wav
23679	8	./AudioMNIST/data/32/8_32_36.wav
23680	2	./AudioMNIST/data/52/2_52_23.wav
23681	9	./AudioMNIST/data/30/9_30_49.wav
23682	2	./AudioMNIST/data/24/2_24_35.wav
23683	6	./AudioMNIST/data/29/6_29_17.wav
23684	7	./AudioMNIST/data/49/7_49_31.wav
23685	2	./AudioMNIST/data/05/2_05_39.wav
23686	7	./AudioMNIST/data/29/7_29_49.wav
23687	3	./AudioMNIST/data/22/3_22_38.wav
23688	0	./AudioMNIST/data/05/0_05_5.wav
23689	1	./AudioMNIST/data/36/1_36_5.wav
23690	3	./AudioMNIST/data/45/3_45_44.wav
23691	7	./AudioMNIST/data/02/7_02_16.wav
23692	2	./AudioMNIST/data/49/2_49_7.wav
23693	7	./AudioMNIST/data/60/7_60_10.wav
23694	0	./AudioMNIST/data/21/0_21_5.wav
23695	4	./AudioMNIST/data/07/4_07_16.wav
23696	3	./AudioMNIST/data/02/3_02_43.wav
23697	3	./AudioMNIST/data/44/3_44_27.wav
23698	9	./AudioMNIST/data/60/9_60_16.wav
23699	1	./AudioMNIST/data/54/1_54_30.wav
23700	1	./AudioMNIST/data/38/1_38_44.wav
23701	5	./AudioMNIST/data/30/5_30_19.wav
23702	2	./AudioMNIST/data/51/2_51_0.wav
23703	5	./AudioMNIST/data/13/5_13_34.wav
23704	0	./AudioMNIST/data/33/0_33_47.wav
23705	8	./AudioMNIST/data/21/8_21_40.wav
23706	9	./AudioMNIST/data/35/9_35_31.wav
23707	5	./AudioMNIST/data/10/5_10_0.wav
23708	7	./AudioMNIST/data/16/7_16_11.wav
23709	6	./AudioMNIST/data/58/6_58_22.wav
23710	7	./AudioMNIST/data/20/7_20_3.wav
23711	8	./AudioMNIST/data/50/8_50_19.wav
23712	2	./AudioMNIST/data/46/2_46_9.wav
23713	8	./AudioMNIST/data/31/8_31_37.wav
23714	8	./AudioMNIST/data/04/8_04_11.wav
23715	7	./AudioMNIST/data/57/7_57_15.wav
23716	2	./AudioMNIST/data/03/2_03_40.wav
23717	5	./AudioMNIST/data/18/5_18_6.wav
23718	1	./AudioMNIST/data/43/1_43_15.wav
23719	5	./AudioMNIST/data/34/5_34_29.wav
23720	6	./AudioMNIST/data/16/6_16_15.wav
23721	3	./AudioMNIST/data/29/3_29_30.wav
23722	4	./AudioMNIST/data/06/4_06_34.wav
23723	6	./AudioMNIST/data/21/6_21_31.wav
23724	2	./AudioMNIST/data/50/2_50_39.wav
23725	8	./AudioMNIST/data/58/8_58_27.wav
23726	8	./AudioMNIST/data/03/8_03_48.wav
23727	0	./AudioMNIST/data/24/0_24_30.wav
23728	2	./AudioMNIST/data/11/2_11_48.wav
23729	6	./AudioMNIST/data/12/6_12_34.wav
23730	5	./AudioMNIST/data/58/5_58_27.wav
23731	0	./AudioMNIST/data/27/0_27_49.wav
23732	6	./AudioMNIST/data/49/6_49_21.wav
23733	0	./AudioMNIST/data/14/0_14_35.wav
23734	6	./AudioMNIST/data/11/6_11_36.wav
23735	1	./AudioMNIST/data/57/1_57_19.wav
23736	0	./AudioMNIST/data/40/0_40_3.wav
23737	5	./AudioMNIST/data/14/5_14_6.wav
23738	0	./AudioMNIST/data/12/0_12_24.wav
23739	4	./AudioMNIST/data/16/4_16_11.wav
23740	2	./AudioMNIST/data/22/2_22_44.wav
23741	3	./AudioMNIST/data/41/3_41_19.wav
23742	6	./AudioMNIST/data/24/6_24_19.wav
23743	4	./AudioMNIST/data/12/4_12_34.wav
23744	6	./AudioMNIST/data/14/6_14_8.wav
23745	8	./AudioMNIST/data/59/8_59_9.wav
23746	6	./AudioMNIST/data/32/6_32_40.wav
23747	5	./AudioMNIST/data/40/5_40_23.wav
23748	4	./AudioMNIST/data/18/4_18_36.wav
23749	6	./AudioMNIST/data/56/6_56_45.wav
23750	9	./AudioMNIST/data/34/9_34_28.wav
23751	2	./AudioMNIST/data/27/2_27_11.wav
23752	4	./AudioMNIST/data/06/4_06_30.wav
23753	3	./AudioMNIST/data/23/3_23_4.wav
23754	4	./AudioMNIST/data/24/4_24_11.wav
23755	0	./AudioMNIST/data/51/0_51_32.wav
23756	6	./AudioMNIST/data/44/6_44_13.wav
23757	5	./AudioMNIST/data/35/5_35_32.wav
23758	8	./AudioMNIST/data/17/8_17_26.wav
23759	4	./AudioMNIST/data/04/4_04_40.wav
23760	4	./AudioMNIST/data/26/4_26_33.wav
23761	3	./AudioMNIST/data/59/3_59_3.wav
23762	6	./AudioMNIST/data/41/6_41_34.wav
23763	7	./AudioMNIST/data/17/7_17_41.wav
23764	3	./AudioMNIST/data/13/3_13_7.wav
23765	7	./AudioMNIST/data/11/7_11_38.wav
23766	5	./AudioMNIST/data/30/5_30_31.wav
23767	9	./AudioMNIST/data/11/9_11_49.wav
23768	5	./AudioMNIST/data/59/5_59_49.wav
23769	5	./AudioMNIST/data/16/5_16_48.wav
23770	7	./AudioMNIST/data/10/7_10_27.wav
23771	2	./AudioMNIST/data/46/2_46_29.wav
23772	7	./AudioMNIST/data/16/7_16_35.wav
23773	2	./AudioMNIST/data/28/2_28_37.wav
23774	7	./AudioMNIST/data/34/7_34_26.wav
23775	9	./AudioMNIST/data/25/9_25_38.wav
23776	3	./AudioMNIST/data/32/3_32_7.wav
23777	1	./AudioMNIST/data/11/1_11_48.wav
23778	6	./AudioMNIST/data/52/6_52_12.wav
23779	8	./AudioMNIST/data/19/8_19_11.wav
23780	7	./AudioMNIST/data/16/7_16_32.wav
23781	2	./AudioMNIST/data/53/2_53_44.wav
23782	0	./AudioMNIST/data/01/0_01_36.wav
23783	8	./AudioMNIST/data/53/8_53_41.wav
23784	6	./AudioMNIST/data/01/6_01_7.wav
23785	4	./AudioMNIST/data/60/4_60_4.wav
23786	6	./AudioMNIST/data/57/6_57_48.wav
23787	2	./AudioMNIST/data/37/2_37_35.wav
23788	1	./AudioMNIST/data/39/1_39_10.wav
23789	4	./AudioMNIST/data/57/4_57_19.wav
23790	5	./AudioMNIST/data/43/5_43_43.wav
23791	7	./AudioMNIST/data/10/7_10_38.wav
23792	3	./AudioMNIST/data/29/3_29_38.wav
23793	9	./AudioMNIST/data/51/9_51_44.wav
23794	1	./AudioMNIST/data/45/1_45_17.wav
23795	9	./AudioMNIST/data/33/9_33_35.wav
23796	9	./AudioMNIST/data/31/9_31_12.wav
23797	4	./AudioMNIST/data/55/4_55_44.wav
23798	5	./AudioMNIST/data/14/5_14_41.wav
23799	3	./AudioMNIST/data/38/3_38_5.wav
23800	6	./AudioMNIST/data/53/6_53_22.wav
23801	1	./AudioMNIST/data/15/1_15_25.wav
23802	7	./AudioMNIST/data/36/7_36_15.wav
23803	2	./AudioMNIST/data/37/2_37_37.wav
23804	6	./AudioMNIST/data/48/6_48_39.wav
23805	6	./AudioMNIST/data/07/6_07_4.wav
23806	2	./AudioMNIST/data/08/2_08_39.wav
23807	4	./AudioMNIST/data/50/4_50_39.wav
23808	0	./AudioMNIST/data/02/0_02_5.wav
23809	6	./AudioMNIST/data/08/6_08_45.wav
23810	3	./AudioMNIST/data/33/3_33_44.wav
23811	1	./AudioMNIST/data/19/1_19_42.wav
23812	7	./AudioMNIST/data/41/7_41_6.wav
23813	5	./AudioMNIST/data/52/5_52_27.wav
23814	3	./AudioMNIST/data/55/3_55_23.wav
23815	9	./AudioMNIST/data/18/9_18_29.wav
23816	4	./AudioMNIST/data/37/4_37_14.wav
23817	4	./AudioMNIST/data/22/4_22_39.wav
23818	2	./AudioMNIST/data/21/2_21_14.wav
23819	6	./AudioMNIST/data/33/6_33_26.wav
23820	2	./AudioMNIST/data/33/2_33_29.wav
23821	1	./AudioMNIST/data/40/1_40_49.wav
23822	3	./AudioMNIST/data/59/3_59_8.wav
23823	9	./AudioMNIST/data/24/9_24_22.wav
23824	5	./AudioMNIST/data/34/5_34_8.wav
23825	9	./AudioMNIST/data/20/9_20_33.wav
23826	3	./AudioMNIST/data/26/3_26_36.wav
23827	1	./AudioMNIST/data/36/1_36_2.wav
23828	4	./AudioMNIST/data/34/4_34_35.wav
23829	0	./AudioMNIST/data/33/0_33_20.wav
23830	7	./AudioMNIST/data/43/7_43_36.wav
23831	8	./AudioMNIST/data/33/8_33_34.wav
23832	3	./AudioMNIST/data/19/3_19_9.wav
23833	0	./AudioMNIST/data/01/0_01_40.wav
23834	0	./AudioMNIST/data/43/0_43_11.wav
23835	5	./AudioMNIST/data/03/5_03_35.wav
23836	6	./AudioMNIST/data/28/6_28_12.wav
23837	5	./AudioMNIST/data/15/5_15_30.wav
23838	2	./AudioMNIST/data/36/2_36_36.wav
23839	4	./AudioMNIST/data/23/4_23_33.wav
23840	8	./AudioMNIST/data/10/8_10_28.wav
23841	7	./AudioMNIST/data/39/7_39_11.wav
23842	3	./AudioMNIST/data/53/3_53_47.wav
23843	4	./AudioMNIST/data/24/4_24_18.wav
23844	5	./AudioMNIST/data/36/5_36_7.wav
23845	1	./AudioMNIST/data/24/1_24_29.wav
23846	8	./AudioMNIST/data/14/8_14_26.wav
23847	9	./AudioMNIST/data/04/9_04_42.wav
23848	8	./AudioMNIST/data/30/8_30_0.wav
23849	1	./AudioMNIST/data/28/1_28_39.wav
23850	5	./AudioMNIST/data/44/5_44_31.wav
23851	4	./AudioMNIST/data/20/4_20_14.wav
23852	8	./AudioMNIST/data/53/8_53_30.wav
23853	0	./AudioMNIST/data/43/0_43_41.wav
23854	1	./AudioMNIST/data/28/1_28_11.wav
23855	1	./AudioMNIST/data/52/1_52_11.wav
23856	1	./AudioMNIST/data/23/1_23_42.wav
23857	7	./AudioMNIST/data/32/7_32_48.wav
23858	8	./AudioMNIST/data/20/8_20_10.wav
23859	0	./AudioMNIST/data/53/0_53_14.wav
23860	8	./AudioMNIST/data/13/8_13_24.wav
23861	1	./AudioMNIST/data/57/1_57_40.wav
23862	7	./AudioMNIST/data/01/7_01_25.wav
23863	9	./AudioMNIST/data/56/9_56_14.wav
23864	2	./AudioMNIST/data/21/2_21_15.wav
23865	2	./AudioMNIST/data/10/2_10_19.wav
23866	4	./AudioMNIST/data/59/4_59_25.wav
23867	1	./AudioMNIST/data/50/1_50_46.wav
23868	9	./AudioMNIST/data/04/9_04_40.wav
23869	1	./AudioMNIST/data/34/1_34_20.wav
23870	6	./AudioMNIST/data/04/6_04_26.wav
23871	0	./AudioMNIST/data/30/0_30_14.wav
23872	3	./AudioMNIST/data/14/3_14_27.wav
23873	8	./AudioMNIST/data/43/8_43_9.wav
23874	2	./AudioMNIST/data/12/2_12_27.wav
23875	0	./AudioMNIST/data/23/0_23_30.wav
23876	0	./AudioMNIST/data/49/0_49_35.wav
23877	9	./AudioMNIST/data/07/9_07_35.wav
23878	8	./AudioMNIST/data/47/8_47_10.wav
23879	8	./AudioMNIST/data/01/8_01_38.wav
23880	7	./AudioMNIST/data/29/7_29_36.wav
23881	6	./AudioMNIST/data/08/6_08_2.wav
23882	8	./AudioMNIST/data/51/8_51_20.wav
23883	3	./AudioMNIST/data/48/3_48_46.wav
23884	6	./AudioMNIST/data/26/6_26_7.wav
23885	5	./AudioMNIST/data/34/5_34_21.wav
23886	1	./AudioMNIST/data/53/1_53_43.wav
23887	3	./AudioMNIST/data/57/3_57_23.wav
23888	0	./AudioMNIST/data/42/0_42_12.wav
23889	1	./AudioMNIST/data/35/1_35_22.wav
23890	0	./AudioMNIST/data/56/0_56_1.wav
23891	2	./AudioMNIST/data/05/2_05_22.wav
23892	8	./AudioMNIST/data/34/8_34_45.wav
23893	7	./AudioMNIST/data/16/7_16_22.wav
23894	6	./AudioMNIST/data/42/6_42_25.wav
23895	7	./AudioMNIST/data/16/7_16_39.wav
23896	2	./AudioMNIST/data/54/2_54_40.wav
23897	1	./AudioMNIST/data/03/1_03_19.wav
23898	5	./AudioMNIST/data/40/5_40_0.wav
23899	8	./AudioMNIST/data/56/8_56_45.wav
23900	7	./AudioMNIST/data/05/7_05_25.wav
23901	3	./AudioMNIST/data/52/3_52_9.wav
23902	5	./AudioMNIST/data/17/5_17_7.wav
23903	2	./AudioMNIST/data/36/2_36_28.wav
23904	2	./AudioMNIST/data/41/2_41_43.wav
23905	4	./AudioMNIST/data/24/4_24_3.wav
23906	8	./AudioMNIST/data/08/8_08_38.wav
23907	3	./AudioMNIST/data/17/3_17_20.wav
23908	1	./AudioMNIST/data/38/1_38_20.wav
23909	6	./AudioMNIST/data/57/6_57_38.wav
23910	3	./AudioMNIST/data/06/3_06_45.wav
23911	9	./AudioMNIST/data/03/9_03_28.wav
23912	4	./AudioMNIST/data/46/4_46_34.wav
23913	1	./AudioMNIST/data/60/1_60_15.wav
23914	1	./AudioMNIST/data/12/1_12_23.wav
23915	0	./AudioMNIST/data/28/0_28_8.wav
23916	7	./AudioMNIST/data/15/7_15_5.wav
23917	9	./AudioMNIST/data/40/9_40_7.wav
23918	0	./AudioMNIST/data/39/0_39_4.wav
23919	9	./AudioMNIST/data/48/9_48_5.wav
23920	1	./AudioMNIST/data/52/1_52_47.wav
23921	5	./AudioMNIST/data/56/5_56_48.wav
23922	4	./AudioMNIST/data/60/4_60_12.wav
23923	0	./AudioMNIST/data/59/0_59_19.wav
23924	3	./AudioMNIST/data/50/3_50_43.wav
23925	9	./AudioMNIST/data/06/9_06_47.wav
23926	2	./AudioMNIST/data/19/2_19_48.wav
23927	4	./AudioMNIST/data/29/4_29_2.wav
23928	0	./AudioMNIST/data/10/0_10_9.wav
23929	9	./AudioMNIST/data/09/9_09_36.wav
23930	5	./AudioMNIST/data/56/5_56_13.wav
23931	1	./AudioMNIST/data/35/1_35_46.wav
23932	3	./AudioMNIST/data/58/3_58_18.wav
23933	4	./AudioMNIST/data/33/4_33_16.wav
23934	9	./AudioMNIST/data/47/9_47_0.wav
23935	5	./AudioMNIST/data/31/5_31_47.wav
23936	8	./AudioMNIST/data/03/8_03_26.wav
23937	9	./AudioMNIST/data/31/9_31_9.wav
23938	5	./AudioMNIST/data/18/5_18_43.wav
23939	0	./AudioMNIST/data/41/0_41_7.wav
23940	3	./AudioMNIST/data/15/3_15_48.wav
23941	1	./AudioMNIST/data/54/1_54_41.wav
23942	6	./AudioMNIST/data/43/6_43_9.wav
23943	1	./AudioMNIST/data/53/1_53_4.wav
23944	9	./AudioMNIST/data/50/9_50_14.wav
23945	2	./AudioMNIST/data/46/2_46_5.wav
23946	4	./AudioMNIST/data/26/4_26_49.wav
23947	6	./AudioMNIST/data/02/6_02_13.wav
23948	2	./AudioMNIST/data/18/2_18_10.wav
23949	9	./AudioMNIST/data/30/9_30_18.wav
23950	0	./AudioMNIST/data/19/0_19_23.wav
23951	6	./AudioMNIST/data/12/6_12_30.wav
23952	4	./AudioMNIST/data/21/4_21_31.wav
23953	8	./AudioMNIST/data/36/8_36_42.wav
23954	3	./AudioMNIST/data/22/3_22_17.wav
23955	7	./AudioMNIST/data/14/7_14_15.wav
23956	1	./AudioMNIST/data/11/1_11_7.wav
23957	3	./AudioMNIST/data/24/3_24_8.wav
23958	2	./AudioMNIST/data/59/2_59_42.wav
23959	1	./AudioMNIST/data/33/1_33_37.wav
23960	7	./AudioMNIST/data/08/7_08_18.wav
23961	1	./AudioMNIST/data/01/1_01_38.wav
23962	1	./AudioMNIST/data/26/1_26_3.wav
23963	7	./AudioMNIST/data/59/7_59_21.wav
23964	2	./AudioMNIST/data/24/2_24_37.wav
23965	8	./AudioMNIST/data/53/8_53_11.wav
23966	7	./AudioMNIST/data/05/7_05_14.wav
23967	2	./AudioMNIST/data/50/2_50_7.wav
23968	5	./AudioMNIST/data/42/5_42_6.wav
23969	0	./AudioMNIST/data/56/0_56_10.wav
23970	5	./AudioMNIST/data/07/5_07_29.wav
23971	1	./AudioMNIST/data/25/1_25_43.wav
23972	9	./AudioMNIST/data/43/9_43_35.wav
23973	0	./AudioMNIST/data/19/0_19_38.wav
23974	1	./AudioMNIST/data/16/1_16_26.wav
23975	8	./AudioMNIST/data/24/8_24_48.wav
23976	6	./AudioMNIST/data/10/6_10_23.wav
23977	1	./AudioMNIST/data/11/1_11_40.wav
23978	1	./AudioMNIST/data/51/1_51_29.wav
23979	4	./AudioMNIST/data/52/4_52_27.wav
23980	9	./AudioMNIST/data/29/9_29_18.wav
23981	9	./AudioMNIST/data/33/9_33_28.wav
23982	5	./AudioMNIST/data/54/5_54_23.wav
23983	4	./AudioMNIST/data/03/4_03_31.wav
23984	7	./AudioMNIST/data/45/7_45_46.wav
23985	2	./AudioMNIST/data/04/2_04_27.wav
23986	6	./AudioMNIST/data/60/6_60_30.wav
23987	5	./AudioMNIST/data/43/5_43_11.wav
23988	8	./AudioMNIST/data/09/8_09_10.wav
23989	3	./AudioMNIST/data/44/3_44_9.wav
23990	1	./AudioMNIST/data/26/1_26_4.wav
23991	8	./AudioMNIST/data/38/8_38_20.wav
23992	8	./AudioMNIST/data/52/8_52_4.wav
23993	1	./AudioMNIST/data/33/1_33_18.wav
23994	5	./AudioMNIST/data/43/5_43_25.wav
23995	7	./AudioMNIST/data/32/7_32_26.wav
23996	7	./AudioMNIST/data/02/7_02_44.wav
23997	1	./AudioMNIST/data/18/1_18_28.wav
23998	6	./AudioMNIST/data/33/6_33_49.wav
23999	2	./AudioMNIST/data/31/2_31_17.wav
