Class	Confidence
0	0.09049542248249054
1	0.09167081862688065
2	0.1103091612458229
3	0.10898055136203766
4	0.09164132177829742
5	0.09040751308202744
6	0.0900881439447403
7	0.11351868510246277
8	0.1135830506682396
9	0.09930527210235596

Best Class	8
Max Confidence	0.1135830506682396
Target Class	8
