Class	Confidence
0	0.08900736272335052
1	0.09194301813840866
2	0.09070399403572083
3	0.08938935399055481
4	0.09133840352296829
5	0.09348227828741074
6	0.08915691077709198
7	0.11926228553056717
8	0.15607167780399323
9	0.08964474499225616

Best Class	8
Max Confidence	0.15607167780399323
Target Class	8
